#
# There is insufficient memory for the Java Runtime Environment to continue.
# Native memory allocation (malloc) failed to allocate 677296 bytes for Chunk::new
# Possible reasons:
#   The system is out of physical RAM or swap space
#   The process is running with CompressedOops enabled, and the Java Heap may be blocking the growth of the native heap
# Possible solutions:
#   Reduce memory load on the system
#   Increase physical memory or swap space
#   Check if swap backing store is full
#   Decrease Java heap size (-Xmx/-Xms)
#   Decrease number of Java threads
#   Decrease Java thread stack sizes (-Xss)
#   Set larger code cache with -XX:ReservedCodeCacheSize=
#   JVM is running with Unscaled Compressed Oops mode in which the Java heap is
#     placed in the first 4GB address space. The Java Heap base address is the
#     maximum limit for the native heap growth. Please use -XX:HeapBaseMinAddress
#     to set the Java Heap base and to place the Java Heap above 4GB virtual address.
# This output file may be truncated or incomplete.
#
#  Out of Memory Error (arena.cpp:191), pid=13856, tid=5000
#
# JRE version: OpenJDK Runtime Environment (17.0.9) (build 17.0.9+0--11185874)
# Java VM: OpenJDK 64-Bit Server VM (17.0.9+0--11185874, mixed mode, tiered, compressed oops, compressed class ptrs, g1 gc, windows-amd64)
# No core dump will be written. Minidumps are not enabled by default on client versions of Windows
#

---------------  S U M M A R Y ------------

Command Line: --add-opens=java.base/java.util=ALL-UNNAMED --add-opens=java.base/java.lang=ALL-UNNAMED --add-opens=java.base/java.lang.invoke=ALL-UNNAMED --add-opens=java.prefs/java.util.prefs=ALL-UNNAMED --add-opens=java.base/java.nio.charset=ALL-UNNAMED --add-opens=java.base/java.net=ALL-UNNAMED --add-opens=java.base/java.util.concurrent.atomic=ALL-UNNAMED -Xmx2048m -Dfile.encoding=UTF-8 -Duser.country=US -Duser.language=en -Duser.variant -javaagent:C:\Users\acer\.gradle\wrapper\dists\gradle-8.4-bin\1w5dpkrfk8irigvoxmyhowfim\gradle-8.4\lib\agents\gradle-instrumentation-agent-8.4.jar org.gradle.launcher.daemon.bootstrap.GradleDaemon 8.4

Host: Intel(R) Core(TM) i5-1035G1 CPU @ 1.00GHz, 8 cores, 11G,  Windows 11 , 64 bit Build 26100 (10.0.26100.7705)
Time: Thu Feb 12 17:27:40 2026 China Standard Time elapsed time: 5086.581545 seconds (0d 1h 24m 46s)

---------------  T H R E A D  ---------------

Current thread (0x000001fd2144ab60):  JavaThread "C2 CompilerThread0" daemon [_thread_in_native, id=5000, stack(0x0000002692900000,0x0000002692a00000)]


Current CompileTask:
C2:5086581 31010       4       java.lang.String::format (16 bytes)

Stack: [0x0000002692900000,0x0000002692a00000]
Native frames: (J=compiled Java code, j=interpreted, Vv=VM code, C=native code)
V  [jvm.dll+0x6886e9]
V  [jvm.dll+0x841e4a]
V  [jvm.dll+0x843a8e]
V  [jvm.dll+0x8440f3]
V  [jvm.dll+0x24c14f]
V  [jvm.dll+0xac44c]
V  [jvm.dll+0xaca9c]
V  [jvm.dll+0x2b376f]
V  [jvm.dll+0x590767]
V  [jvm.dll+0x226762]
V  [jvm.dll+0x21f802]
V  [jvm.dll+0x21d0c1]
V  [jvm.dll+0x1a674d]
V  [jvm.dll+0x22d088]
V  [jvm.dll+0x22b1c0]
V  [jvm.dll+0x7f62f7]
V  [jvm.dll+0x7f06aa]
V  [jvm.dll+0x687565]
C  [ucrtbase.dll+0x37b0]
C  [KERNEL32.DLL+0x2e8d7]
C  [ntdll.dll+0x8c40c]


---------------  P R O C E S S  ---------------

Threads class SMR info:
_java_thread_list=0x000001fd2abfdae0, length=94, elements={
0x000001fd0569cc20, 0x000001fd21406720, 0x000001fd21407c60, 0x000001fd21442280,
0x000001fd21444b60, 0x000001fd21445fa0, 0x000001fd214473e0, 0x000001fd2144ab60,
0x000001fd2145cf80, 0x000001fd214628c0, 0x000001fd20d0d720, 0x000001fd216e3440,
0x000001fd2798f070, 0x000001fd27742920, 0x000001fd27e935c0, 0x000001fd27051ae0,
0x000001fd27051ff0, 0x000001fd27f56a40, 0x000001fd27f58390, 0x000001fd27f588a0,
0x000001fd27f58db0, 0x000001fd27f592c0, 0x000001fd27f57970, 0x000001fd27f597d0,
0x000001fd27f57e80, 0x000001fd27f56530, 0x000001fd27f56f50, 0x000001fd288d6ec0,
0x000001fd288d5060, 0x000001fd288d64a0, 0x000001fd288dbab0, 0x000001fd26b22310,
0x000001fd34fff580, 0x000001fd34ffffa0, 0x000001fd350004b0, 0x000001fd350009c0,
0x000001fd33897280, 0x000001fd34fff070, 0x000001fd2d387db0, 0x000001fd2d386e80,
0x000001fd2d388ce0, 0x000001fd29e79470, 0x000001fd29e78f60, 0x000001fd32de42f0,
0x000001fd32de4d10, 0x000001fd32de38d0, 0x000001fd32de33c0, 0x000001fd32de4800,
0x000001fd32de29a0, 0x000001fd34fffa90, 0x000001fd2a0946e0, 0x000001fd2a095100,
0x000001fd29555b30, 0x000001fd29555110, 0x000001fd295532b0, 0x000001fd295546f0,
0x000001fd29557480, 0x000001fd327ddb20, 0x000001fd327dd100, 0x000001fd2a093cc0,
0x000001fd29556040, 0x000001fd29556f70, 0x000001fd29556550, 0x000001fd29553cd0,
0x000001fd29557990, 0x000001fd295592e0, 0x000001fd29557ea0, 0x000001fd295597f0,
0x000001fd2a0937b0, 0x000001fd2a095610, 0x000001fd2a0932a0, 0x000001fd2a0941d0,
0x000001fd2a095b20, 0x000001fd2a092370, 0x000001fd2a092880, 0x000001fd2d38a630,
0x000001fd32e7a9b0, 0x000001fd32e7c300, 0x000001fd2a092d90, 0x000001fd2a094bf0,
0x000001fd2ac0a070, 0x000001fd2ac0afa0, 0x000001fd2ac0d310, 0x000001fd2ac0c8f0,
0x000001fd2ac0b4b0, 0x000001fd2ac0aa90, 0x000001fd2ac0b9c0, 0x000001fd2ac0bed0,
0x000001fd2d387390, 0x000001fd2d3882c0, 0x000001fd2ac0c3e0, 0x000001fd2ac0d820,
0x000001fd2ac0ce00, 0x000001fd32de1f80
}

Java Threads: ( => current thread )
  0x000001fd0569cc20 JavaThread "main" [_thread_blocked, id=17880, stack(0x0000002691c00000,0x0000002691d00000)]
  0x000001fd21406720 JavaThread "Reference Handler" daemon [_thread_blocked, id=7952, stack(0x0000002692300000,0x0000002692400000)]
  0x000001fd21407c60 JavaThread "Finalizer" daemon [_thread_blocked, id=17172, stack(0x0000002692400000,0x0000002692500000)]
  0x000001fd21442280 JavaThread "Signal Dispatcher" daemon [_thread_blocked, id=17672, stack(0x0000002692500000,0x0000002692600000)]
  0x000001fd21444b60 JavaThread "Attach Listener" daemon [_thread_blocked, id=10716, stack(0x0000002692600000,0x0000002692700000)]
  0x000001fd21445fa0 JavaThread "Service Thread" daemon [_thread_blocked, id=10304, stack(0x0000002692700000,0x0000002692800000)]
  0x000001fd214473e0 JavaThread "Monitor Deflation Thread" daemon [_thread_blocked, id=6000, stack(0x0000002692800000,0x0000002692900000)]
=>0x000001fd2144ab60 JavaThread "C2 CompilerThread0" daemon [_thread_in_native, id=5000, stack(0x0000002692900000,0x0000002692a00000)]
  0x000001fd2145cf80 JavaThread "C1 CompilerThread0" daemon [_thread_blocked, id=9172, stack(0x0000002692a00000,0x0000002692b00000)]
  0x000001fd214628c0 JavaThread "Sweeper thread" daemon [_thread_blocked, id=13936, stack(0x0000002692b00000,0x0000002692c00000)]
  0x000001fd20d0d720 JavaThread "Common-Cleaner" daemon [_thread_blocked, id=8816, stack(0x0000002692c00000,0x0000002692d00000)]
  0x000001fd216e3440 JavaThread "Notification Thread" daemon [_thread_blocked, id=11140, stack(0x0000002692d00000,0x0000002692e00000)]
  0x000001fd2798f070 JavaThread "Daemon health stats" [_thread_blocked, id=12312, stack(0x0000002693400000,0x0000002693500000)]
  0x000001fd27742920 JavaThread "Incoming local TCP Connector on port 52761" [_thread_in_native, id=14924, stack(0x0000002693500000,0x0000002693600000)]
  0x000001fd27e935c0 JavaThread "Daemon periodic checks" [_thread_blocked, id=15888, stack(0x0000002693600000,0x0000002693700000)]
  0x000001fd27051ae0 JavaThread "Cache worker for journal cache (C:\Users\acer\.gradle\caches\journal-1)" [_thread_blocked, id=5348, stack(0x0000002694200000,0x0000002694300000)]
  0x000001fd27051ff0 JavaThread "File lock request listener" [_thread_in_native, id=16056, stack(0x0000002694300000,0x0000002694400000)]
  0x000001fd27f56a40 JavaThread "Cache worker for file hash cache (C:\Users\acer\.gradle\caches\8.4\fileHashes)" [_thread_blocked, id=1916, stack(0x0000002694400000,0x0000002694500000)]
  0x000001fd27f58390 JavaThread "File watcher server" daemon [_thread_in_native, id=16760, stack(0x0000002694600000,0x0000002694700000)]
  0x000001fd27f588a0 JavaThread "File watcher consumer" daemon [_thread_blocked, id=12800, stack(0x0000002694700000,0x0000002694800000)]
  0x000001fd27f58db0 JavaThread "jar transforms" [_thread_blocked, id=18324, stack(0x0000002694800000,0x0000002694900000)]
  0x000001fd27f592c0 JavaThread "jar transforms Thread 2" [_thread_blocked, id=7788, stack(0x0000002694900000,0x0000002694a00000)]
  0x000001fd27f57970 JavaThread "jar transforms Thread 3" [_thread_blocked, id=17468, stack(0x0000002694a00000,0x0000002694b00000)]
  0x000001fd27f597d0 JavaThread "jar transforms Thread 4" [_thread_blocked, id=18160, stack(0x0000002694b00000,0x0000002694c00000)]
  0x000001fd27f57e80 JavaThread "jar transforms Thread 5" [_thread_blocked, id=15488, stack(0x0000002694c00000,0x0000002694d00000)]
  0x000001fd27f56530 JavaThread "jar transforms Thread 6" [_thread_blocked, id=17424, stack(0x0000002694d00000,0x0000002694e00000)]
  0x000001fd27f56f50 JavaThread "jar transforms Thread 7" [_thread_blocked, id=7012, stack(0x0000002694e00000,0x0000002694f00000)]
  0x000001fd288d6ec0 JavaThread "jar transforms Thread 8" [_thread_blocked, id=2836, stack(0x0000002694f00000,0x0000002695000000)]
  0x000001fd288d5060 JavaThread "Cache worker for file content cache (C:\Users\acer\.gradle\caches\8.4\fileContent)" [_thread_blocked, id=16740, stack(0x0000002695300000,0x0000002695400000)]
  0x000001fd288d64a0 JavaThread "Cache worker for execution history cache (C:\Users\acer\.gradle\caches\8.4\executionHistory)" [_thread_blocked, id=17360, stack(0x0000002695500000,0x0000002695600000)]
  0x000001fd288dbab0 JavaThread "Cache worker for kotlin-dsl (C:\Users\acer\.gradle\caches\8.4\kotlin-dsl)" [_thread_blocked, id=2820, stack(0x0000002694500000,0x0000002694600000)]
  0x000001fd26b22310 JavaThread "Memory manager" [_thread_blocked, id=12012, stack(0x0000002696000000,0x0000002696100000)]
  0x000001fd34fff580 JavaThread "RMI Scheduler(0)" daemon [_thread_blocked, id=6616, stack(0x0000002695b00000,0x0000002695c00000)]
  0x000001fd34ffffa0 JavaThread "RMI GC Daemon" daemon [_thread_blocked, id=17756, stack(0x0000002699800000,0x0000002699900000)]
  0x000001fd350004b0 JavaThread "RMI TCP Accept-0" daemon [_thread_in_native, id=9424, stack(0x0000002699900000,0x0000002699a00000)]
  0x000001fd350009c0 JavaThread "RMI Reaper" [_thread_blocked, id=5828, stack(0x0000002699a00000,0x0000002699b00000)]
  0x000001fd33897280 JavaThread "RMI RenewClean-[127.0.0.1:17782,org.jetbrains.kotlin.daemon.common.LoopbackNetworkInterface$ClientLoopbackSocketFactory@579aaa7d]" daemon [_thread_blocked, id=12280, stack(0x0000002698700000,0x0000002698800000)]
  0x000001fd34fff070 JavaThread "Daemon Thread 7" [_thread_blocked, id=4484, stack(0x0000002691900000,0x0000002691a00000)]
  0x000001fd2d387db0 JavaThread "Handler for socket connection from /127.0.0.1:52761 to /127.0.0.1:55019" [_thread_in_native, id=3948, stack(0x0000002691b00000,0x0000002691c00000)]
  0x000001fd2d386e80 JavaThread "Cancel handler" [_thread_blocked, id=5796, stack(0x0000002692f00000,0x0000002693000000)]
  0x000001fd2d388ce0 JavaThread "Daemon worker Thread 7" [_thread_blocked, id=4324, stack(0x0000002693700000,0x0000002693800000)]
  0x000001fd29e79470 JavaThread "Asynchronous log dispatcher for DefaultDaemonConnection: socket connection from /127.0.0.1:52761 to /127.0.0.1:55019" [_thread_blocked, id=9456, stack(0x0000002693800000,0x0000002693900000)]
  0x000001fd29e78f60 JavaThread "Stdin handler" [_thread_blocked, id=3264, stack(0x0000002693900000,0x0000002693a00000)]
  0x000001fd32de42f0 JavaThread "Daemon client event forwarder" [_thread_blocked, id=9744, stack(0x0000002693a00000,0x0000002693b00000)]
  0x000001fd32de4d10 JavaThread "Cache worker for checksums cache (D:\SmartAgri Mobile Application\SmartAgri\.gradle\8.4\checksums)" [_thread_blocked, id=17304, stack(0x0000002693b00000,0x0000002693c00000)]
  0x000001fd32de38d0 JavaThread "Cache worker for file hash cache (D:\SmartAgri Mobile Application\SmartAgri\.gradle\8.4\fileHashes)" [_thread_blocked, id=8376, stack(0x0000002693c00000,0x0000002693d00000)]
  0x000001fd32de33c0 JavaThread "Cache worker for cache directory md-supplier (C:\Users\acer\.gradle\caches\8.4\md-supplier)" [_thread_blocked, id=5844, stack(0x0000002693d00000,0x0000002693e00000)]
  0x000001fd32de4800 JavaThread "Cache worker for cache directory md-rule (C:\Users\acer\.gradle\caches\8.4\md-rule)" [_thread_blocked, id=16768, stack(0x0000002695000000,0x0000002695100000)]
  0x000001fd32de29a0 JavaThread "Cache worker for dependencies-accessors (D:\SmartAgri Mobile Application\SmartAgri\.gradle\8.4\dependencies-accessors)" [_thread_blocked, id=3484, stack(0x0000002695100000,0x0000002695200000)]
  0x000001fd34fffa90 JavaThread "Cache worker for Build Output Cleanup Cache (D:\SmartAgri Mobile Application\SmartAgri\.gradle\buildOutputCleanup)" [_thread_blocked, id=4140, stack(0x0000002695200000,0x0000002695300000)]
  0x000001fd2a0946e0 JavaThread "Unconstrained build operations" [_thread_blocked, id=8656, stack(0x0000002695400000,0x0000002695500000)]
  0x000001fd2a095100 JavaThread "Unconstrained build operations Thread 2" [_thread_blocked, id=11388, stack(0x0000002695600000,0x0000002695700000)]
  0x000001fd29555b30 JavaThread "Unconstrained build operations Thread 3" [_thread_blocked, id=3472, stack(0x0000002695700000,0x0000002695800000)]
  0x000001fd29555110 JavaThread "Unconstrained build operations Thread 4" [_thread_blocked, id=948, stack(0x0000002695800000,0x0000002695900000)]
  0x000001fd295532b0 JavaThread "Unconstrained build operations Thread 5" [_thread_blocked, id=2684, stack(0x0000002695900000,0x0000002695a00000)]
  0x000001fd295546f0 JavaThread "Unconstrained build operations Thread 6" [_thread_blocked, id=9060, stack(0x0000002695a00000,0x0000002695b00000)]
  0x000001fd29557480 JavaThread "Unconstrained build operations Thread 7" [_thread_blocked, id=5756, stack(0x0000002695c00000,0x0000002695d00000)]
  0x000001fd327ddb20 JavaThread "build event listener" [_thread_blocked, id=17416, stack(0x0000002695d00000,0x0000002695e00000)]
  0x000001fd327dd100 JavaThread "build event listener" [_thread_blocked, id=4792, stack(0x0000002695e00000,0x0000002695f00000)]
  0x000001fd2a093cc0 JavaThread "included builds" [_thread_blocked, id=15944, stack(0x0000002696100000,0x0000002696200000)]
  0x000001fd29556040 JavaThread "Execution worker" [_thread_blocked, id=13536, stack(0x0000002696200000,0x0000002696300000)]
  0x000001fd29556f70 JavaThread "Execution worker Thread 2" [_thread_blocked, id=18252, stack(0x0000002696300000,0x0000002696400000)]
  0x000001fd29556550 JavaThread "Execution worker Thread 3" [_thread_blocked, id=1704, stack(0x0000002696400000,0x0000002696500000)]
  0x000001fd29553cd0 JavaThread "Execution worker Thread 4" [_thread_blocked, id=4832, stack(0x0000002696500000,0x0000002696600000)]
  0x000001fd29557990 JavaThread "Execution worker Thread 5" [_thread_blocked, id=4672, stack(0x0000002696600000,0x0000002696700000)]
  0x000001fd295592e0 JavaThread "Execution worker Thread 6" [_thread_blocked, id=7812, stack(0x0000002696700000,0x0000002696800000)]
  0x000001fd29557ea0 JavaThread "Execution worker Thread 7" [_thread_blocked, id=2072, stack(0x0000002696800000,0x0000002696900000)]
  0x000001fd295597f0 JavaThread "Cache worker for execution history cache (D:\SmartAgri Mobile Application\SmartAgri\.gradle\8.4\executionHistory)" [_thread_blocked, id=2240, stack(0x0000002696900000,0x0000002696a00000)]
  0x000001fd2a0937b0 JavaThread "Unconstrained build operations Thread 8" [_thread_blocked, id=16680, stack(0x0000002696a00000,0x0000002696b00000)]
  0x000001fd2a095610 JavaThread "Unconstrained build operations Thread 9" [_thread_blocked, id=17912, stack(0x0000002696b00000,0x0000002696c00000)]
  0x000001fd2a0932a0 JavaThread "Unconstrained build operations Thread 10" [_thread_blocked, id=14884, stack(0x0000002696c00000,0x0000002696d00000)]
  0x000001fd2a0941d0 JavaThread "Unconstrained build operations Thread 11" [_thread_blocked, id=9992, stack(0x0000002696d00000,0x0000002696e00000)]
  0x000001fd2a095b20 JavaThread "Unconstrained build operations Thread 12" [_thread_blocked, id=11448, stack(0x0000002696e00000,0x0000002696f00000)]
  0x000001fd2a092370 JavaThread "Unconstrained build operations Thread 13" [_thread_blocked, id=15532, stack(0x0000002696f00000,0x0000002697000000)]
  0x000001fd2a092880 JavaThread "Unconstrained build operations Thread 14" [_thread_blocked, id=13096, stack(0x0000002697000000,0x0000002697100000)]
  0x000001fd2d38a630 JavaThread "WorkerExecutor Queue" [_thread_blocked, id=17796, stack(0x0000002697500000,0x0000002697600000)]
  0x000001fd32e7a9b0 JavaThread "Unconstrained build operations Thread 15" [_thread_blocked, id=17784, stack(0x0000002697600000,0x0000002697700000)]
  0x000001fd32e7c300 JavaThread "Unconstrained build operations Thread 16" [_thread_blocked, id=15812, stack(0x0000002697800000,0x0000002697900000)]
  0x000001fd2a092d90 JavaThread "Unconstrained build operations Thread 17" [_thread_blocked, id=12600, stack(0x0000002697a00000,0x0000002697b00000)]
  0x000001fd2a094bf0 JavaThread "Unconstrained build operations Thread 18" [_thread_blocked, id=11324, stack(0x0000002697b00000,0x0000002697c00000)]
  0x000001fd2ac0a070 JavaThread "Unconstrained build operations Thread 19" [_thread_blocked, id=15472, stack(0x0000002697c00000,0x0000002697d00000)]
  0x000001fd2ac0afa0 JavaThread "Unconstrained build operations Thread 20" [_thread_blocked, id=7488, stack(0x0000002697d00000,0x0000002697e00000)]
  0x000001fd2ac0d310 JavaThread "Unconstrained build operations Thread 21" [_thread_blocked, id=6208, stack(0x0000002697e00000,0x0000002697f00000)]
  0x000001fd2ac0c8f0 JavaThread "Unconstrained build operations Thread 22" [_thread_blocked, id=13256, stack(0x0000002697f00000,0x0000002698000000)]
  0x000001fd2ac0b4b0 JavaThread "Unconstrained build operations Thread 23" [_thread_blocked, id=11812, stack(0x0000002698000000,0x0000002698100000)]
  0x000001fd2ac0aa90 JavaThread "Unconstrained build operations Thread 24" [_thread_blocked, id=2016, stack(0x0000002698100000,0x0000002698200000)]
  0x000001fd2ac0b9c0 JavaThread "WorkerExecutor Queue Thread 2" [_thread_in_native, id=17220, stack(0x0000002698200000,0x0000002698300000)]
  0x000001fd2ac0bed0 JavaThread "pool-34-thread-1" [_thread_blocked, id=7784, stack(0x0000002698300000,0x0000002698400000)]
  0x000001fd2d387390 JavaThread "stderr" [_thread_in_native, id=9052, stack(0x0000002698400000,0x0000002698500000)]
  0x000001fd2d3882c0 JavaThread "stdout" [_thread_in_native, id=5640, stack(0x0000002698500000,0x0000002698600000)]
  0x000001fd2ac0c3e0 JavaThread "Unconstrained build operations Thread 25" [_thread_blocked, id=14700, stack(0x0000002698600000,0x0000002698700000)]
  0x000001fd2ac0d820 JavaThread "Unconstrained build operations Thread 26" [_thread_blocked, id=2212, stack(0x0000002698800000,0x0000002698900000)]
  0x000001fd2ac0ce00 JavaThread "Unconstrained build operations Thread 27" [_thread_blocked, id=10324, stack(0x0000002698900000,0x0000002698a00000)]
  0x000001fd32de1f80 JavaThread "WorkerExecutor Queue Thread 3" [_thread_blocked, id=12532, stack(0x0000002695f00000,0x0000002696000000)]

Other Threads:
  0x000001fd21400640 VMThread "VM Thread" [stack: 0x0000002692200000,0x0000002692300000] [id=17096]
  0x000001fd216e3920 WatcherThread [stack: 0x0000002692e00000,0x0000002692f00000] [id=16296]
  0x000001fd056f76f0 GCTaskThread "GC Thread#0" [stack: 0x0000002691d00000,0x0000002691e00000] [id=15460]
  0x000001fd267aa6c0 GCTaskThread "GC Thread#1" [stack: 0x0000002693100000,0x0000002693200000] [id=3140]
  0x000001fd2686e1d0 GCTaskThread "GC Thread#2" [stack: 0x0000002693200000,0x0000002693300000] [id=16956]
  0x000001fd2686e490 GCTaskThread "GC Thread#3" [stack: 0x0000002693300000,0x0000002693400000] [id=14708]
  0x000001fd260d2020 GCTaskThread "GC Thread#4" [stack: 0x0000002693000000,0x0000002693100000] [id=15880]
  0x000001fd28194450 GCTaskThread "GC Thread#5" [stack: 0x0000002693e00000,0x0000002693f00000] [id=5664]
  0x000001fd26c9c000 GCTaskThread "GC Thread#6" [stack: 0x0000002693f00000,0x0000002694000000] [id=10068]
  0x000001fd2775dd00 GCTaskThread "GC Thread#7" [stack: 0x0000002694000000,0x0000002694100000] [id=8852]
  0x000001fd05708550 ConcurrentGCThread "G1 Main Marker" [stack: 0x0000002691e00000,0x0000002691f00000] [id=15820]
  0x000001fd05709d60 ConcurrentGCThread "G1 Conc#0" [stack: 0x0000002691f00000,0x0000002692000000] [id=9124]
  0x000001fd27e4c0c0 ConcurrentGCThread "G1 Conc#1" [stack: 0x0000002694100000,0x0000002694200000] [id=10280]
  0x000001fd20bd7e00 ConcurrentGCThread "G1 Refine#0" [stack: 0x0000002692000000,0x0000002692100000] [id=13852]
  0x000001fd2b4b1bd0 ConcurrentGCThread "G1 Refine#1" [stack: 0x0000002697900000,0x0000002697a00000] [id=14096]
  0x000001fd2da7b0b0 ConcurrentGCThread "G1 Refine#2" [stack: 0x0000002697700000,0x0000002697800000] [id=16496]
  0x000001fd2b4b4dc0 ConcurrentGCThread "G1 Refine#3" [stack: 0x0000002697100000,0x0000002697200000] [id=18224]
  0x000001fd2b4b3f10 ConcurrentGCThread "G1 Refine#4" [stack: 0x0000002697200000,0x0000002697300000] [id=11672]
  0x000001fd2b4b3640 ConcurrentGCThread "G1 Refine#5" [stack: 0x0000002697300000,0x0000002697400000] [id=15144]
  0x000001fd20bd8740 ConcurrentGCThread "G1 Service" [stack: 0x0000002692100000,0x0000002692200000] [id=7992]

Threads with active compile tasks:
C2 CompilerThread0  5086670 31010       4       java.lang.String::format (16 bytes)

VM state: not at safepoint (normal execution)

VM Mutex/Monitor currently owned by a thread: None

Heap address: 0x0000000080000000, size: 2048 MB, Compressed Oops mode: 32-bit

CDS archive(s) not mapped
Compressed class space mapped at: 0x0000000100000000-0x0000000140000000, reserved size: 1073741824
Narrow klass base: 0x0000000000000000, Narrow klass shift: 3, Narrow klass range: 0x140000000

GC Precious Log:
 CPUs: 8 total, 8 available
 Memory: 12077M
 Large Page Support: Disabled
 NUMA Support: Disabled
 Compressed Oops: Enabled (32-bit)
 Heap Region Size: 1M
 Heap Min Capacity: 8M
 Heap Initial Capacity: 190M
 Heap Max Capacity: 2G
 Pre-touch: Disabled
 Parallel Workers: 8
 Concurrent Workers: 2
 Concurrent Refinement Workers: 8
 Periodic GC: Disabled

Heap:
 garbage-first heap   total 590848K, used 442280K [0x0000000080000000, 0x0000000100000000)
  region size 1024K, 20 young (20480K), 7 survivors (7168K)
 Metaspace       used 159764K, committed 161344K, reserved 1245184K
  class space    used 20611K, committed 21376K, reserved 1048576K

Heap Regions: E=young(eden), S=young(survivor), O=old, HS=humongous(starts), HC=humongous(continues), CS=collection set, F=free, OA=open archive, CA=closed archive, TAMS=top-at-mark-start (previous, next)
|   0|0x0000000080000000, 0x0000000080100000, 0x0000000080100000|100%|HS|  |TAMS 0x0000000080100000, 0x0000000080000000| Complete 
|   1|0x0000000080100000, 0x0000000080200000, 0x0000000080200000|100%|HC|  |TAMS 0x0000000080200000, 0x0000000080100000| Complete 
|   2|0x0000000080200000, 0x0000000080300000, 0x0000000080300000|100%|HC|  |TAMS 0x0000000080300000, 0x0000000080200000| Complete 
|   3|0x0000000080300000, 0x0000000080400000, 0x0000000080400000|100%|HC|  |TAMS 0x0000000080400000, 0x0000000080300000| Complete 
|   4|0x0000000080400000, 0x0000000080500000, 0x0000000080500000|100%| O|  |TAMS 0x0000000080500000, 0x0000000080400000| Untracked 
|   5|0x0000000080500000, 0x0000000080600000, 0x0000000080600000|100%| O|  |TAMS 0x0000000080600000, 0x0000000080500000| Untracked 
|   6|0x0000000080600000, 0x0000000080700000, 0x0000000080700000|100%| O|  |TAMS 0x0000000080700000, 0x0000000080600000| Untracked 
|   7|0x0000000080700000, 0x0000000080800000, 0x0000000080800000|100%| O|  |TAMS 0x0000000080800000, 0x0000000080700000| Untracked 
|   8|0x0000000080800000, 0x0000000080900000, 0x0000000080900000|100%| O|  |TAMS 0x0000000080900000, 0x0000000080800000| Untracked 
|   9|0x0000000080900000, 0x0000000080a00000, 0x0000000080a00000|100%| O|  |TAMS 0x0000000080a00000, 0x0000000080900000| Untracked 
|  10|0x0000000080a00000, 0x0000000080b00000, 0x0000000080b00000|100%| O|  |TAMS 0x0000000080b00000, 0x0000000080a00000| Untracked 
|  11|0x0000000080b00000, 0x0000000080c00000, 0x0000000080c00000|100%| O|  |TAMS 0x0000000080c00000, 0x0000000080b00000| Untracked 
|  12|0x0000000080c00000, 0x0000000080d00000, 0x0000000080d00000|100%| O|  |TAMS 0x0000000080d00000, 0x0000000080c00000| Untracked 
|  13|0x0000000080d00000, 0x0000000080e00000, 0x0000000080e00000|100%| O|  |TAMS 0x0000000080e00000, 0x0000000080d00000| Untracked 
|  14|0x0000000080e00000, 0x0000000080f00000, 0x0000000080f00000|100%| O|  |TAMS 0x0000000080f00000, 0x0000000080e00000| Untracked 
|  15|0x0000000080f00000, 0x0000000081000000, 0x0000000081000000|100%| O|  |TAMS 0x0000000081000000, 0x0000000080f00000| Untracked 
|  16|0x0000000081000000, 0x0000000081100000, 0x0000000081100000|100%| O|  |TAMS 0x0000000081100000, 0x0000000081000000| Untracked 
|  17|0x0000000081100000, 0x0000000081200000, 0x0000000081200000|100%| O|  |TAMS 0x0000000081200000, 0x0000000081100000| Untracked 
|  18|0x0000000081200000, 0x0000000081300000, 0x0000000081300000|100%| O|  |TAMS 0x0000000081300000, 0x0000000081200000| Untracked 
|  19|0x0000000081300000, 0x0000000081400000, 0x0000000081400000|100%| O|  |TAMS 0x0000000081400000, 0x0000000081300000| Untracked 
|  20|0x0000000081400000, 0x0000000081500000, 0x0000000081500000|100%|HS|  |TAMS 0x0000000081500000, 0x0000000081400000| Complete 
|  21|0x0000000081500000, 0x0000000081600000, 0x0000000081600000|100%|HC|  |TAMS 0x0000000081600000, 0x0000000081500000| Complete 
|  22|0x0000000081600000, 0x0000000081700000, 0x0000000081700000|100%|HS|  |TAMS 0x0000000081700000, 0x0000000081600000| Complete 
|  23|0x0000000081700000, 0x0000000081800000, 0x0000000081800000|100%|HC|  |TAMS 0x0000000081800000, 0x0000000081700000| Complete 
|  24|0x0000000081800000, 0x0000000081900000, 0x0000000081900000|100%|HC|  |TAMS 0x0000000081900000, 0x0000000081800000| Complete 
|  25|0x0000000081900000, 0x0000000081a00000, 0x0000000081a00000|100%|HS|  |TAMS 0x0000000081a00000, 0x0000000081900000| Complete 
|  26|0x0000000081a00000, 0x0000000081b00000, 0x0000000081b00000|100%|HC|  |TAMS 0x0000000081b00000, 0x0000000081a00000| Complete 
|  27|0x0000000081b00000, 0x0000000081c00000, 0x0000000081c00000|100%|HC|  |TAMS 0x0000000081c00000, 0x0000000081b00000| Complete 
|  28|0x0000000081c00000, 0x0000000081d00000, 0x0000000081d00000|100%|HS|  |TAMS 0x0000000081d00000, 0x0000000081c00000| Complete 
|  29|0x0000000081d00000, 0x0000000081e00000, 0x0000000081e00000|100%|HC|  |TAMS 0x0000000081e00000, 0x0000000081d00000| Complete 
|  30|0x0000000081e00000, 0x0000000081f00000, 0x0000000081f00000|100%|HC|  |TAMS 0x0000000081f00000, 0x0000000081e00000| Complete 
|  31|0x0000000081f00000, 0x0000000082000000, 0x0000000082000000|100%| O|  |TAMS 0x0000000082000000, 0x0000000081f00000| Untracked 
|  32|0x0000000082000000, 0x0000000082100000, 0x0000000082100000|100%| O|  |TAMS 0x0000000082100000, 0x0000000082000000| Untracked 
|  33|0x0000000082100000, 0x0000000082200000, 0x0000000082200000|100%| O|  |TAMS 0x0000000082200000, 0x0000000082100000| Untracked 
|  34|0x0000000082200000, 0x0000000082300000, 0x0000000082300000|100%| O|  |TAMS 0x0000000082300000, 0x0000000082200000| Untracked 
|  35|0x0000000082300000, 0x0000000082400000, 0x0000000082400000|100%| O|  |TAMS 0x0000000082400000, 0x0000000082300000| Untracked 
|  36|0x0000000082400000, 0x0000000082500000, 0x0000000082500000|100%| O|  |TAMS 0x0000000082500000, 0x0000000082400000| Untracked 
|  37|0x0000000082500000, 0x0000000082600000, 0x0000000082600000|100%| O|  |TAMS 0x0000000082600000, 0x0000000082500000| Untracked 
|  38|0x0000000082600000, 0x0000000082700000, 0x0000000082700000|100%| O|  |TAMS 0x0000000082700000, 0x0000000082600000| Untracked 
|  39|0x0000000082700000, 0x0000000082800000, 0x0000000082800000|100%| O|  |TAMS 0x0000000082800000, 0x0000000082700000| Untracked 
|  40|0x0000000082800000, 0x0000000082900000, 0x0000000082900000|100%| O|  |TAMS 0x0000000082900000, 0x0000000082800000| Untracked 
|  41|0x0000000082900000, 0x0000000082a00000, 0x0000000082a00000|100%| O|  |TAMS 0x0000000082a00000, 0x0000000082900000| Untracked 
|  42|0x0000000082a00000, 0x0000000082b00000, 0x0000000082b00000|100%| O|  |TAMS 0x0000000082b00000, 0x0000000082a00000| Untracked 
|  43|0x0000000082b00000, 0x0000000082c00000, 0x0000000082c00000|100%| O|  |TAMS 0x0000000082c00000, 0x0000000082b00000| Untracked 
|  44|0x0000000082c00000, 0x0000000082d00000, 0x0000000082d00000|100%| O|  |TAMS 0x0000000082d00000, 0x0000000082c00000| Untracked 
|  45|0x0000000082d00000, 0x0000000082e00000, 0x0000000082e00000|100%| O|  |TAMS 0x0000000082e00000, 0x0000000082d00000| Untracked 
|  46|0x0000000082e00000, 0x0000000082f00000, 0x0000000082f00000|100%|HS|  |TAMS 0x0000000082f00000, 0x0000000082e00000| Complete 
|  47|0x0000000082f00000, 0x0000000083000000, 0x0000000083000000|100%|HC|  |TAMS 0x0000000083000000, 0x0000000082f00000| Complete 
|  48|0x0000000083000000, 0x0000000083100000, 0x0000000083100000|100%|HC|  |TAMS 0x0000000083100000, 0x0000000083000000| Complete 
|  49|0x0000000083100000, 0x0000000083200000, 0x0000000083200000|100%| O|  |TAMS 0x0000000083100000, 0x0000000083100000| Untracked 
|  50|0x0000000083200000, 0x0000000083300000, 0x0000000083300000|100%| O|  |TAMS 0x0000000083300000, 0x0000000083200000| Untracked 
|  51|0x0000000083300000, 0x0000000083400000, 0x0000000083400000|100%| O|  |TAMS 0x0000000083400000, 0x0000000083300000| Untracked 
|  52|0x0000000083400000, 0x0000000083500000, 0x0000000083500000|100%| O|  |TAMS 0x0000000083400000, 0x0000000083400000| Untracked 
|  53|0x0000000083500000, 0x0000000083600000, 0x0000000083600000|100%| O|  |TAMS 0x0000000083500000, 0x0000000083500000| Untracked 
|  54|0x0000000083600000, 0x0000000083700000, 0x0000000083700000|100%| O|  |TAMS 0x0000000083700000, 0x0000000083600000| Untracked 
|  55|0x0000000083700000, 0x0000000083800000, 0x0000000083800000|100%| O|  |TAMS 0x0000000083800000, 0x0000000083700000| Untracked 
|  56|0x0000000083800000, 0x0000000083900000, 0x0000000083900000|100%| O|  |TAMS 0x0000000083800000, 0x0000000083800000| Untracked 
|  57|0x0000000083900000, 0x0000000083a00000, 0x0000000083a00000|100%| O|  |TAMS 0x0000000083a00000, 0x0000000083900000| Untracked 
|  58|0x0000000083a00000, 0x0000000083b00000, 0x0000000083b00000|100%| O|  |TAMS 0x0000000083b00000, 0x0000000083a00000| Untracked 
|  59|0x0000000083b00000, 0x0000000083c00000, 0x0000000083c00000|100%| O|  |TAMS 0x0000000083c00000, 0x0000000083b00000| Untracked 
|  60|0x0000000083c00000, 0x0000000083d00000, 0x0000000083d00000|100%|HS|  |TAMS 0x0000000083d00000, 0x0000000083c00000| Complete 
|  61|0x0000000083d00000, 0x0000000083e00000, 0x0000000083e00000|100%|HS|  |TAMS 0x0000000083e00000, 0x0000000083d00000| Complete 
|  62|0x0000000083e00000, 0x0000000083f00000, 0x0000000083f00000|100%|HS|  |TAMS 0x0000000083f00000, 0x0000000083e00000| Complete 
|  63|0x0000000083f00000, 0x0000000084000000, 0x0000000084000000|100%|HC|  |TAMS 0x0000000084000000, 0x0000000083f00000| Complete 
|  64|0x0000000084000000, 0x0000000084100000, 0x0000000084100000|100%|HS|  |TAMS 0x0000000084100000, 0x0000000084000000| Complete 
|  65|0x0000000084100000, 0x0000000084200000, 0x0000000084200000|100%|HC|  |TAMS 0x0000000084200000, 0x0000000084100000| Complete 
|  66|0x0000000084200000, 0x0000000084300000, 0x0000000084300000|100%|HS|  |TAMS 0x0000000084300000, 0x0000000084200000| Complete 
|  67|0x0000000084300000, 0x0000000084400000, 0x0000000084400000|100%|HS|  |TAMS 0x0000000084400000, 0x0000000084300000| Complete 
|  68|0x0000000084400000, 0x0000000084500000, 0x0000000084500000|100%|HS|  |TAMS 0x0000000084500000, 0x0000000084400000| Complete 
|  69|0x0000000084500000, 0x0000000084600000, 0x0000000084600000|100%|HC|  |TAMS 0x0000000084600000, 0x0000000084500000| Complete 
|  70|0x0000000084600000, 0x0000000084700000, 0x0000000084700000|100%|HC|  |TAMS 0x0000000084700000, 0x0000000084600000| Complete 
|  71|0x0000000084700000, 0x0000000084800000, 0x0000000084800000|100%|HC|  |TAMS 0x0000000084800000, 0x0000000084700000| Complete 
|  72|0x0000000084800000, 0x0000000084900000, 0x0000000084900000|100%| O|  |TAMS 0x0000000084900000, 0x0000000084800000| Untracked 
|  73|0x0000000084900000, 0x0000000084a00000, 0x0000000084a00000|100%| O|  |TAMS 0x0000000084a00000, 0x0000000084900000| Untracked 
|  74|0x0000000084a00000, 0x0000000084b00000, 0x0000000084b00000|100%| O|  |TAMS 0x0000000084b00000, 0x0000000084a00000| Untracked 
|  75|0x0000000084b00000, 0x0000000084c00000, 0x0000000084c00000|100%| O|  |TAMS 0x0000000084c00000, 0x0000000084b00000| Untracked 
|  76|0x0000000084c00000, 0x0000000084d00000, 0x0000000084d00000|100%| O|  |TAMS 0x0000000084d00000, 0x0000000084c00000| Untracked 
|  77|0x0000000084d00000, 0x0000000084e00000, 0x0000000084e00000|100%| O|  |TAMS 0x0000000084e00000, 0x0000000084d00000| Untracked 
|  78|0x0000000084e00000, 0x0000000084f00000, 0x0000000084f00000|100%| O|  |TAMS 0x0000000084f00000, 0x0000000084e00000| Untracked 
|  79|0x0000000084f00000, 0x0000000085000000, 0x0000000085000000|100%| O|  |TAMS 0x0000000084f00000, 0x0000000084f00000| Untracked 
|  80|0x0000000085000000, 0x0000000085100000, 0x0000000085100000|100%| O|  |TAMS 0x0000000085000000, 0x0000000085000000| Untracked 
|  81|0x0000000085100000, 0x0000000085200000, 0x0000000085200000|100%| O|  |TAMS 0x0000000085100000, 0x0000000085100000| Untracked 
|  82|0x0000000085200000, 0x0000000085300000, 0x0000000085300000|100%| O|  |TAMS 0x0000000085300000, 0x0000000085200000| Untracked 
|  83|0x0000000085300000, 0x0000000085400000, 0x0000000085400000|100%| O|  |TAMS 0x0000000085400000, 0x0000000085300000| Untracked 
|  84|0x0000000085400000, 0x0000000085500000, 0x0000000085500000|100%| O|  |TAMS 0x0000000085400000, 0x0000000085400000| Untracked 
|  85|0x0000000085500000, 0x0000000085600000, 0x0000000085600000|100%|HS|  |TAMS 0x0000000085600000, 0x0000000085500000| Complete 
|  86|0x0000000085600000, 0x0000000085700000, 0x0000000085700000|100%| O|  |TAMS 0x0000000085700000, 0x0000000085600000| Untracked 
|  87|0x0000000085700000, 0x0000000085800000, 0x0000000085800000|100%| O|  |TAMS 0x0000000085700000, 0x0000000085700000| Untracked 
|  88|0x0000000085800000, 0x0000000085900000, 0x0000000085900000|100%| O|  |TAMS 0x0000000085900000, 0x0000000085800000| Untracked 
|  89|0x0000000085900000, 0x0000000085a00000, 0x0000000085a00000|100%| O|  |TAMS 0x0000000085a00000, 0x0000000085900000| Untracked 
|  90|0x0000000085a00000, 0x0000000085b00000, 0x0000000085b00000|100%| O|  |TAMS 0x0000000085b00000, 0x0000000085a00000| Untracked 
|  91|0x0000000085b00000, 0x0000000085c00000, 0x0000000085c00000|100%| O|  |TAMS 0x0000000085c00000, 0x0000000085b00000| Untracked 
|  92|0x0000000085c00000, 0x0000000085d00000, 0x0000000085d00000|100%| O|  |TAMS 0x0000000085d00000, 0x0000000085c00000| Untracked 
|  93|0x0000000085d00000, 0x0000000085e00000, 0x0000000085e00000|100%| O|  |TAMS 0x0000000085d00000, 0x0000000085d00000| Untracked 
|  94|0x0000000085e00000, 0x0000000085f00000, 0x0000000085f00000|100%| O|  |TAMS 0x0000000085e00000, 0x0000000085e00000| Untracked 
|  95|0x0000000085f00000, 0x0000000086000000, 0x0000000086000000|100%| O|  |TAMS 0x0000000085f00000, 0x0000000085f00000| Untracked 
|  96|0x0000000086000000, 0x0000000086100000, 0x0000000086100000|100%| O|  |TAMS 0x0000000086000000, 0x0000000086000000| Untracked 
|  97|0x0000000086100000, 0x0000000086200000, 0x0000000086200000|100%| O|  |TAMS 0x0000000086100000, 0x0000000086100000| Untracked 
|  98|0x0000000086200000, 0x0000000086300000, 0x0000000086300000|100%|HS|  |TAMS 0x0000000086300000, 0x0000000086200000| Complete 
|  99|0x0000000086300000, 0x0000000086400000, 0x0000000086400000|100%|HC|  |TAMS 0x0000000086400000, 0x0000000086300000| Complete 
| 100|0x0000000086400000, 0x0000000086500000, 0x0000000086500000|100%|HC|  |TAMS 0x0000000086500000, 0x0000000086400000| Complete 
| 101|0x0000000086500000, 0x0000000086600000, 0x0000000086600000|100%|HC|  |TAMS 0x0000000086600000, 0x0000000086500000| Complete 
| 102|0x0000000086600000, 0x0000000086700000, 0x0000000086700000|100%| O|  |TAMS 0x0000000086700000, 0x0000000086600000| Untracked 
| 103|0x0000000086700000, 0x0000000086800000, 0x0000000086800000|100%| O|  |TAMS 0x0000000086800000, 0x0000000086700000| Untracked 
| 104|0x0000000086800000, 0x0000000086900000, 0x0000000086900000|100%| O|  |TAMS 0x0000000086900000, 0x0000000086800000| Untracked 
| 105|0x0000000086900000, 0x0000000086a00000, 0x0000000086a00000|100%| O|  |TAMS 0x0000000086a00000, 0x0000000086900000| Untracked 
| 106|0x0000000086a00000, 0x0000000086b00000, 0x0000000086b00000|100%| O|  |TAMS 0x0000000086b00000, 0x0000000086a00000| Untracked 
| 107|0x0000000086b00000, 0x0000000086c00000, 0x0000000086c00000|100%| O|  |TAMS 0x0000000086c00000, 0x0000000086b00000| Untracked 
| 108|0x0000000086c00000, 0x0000000086d00000, 0x0000000086d00000|100%| O|  |TAMS 0x0000000086d00000, 0x0000000086c00000| Untracked 
| 109|0x0000000086d00000, 0x0000000086e00000, 0x0000000086e00000|100%| O|  |TAMS 0x0000000086d00000, 0x0000000086d00000| Untracked 
| 110|0x0000000086e00000, 0x0000000086f00000, 0x0000000086f00000|100%| O|  |TAMS 0x0000000086f00000, 0x0000000086e00000| Untracked 
| 111|0x0000000086f00000, 0x0000000087000000, 0x0000000087000000|100%| O|  |TAMS 0x0000000087000000, 0x0000000086f00000| Untracked 
| 112|0x0000000087000000, 0x0000000087100000, 0x0000000087100000|100%| O|  |TAMS 0x0000000087100000, 0x0000000087000000| Untracked 
| 113|0x0000000087100000, 0x0000000087200000, 0x0000000087200000|100%| O|  |TAMS 0x0000000087200000, 0x0000000087100000| Untracked 
| 114|0x0000000087200000, 0x0000000087300000, 0x0000000087300000|100%| O|  |TAMS 0x0000000087300000, 0x0000000087200000| Untracked 
| 115|0x0000000087300000, 0x0000000087400000, 0x0000000087400000|100%| O|  |TAMS 0x0000000087400000, 0x0000000087300000| Untracked 
| 116|0x0000000087400000, 0x0000000087500000, 0x0000000087500000|100%|HS|  |TAMS 0x0000000087500000, 0x0000000087400000| Complete 
| 117|0x0000000087500000, 0x0000000087600000, 0x0000000087600000|100%|HC|  |TAMS 0x0000000087600000, 0x0000000087500000| Complete 
| 118|0x0000000087600000, 0x0000000087700000, 0x0000000087700000|100%|HS|  |TAMS 0x0000000087700000, 0x0000000087600000| Complete 
| 119|0x0000000087700000, 0x0000000087800000, 0x0000000087800000|100%|HC|  |TAMS 0x0000000087800000, 0x0000000087700000| Complete 
| 120|0x0000000087800000, 0x0000000087900000, 0x0000000087900000|100%|HC|  |TAMS 0x0000000087900000, 0x0000000087800000| Complete 
| 121|0x0000000087900000, 0x0000000087a00000, 0x0000000087a00000|100%|HS|  |TAMS 0x0000000087a00000, 0x0000000087900000| Complete 
| 122|0x0000000087a00000, 0x0000000087b00000, 0x0000000087b00000|100%|HC|  |TAMS 0x0000000087b00000, 0x0000000087a00000| Complete 
| 123|0x0000000087b00000, 0x0000000087c00000, 0x0000000087c00000|100%|HC|  |TAMS 0x0000000087c00000, 0x0000000087b00000| Complete 
| 124|0x0000000087c00000, 0x0000000087d00000, 0x0000000087d00000|100%| O|  |TAMS 0x0000000087d00000, 0x0000000087c00000| Untracked 
| 125|0x0000000087d00000, 0x0000000087e00000, 0x0000000087e00000|100%|HS|  |TAMS 0x0000000087e00000, 0x0000000087d00000| Complete 
| 126|0x0000000087e00000, 0x0000000087f00000, 0x0000000087f00000|100%|HC|  |TAMS 0x0000000087f00000, 0x0000000087e00000| Complete 
| 127|0x0000000087f00000, 0x0000000088000000, 0x0000000088000000|100%|HC|  |TAMS 0x0000000088000000, 0x0000000087f00000| Complete 
| 128|0x0000000088000000, 0x0000000088100000, 0x0000000088100000|100%| O|  |TAMS 0x0000000088000000, 0x0000000088000000| Untracked 
| 129|0x0000000088100000, 0x0000000088200000, 0x0000000088200000|100%| O|  |TAMS 0x0000000088200000, 0x0000000088100000| Untracked 
| 130|0x0000000088200000, 0x0000000088300000, 0x0000000088300000|100%| O|  |TAMS 0x0000000088200000, 0x0000000088200000| Untracked 
| 131|0x0000000088300000, 0x0000000088400000, 0x0000000088400000|100%| O|  |TAMS 0x0000000088300000, 0x0000000088300000| Untracked 
| 132|0x0000000088400000, 0x0000000088500000, 0x0000000088500000|100%| O|  |TAMS 0x0000000088400000, 0x0000000088400000| Untracked 
| 133|0x0000000088500000, 0x0000000088600000, 0x0000000088600000|100%| O|  |TAMS 0x0000000088600000, 0x0000000088500000| Untracked 
| 134|0x0000000088600000, 0x0000000088700000, 0x0000000088700000|100%| O|  |TAMS 0x0000000088600000, 0x0000000088600000| Untracked 
| 135|0x0000000088700000, 0x0000000088800000, 0x0000000088800000|100%| O|  |TAMS 0x0000000088700000, 0x0000000088700000| Untracked 
| 136|0x0000000088800000, 0x0000000088900000, 0x0000000088900000|100%| O|  |TAMS 0x0000000088800000, 0x0000000088800000| Untracked 
| 137|0x0000000088900000, 0x0000000088a00000, 0x0000000088a00000|100%| O|  |TAMS 0x0000000088900000, 0x0000000088900000| Untracked 
| 138|0x0000000088a00000, 0x0000000088b00000, 0x0000000088b00000|100%| O|  |TAMS 0x0000000088b00000, 0x0000000088a00000| Untracked 
| 139|0x0000000088b00000, 0x0000000088c00000, 0x0000000088c00000|100%| O|  |TAMS 0x0000000088c00000, 0x0000000088b00000| Untracked 
| 140|0x0000000088c00000, 0x0000000088d00000, 0x0000000088d00000|100%| O|  |TAMS 0x0000000088d00000, 0x0000000088c00000| Untracked 
| 141|0x0000000088d00000, 0x0000000088e00000, 0x0000000088e00000|100%| O|  |TAMS 0x0000000088e00000, 0x0000000088d00000| Untracked 
| 142|0x0000000088e00000, 0x0000000088f00000, 0x0000000088f00000|100%| O|  |TAMS 0x0000000088f00000, 0x0000000088e00000| Untracked 
| 143|0x0000000088f00000, 0x0000000089000000, 0x0000000089000000|100%| O|  |TAMS 0x0000000089000000, 0x0000000088f00000| Untracked 
| 144|0x0000000089000000, 0x0000000089100000, 0x0000000089100000|100%| O|  |TAMS 0x0000000089100000, 0x0000000089000000| Untracked 
| 145|0x0000000089100000, 0x0000000089200000, 0x0000000089200000|100%| O|  |TAMS 0x0000000089200000, 0x0000000089100000| Untracked 
| 146|0x0000000089200000, 0x0000000089300000, 0x0000000089300000|100%| O|  |TAMS 0x0000000089300000, 0x0000000089200000| Untracked 
| 147|0x0000000089300000, 0x0000000089400000, 0x0000000089400000|100%| O|  |TAMS 0x0000000089400000, 0x0000000089300000| Untracked 
| 148|0x0000000089400000, 0x0000000089500000, 0x0000000089500000|100%| O|  |TAMS 0x0000000089500000, 0x0000000089400000| Untracked 
| 149|0x0000000089500000, 0x0000000089600000, 0x0000000089600000|100%| O|  |TAMS 0x0000000089600000, 0x0000000089500000| Untracked 
| 150|0x0000000089600000, 0x0000000089700000, 0x0000000089700000|100%| O|  |TAMS 0x0000000089700000, 0x0000000089600000| Untracked 
| 151|0x0000000089700000, 0x0000000089800000, 0x0000000089800000|100%| O|  |TAMS 0x0000000089800000, 0x0000000089700000| Untracked 
| 152|0x0000000089800000, 0x0000000089900000, 0x0000000089900000|100%| O|  |TAMS 0x0000000089900000, 0x0000000089800000| Untracked 
| 153|0x0000000089900000, 0x0000000089a00000, 0x0000000089a00000|100%| O|  |TAMS 0x0000000089a00000, 0x0000000089900000| Untracked 
| 154|0x0000000089a00000, 0x0000000089b00000, 0x0000000089b00000|100%| O|  |TAMS 0x0000000089b00000, 0x0000000089a00000| Untracked 
| 155|0x0000000089b00000, 0x0000000089c00000, 0x0000000089c00000|100%| O|  |TAMS 0x0000000089c00000, 0x0000000089b00000| Untracked 
| 156|0x0000000089c00000, 0x0000000089d00000, 0x0000000089d00000|100%| O|  |TAMS 0x0000000089d00000, 0x0000000089c00000| Untracked 
| 157|0x0000000089d00000, 0x0000000089e00000, 0x0000000089e00000|100%| O|  |TAMS 0x0000000089e00000, 0x0000000089d00000| Untracked 
| 158|0x0000000089e00000, 0x0000000089f00000, 0x0000000089f00000|100%| O|  |TAMS 0x0000000089f00000, 0x0000000089e00000| Untracked 
| 159|0x0000000089f00000, 0x000000008a000000, 0x000000008a000000|100%| O|  |TAMS 0x000000008a000000, 0x0000000089f00000| Untracked 
| 160|0x000000008a000000, 0x000000008a100000, 0x000000008a100000|100%| O|  |TAMS 0x000000008a000000, 0x000000008a000000| Untracked 
| 161|0x000000008a100000, 0x000000008a200000, 0x000000008a200000|100%| O|  |TAMS 0x000000008a200000, 0x000000008a100000| Untracked 
| 162|0x000000008a200000, 0x000000008a300000, 0x000000008a300000|100%| O|  |TAMS 0x000000008a200000, 0x000000008a200000| Untracked 
| 163|0x000000008a300000, 0x000000008a400000, 0x000000008a400000|100%| O|  |TAMS 0x000000008a400000, 0x000000008a300000| Untracked 
| 164|0x000000008a400000, 0x000000008a500000, 0x000000008a500000|100%| O|  |TAMS 0x000000008a500000, 0x000000008a400000| Untracked 
| 165|0x000000008a500000, 0x000000008a600000, 0x000000008a600000|100%| O|  |TAMS 0x000000008a600000, 0x000000008a500000| Untracked 
| 166|0x000000008a600000, 0x000000008a700000, 0x000000008a700000|100%| O|  |TAMS 0x000000008a700000, 0x000000008a600000| Untracked 
| 167|0x000000008a700000, 0x000000008a800000, 0x000000008a800000|100%| O|  |TAMS 0x000000008a800000, 0x000000008a700000| Untracked 
| 168|0x000000008a800000, 0x000000008a900000, 0x000000008a900000|100%| O|  |TAMS 0x000000008a900000, 0x000000008a800000| Untracked 
| 169|0x000000008a900000, 0x000000008aa00000, 0x000000008aa00000|100%| O|  |TAMS 0x000000008aa00000, 0x000000008a900000| Untracked 
| 170|0x000000008aa00000, 0x000000008ab00000, 0x000000008ab00000|100%| O|  |TAMS 0x000000008ab00000, 0x000000008aa00000| Untracked 
| 171|0x000000008ab00000, 0x000000008ac00000, 0x000000008ac00000|100%| O|  |TAMS 0x000000008ac00000, 0x000000008ab00000| Untracked 
| 172|0x000000008ac00000, 0x000000008ad00000, 0x000000008ad00000|100%| O|  |TAMS 0x000000008ad00000, 0x000000008ac00000| Untracked 
| 173|0x000000008ad00000, 0x000000008ae00000, 0x000000008ae00000|100%| O|  |TAMS 0x000000008ae00000, 0x000000008ad00000| Untracked 
| 174|0x000000008ae00000, 0x000000008af00000, 0x000000008af00000|100%| O|  |TAMS 0x000000008ae00000, 0x000000008ae00000| Untracked 
| 175|0x000000008af00000, 0x000000008b000000, 0x000000008b000000|100%| O|  |TAMS 0x000000008af00000, 0x000000008af00000| Untracked 
| 176|0x000000008b000000, 0x000000008b100000, 0x000000008b100000|100%| O|  |TAMS 0x000000008b000000, 0x000000008b000000| Untracked 
| 177|0x000000008b100000, 0x000000008b200000, 0x000000008b200000|100%| O|  |TAMS 0x000000008b200000, 0x000000008b100000| Untracked 
| 178|0x000000008b200000, 0x000000008b300000, 0x000000008b300000|100%| O|  |TAMS 0x000000008b300000, 0x000000008b200000| Untracked 
| 179|0x000000008b300000, 0x000000008b400000, 0x000000008b400000|100%| O|  |TAMS 0x000000008b300000, 0x000000008b300000| Untracked 
| 180|0x000000008b400000, 0x000000008b500000, 0x000000008b500000|100%| O|  |TAMS 0x000000008b500000, 0x000000008b400000| Untracked 
| 181|0x000000008b500000, 0x000000008b600000, 0x000000008b600000|100%| O|  |TAMS 0x000000008b600000, 0x000000008b500000| Untracked 
| 182|0x000000008b600000, 0x000000008b700000, 0x000000008b700000|100%| O|  |TAMS 0x000000008b600000, 0x000000008b600000| Untracked 
| 183|0x000000008b700000, 0x000000008b800000, 0x000000008b800000|100%| O|  |TAMS 0x000000008b800000, 0x000000008b700000| Untracked 
| 184|0x000000008b800000, 0x000000008b900000, 0x000000008b900000|100%| O|  |TAMS 0x000000008b900000, 0x000000008b800000| Untracked 
| 185|0x000000008b900000, 0x000000008ba00000, 0x000000008ba00000|100%| O|  |TAMS 0x000000008ba00000, 0x000000008b900000| Untracked 
| 186|0x000000008ba00000, 0x000000008bb00000, 0x000000008bb00000|100%| O|  |TAMS 0x000000008bb00000, 0x000000008ba00000| Untracked 
| 187|0x000000008bb00000, 0x000000008bc00000, 0x000000008bc00000|100%| O|  |TAMS 0x000000008bb00000, 0x000000008bb00000| Untracked 
| 188|0x000000008bc00000, 0x000000008bd00000, 0x000000008bd00000|100%| O|  |TAMS 0x000000008bc00000, 0x000000008bc00000| Untracked 
| 189|0x000000008bd00000, 0x000000008be00000, 0x000000008be00000|100%| O|  |TAMS 0x000000008bd00000, 0x000000008bd00000| Untracked 
| 190|0x000000008be00000, 0x000000008bf00000, 0x000000008bf00000|100%| O|  |TAMS 0x000000008be00000, 0x000000008be00000| Untracked 
| 191|0x000000008bf00000, 0x000000008c000000, 0x000000008c000000|100%| O|  |TAMS 0x000000008bf00000, 0x000000008bf00000| Untracked 
| 192|0x000000008c000000, 0x000000008c100000, 0x000000008c100000|100%| O|  |TAMS 0x000000008c000000, 0x000000008c000000| Untracked 
| 193|0x000000008c100000, 0x000000008c200000, 0x000000008c200000|100%| O|  |TAMS 0x000000008c200000, 0x000000008c100000| Untracked 
| 194|0x000000008c200000, 0x000000008c300000, 0x000000008c300000|100%| O|  |TAMS 0x000000008c200000, 0x000000008c200000| Untracked 
| 195|0x000000008c300000, 0x000000008c400000, 0x000000008c400000|100%| O|  |TAMS 0x000000008c300000, 0x000000008c300000| Untracked 
| 196|0x000000008c400000, 0x000000008c500000, 0x000000008c500000|100%| O|  |TAMS 0x000000008c400000, 0x000000008c400000| Untracked 
| 197|0x000000008c500000, 0x000000008c600000, 0x000000008c600000|100%| O|  |TAMS 0x000000008c500000, 0x000000008c500000| Untracked 
| 198|0x000000008c600000, 0x000000008c700000, 0x000000008c700000|100%| O|  |TAMS 0x000000008c600000, 0x000000008c600000| Untracked 
| 199|0x000000008c700000, 0x000000008c800000, 0x000000008c800000|100%| O|  |TAMS 0x000000008c700000, 0x000000008c700000| Untracked 
| 200|0x000000008c800000, 0x000000008c900000, 0x000000008c900000|100%| O|  |TAMS 0x000000008c800000, 0x000000008c800000| Untracked 
| 201|0x000000008c900000, 0x000000008ca00000, 0x000000008ca00000|100%| O|  |TAMS 0x000000008c900000, 0x000000008c900000| Untracked 
| 202|0x000000008ca00000, 0x000000008cb00000, 0x000000008cb00000|100%| O|  |TAMS 0x000000008ca00000, 0x000000008ca00000| Untracked 
| 203|0x000000008cb00000, 0x000000008cc00000, 0x000000008cc00000|100%| O|  |TAMS 0x000000008cb00000, 0x000000008cb00000| Untracked 
| 204|0x000000008cc00000, 0x000000008cd00000, 0x000000008cd00000|100%| O|  |TAMS 0x000000008cc00000, 0x000000008cc00000| Untracked 
| 205|0x000000008cd00000, 0x000000008ce00000, 0x000000008ce00000|100%| O|  |TAMS 0x000000008cd00000, 0x000000008cd00000| Untracked 
| 206|0x000000008ce00000, 0x000000008cf00000, 0x000000008cf00000|100%| O|  |TAMS 0x000000008ce00000, 0x000000008ce00000| Untracked 
| 207|0x000000008cf00000, 0x000000008d000000, 0x000000008d000000|100%| O|  |TAMS 0x000000008cf00000, 0x000000008cf00000| Untracked 
| 208|0x000000008d000000, 0x000000008d100000, 0x000000008d100000|100%|HS|  |TAMS 0x000000008d000000, 0x000000008d000000| Complete 
| 209|0x000000008d100000, 0x000000008d200000, 0x000000008d200000|100%|HC|  |TAMS 0x000000008d100000, 0x000000008d100000| Complete 
| 210|0x000000008d200000, 0x000000008d300000, 0x000000008d300000|100%| O|  |TAMS 0x000000008d200000, 0x000000008d200000| Untracked 
| 211|0x000000008d300000, 0x000000008d400000, 0x000000008d400000|100%| O|  |TAMS 0x000000008d300000, 0x000000008d300000| Untracked 
| 212|0x000000008d400000, 0x000000008d500000, 0x000000008d500000|100%| O|  |TAMS 0x000000008d400000, 0x000000008d400000| Untracked 
| 213|0x000000008d500000, 0x000000008d600000, 0x000000008d600000|100%| O|  |TAMS 0x000000008d500000, 0x000000008d500000| Untracked 
| 214|0x000000008d600000, 0x000000008d700000, 0x000000008d700000|100%| O|  |TAMS 0x000000008d600000, 0x000000008d600000| Untracked 
| 215|0x000000008d700000, 0x000000008d800000, 0x000000008d800000|100%| O|  |TAMS 0x000000008d700000, 0x000000008d700000| Untracked 
| 216|0x000000008d800000, 0x000000008d900000, 0x000000008d900000|100%| O|  |TAMS 0x000000008d800000, 0x000000008d800000| Untracked 
| 217|0x000000008d900000, 0x000000008da00000, 0x000000008da00000|100%| O|  |TAMS 0x000000008d900000, 0x000000008d900000| Untracked 
| 218|0x000000008da00000, 0x000000008db00000, 0x000000008db00000|100%|HS|  |TAMS 0x000000008da00000, 0x000000008da00000| Complete 
| 219|0x000000008db00000, 0x000000008dc00000, 0x000000008dc00000|100%| O|  |TAMS 0x000000008db00000, 0x000000008db00000| Untracked 
| 220|0x000000008dc00000, 0x000000008dd00000, 0x000000008dd00000|100%| O|  |TAMS 0x000000008dc00000, 0x000000008dc00000| Untracked 
| 221|0x000000008dd00000, 0x000000008de00000, 0x000000008de00000|100%| O|  |TAMS 0x000000008dd00000, 0x000000008dd00000| Untracked 
| 222|0x000000008de00000, 0x000000008df00000, 0x000000008df00000|100%| O|  |TAMS 0x000000008de00000, 0x000000008de00000| Untracked 
| 223|0x000000008df00000, 0x000000008e000000, 0x000000008e000000|100%| O|  |TAMS 0x000000008df00000, 0x000000008df00000| Untracked 
| 224|0x000000008e000000, 0x000000008e100000, 0x000000008e100000|100%| O|  |TAMS 0x000000008e000000, 0x000000008e000000| Untracked 
| 225|0x000000008e100000, 0x000000008e200000, 0x000000008e200000|100%| O|  |TAMS 0x000000008e100000, 0x000000008e100000| Untracked 
| 226|0x000000008e200000, 0x000000008e300000, 0x000000008e300000|100%| O|  |TAMS 0x000000008e200000, 0x000000008e200000| Untracked 
| 227|0x000000008e300000, 0x000000008e400000, 0x000000008e400000|100%| O|  |TAMS 0x000000008e300000, 0x000000008e300000| Untracked 
| 228|0x000000008e400000, 0x000000008e500000, 0x000000008e500000|100%| O|  |TAMS 0x000000008e400000, 0x000000008e400000| Untracked 
| 229|0x000000008e500000, 0x000000008e600000, 0x000000008e600000|100%| O|  |TAMS 0x000000008e500000, 0x000000008e500000| Untracked 
| 230|0x000000008e600000, 0x000000008e700000, 0x000000008e700000|100%| O|  |TAMS 0x000000008e600000, 0x000000008e600000| Untracked 
| 231|0x000000008e700000, 0x000000008e800000, 0x000000008e800000|100%| O|  |TAMS 0x000000008e700000, 0x000000008e700000| Untracked 
| 232|0x000000008e800000, 0x000000008e900000, 0x000000008e900000|100%| O|  |TAMS 0x000000008e800000, 0x000000008e800000| Untracked 
| 233|0x000000008e900000, 0x000000008ea00000, 0x000000008ea00000|100%| O|  |TAMS 0x000000008e900000, 0x000000008e900000| Untracked 
| 234|0x000000008ea00000, 0x000000008eb00000, 0x000000008eb00000|100%| O|  |TAMS 0x000000008ea00000, 0x000000008ea00000| Untracked 
| 235|0x000000008eb00000, 0x000000008ec00000, 0x000000008ec00000|100%| O|  |TAMS 0x000000008eb00000, 0x000000008eb00000| Untracked 
| 236|0x000000008ec00000, 0x000000008ed00000, 0x000000008ed00000|100%| O|  |TAMS 0x000000008ec00000, 0x000000008ec00000| Untracked 
| 237|0x000000008ed00000, 0x000000008ee00000, 0x000000008ee00000|100%| O|  |TAMS 0x000000008ed00000, 0x000000008ed00000| Untracked 
| 238|0x000000008ee00000, 0x000000008ef00000, 0x000000008ef00000|100%| O|  |TAMS 0x000000008ee00000, 0x000000008ee00000| Untracked 
| 239|0x000000008ef00000, 0x000000008f000000, 0x000000008f000000|100%| O|  |TAMS 0x000000008ef00000, 0x000000008ef00000| Untracked 
| 240|0x000000008f000000, 0x000000008f100000, 0x000000008f100000|100%| O|  |TAMS 0x000000008f000000, 0x000000008f000000| Untracked 
| 241|0x000000008f100000, 0x000000008f200000, 0x000000008f200000|100%| O|  |TAMS 0x000000008f100000, 0x000000008f100000| Untracked 
| 242|0x000000008f200000, 0x000000008f300000, 0x000000008f300000|100%| O|  |TAMS 0x000000008f200000, 0x000000008f200000| Untracked 
| 243|0x000000008f300000, 0x000000008f400000, 0x000000008f400000|100%| O|  |TAMS 0x000000008f300000, 0x000000008f300000| Untracked 
| 244|0x000000008f400000, 0x000000008f500000, 0x000000008f500000|100%| O|  |TAMS 0x000000008f400000, 0x000000008f400000| Untracked 
| 245|0x000000008f500000, 0x000000008f600000, 0x000000008f600000|100%| O|  |TAMS 0x000000008f500000, 0x000000008f500000| Untracked 
| 246|0x000000008f600000, 0x000000008f700000, 0x000000008f700000|100%| O|  |TAMS 0x000000008f600000, 0x000000008f600000| Untracked 
| 247|0x000000008f700000, 0x000000008f800000, 0x000000008f800000|100%| O|  |TAMS 0x000000008f700000, 0x000000008f700000| Untracked 
| 248|0x000000008f800000, 0x000000008f900000, 0x000000008f900000|100%| O|  |TAMS 0x000000008f900000, 0x000000008f800000| Untracked 
| 249|0x000000008f900000, 0x000000008fa00000, 0x000000008fa00000|100%| O|  |TAMS 0x000000008fa00000, 0x000000008f900000| Untracked 
| 250|0x000000008fa00000, 0x000000008fb00000, 0x000000008fb00000|100%| O|  |TAMS 0x000000008fb00000, 0x000000008fa00000| Untracked 
| 251|0x000000008fb00000, 0x000000008fc00000, 0x000000008fc00000|100%| O|  |TAMS 0x000000008fb00000, 0x000000008fb00000| Untracked 
| 252|0x000000008fc00000, 0x000000008fd00000, 0x000000008fd00000|100%| O|  |TAMS 0x000000008fc00000, 0x000000008fc00000| Untracked 
| 253|0x000000008fd00000, 0x000000008fe00000, 0x000000008fe00000|100%| O|  |TAMS 0x000000008fd00000, 0x000000008fd00000| Untracked 
| 254|0x000000008fe00000, 0x000000008ff00000, 0x000000008ff00000|100%| O|  |TAMS 0x000000008fe00000, 0x000000008fe00000| Untracked 
| 255|0x000000008ff00000, 0x0000000090000000, 0x0000000090000000|100%| O|  |TAMS 0x0000000090000000, 0x000000008ff00000| Untracked 
| 256|0x0000000090000000, 0x0000000090100000, 0x0000000090100000|100%| O|  |TAMS 0x0000000090100000, 0x0000000090000000| Untracked 
| 257|0x0000000090100000, 0x0000000090200000, 0x0000000090200000|100%| O|  |TAMS 0x0000000090200000, 0x0000000090100000| Untracked 
| 258|0x0000000090200000, 0x0000000090300000, 0x0000000090300000|100%| O|  |TAMS 0x0000000090300000, 0x0000000090200000| Untracked 
| 259|0x0000000090300000, 0x0000000090400000, 0x0000000090400000|100%| O|  |TAMS 0x0000000090400000, 0x0000000090300000| Untracked 
| 260|0x0000000090400000, 0x0000000090500000, 0x0000000090500000|100%| O|  |TAMS 0x0000000090500000, 0x0000000090400000| Untracked 
| 261|0x0000000090500000, 0x0000000090600000, 0x0000000090600000|100%| O|  |TAMS 0x0000000090600000, 0x0000000090500000| Untracked 
| 262|0x0000000090600000, 0x0000000090700000, 0x0000000090700000|100%| O|  |TAMS 0x0000000090700000, 0x0000000090600000| Untracked 
| 263|0x0000000090700000, 0x0000000090800000, 0x0000000090800000|100%| O|  |TAMS 0x0000000090700000, 0x0000000090700000| Untracked 
| 264|0x0000000090800000, 0x0000000090900000, 0x0000000090900000|100%| O|  |TAMS 0x0000000090900000, 0x0000000090800000| Untracked 
| 265|0x0000000090900000, 0x0000000090a00000, 0x0000000090a00000|100%| O|  |TAMS 0x0000000090900000, 0x0000000090900000| Untracked 
| 266|0x0000000090a00000, 0x0000000090b00000, 0x0000000090b00000|100%| O|  |TAMS 0x0000000090a00000, 0x0000000090a00000| Untracked 
| 267|0x0000000090b00000, 0x0000000090c00000, 0x0000000090c00000|100%| O|  |TAMS 0x0000000090b00000, 0x0000000090b00000| Untracked 
| 268|0x0000000090c00000, 0x0000000090d00000, 0x0000000090d00000|100%| O|  |TAMS 0x0000000090d00000, 0x0000000090c00000| Untracked 
| 269|0x0000000090d00000, 0x0000000090e00000, 0x0000000090e00000|100%| O|  |TAMS 0x0000000090e00000, 0x0000000090d00000| Untracked 
| 270|0x0000000090e00000, 0x0000000090f00000, 0x0000000090f00000|100%| O|  |TAMS 0x0000000090f00000, 0x0000000090e00000| Untracked 
| 271|0x0000000090f00000, 0x0000000091000000, 0x0000000091000000|100%| O|  |TAMS 0x0000000091000000, 0x0000000090f00000| Untracked 
| 272|0x0000000091000000, 0x0000000091100000, 0x0000000091100000|100%| O|  |TAMS 0x0000000091100000, 0x0000000091000000| Untracked 
| 273|0x0000000091100000, 0x0000000091200000, 0x0000000091200000|100%| O|  |TAMS 0x0000000091200000, 0x0000000091100000| Untracked 
| 274|0x0000000091200000, 0x0000000091300000, 0x0000000091300000|100%| O|  |TAMS 0x0000000091300000, 0x0000000091200000| Untracked 
| 275|0x0000000091300000, 0x0000000091400000, 0x0000000091400000|100%| O|  |TAMS 0x0000000091400000, 0x0000000091300000| Untracked 
| 276|0x0000000091400000, 0x0000000091500000, 0x0000000091500000|100%| O|  |TAMS 0x0000000091500000, 0x0000000091400000| Untracked 
| 277|0x0000000091500000, 0x0000000091600000, 0x0000000091600000|100%| O|  |TAMS 0x0000000091600000, 0x0000000091500000| Untracked 
| 278|0x0000000091600000, 0x0000000091700000, 0x0000000091700000|100%| O|  |TAMS 0x0000000091700000, 0x0000000091600000| Untracked 
| 279|0x0000000091700000, 0x0000000091800000, 0x0000000091800000|100%| O|  |TAMS 0x0000000091800000, 0x0000000091700000| Untracked 
| 280|0x0000000091800000, 0x0000000091900000, 0x0000000091900000|100%| O|  |TAMS 0x0000000091900000, 0x0000000091800000| Untracked 
| 281|0x0000000091900000, 0x0000000091a00000, 0x0000000091a00000|100%| O|  |TAMS 0x0000000091a00000, 0x0000000091900000| Untracked 
| 282|0x0000000091a00000, 0x0000000091b00000, 0x0000000091b00000|100%| O|  |TAMS 0x0000000091b00000, 0x0000000091a00000| Untracked 
| 283|0x0000000091b00000, 0x0000000091c00000, 0x0000000091c00000|100%| O|  |TAMS 0x0000000091c00000, 0x0000000091b00000| Untracked 
| 284|0x0000000091c00000, 0x0000000091d00000, 0x0000000091d00000|100%| O|  |TAMS 0x0000000091c84e00, 0x0000000091c00000| Untracked 
| 285|0x0000000091d00000, 0x0000000091e00000, 0x0000000091e00000|100%| O|  |TAMS 0x0000000091d00000, 0x0000000091d00000| Untracked 
| 286|0x0000000091e00000, 0x0000000091f00000, 0x0000000091f00000|100%| O|  |TAMS 0x0000000091e00000, 0x0000000091e00000| Untracked 
| 287|0x0000000091f00000, 0x0000000092000000, 0x0000000092000000|100%| O|  |TAMS 0x0000000091f00000, 0x0000000091f00000| Untracked 
| 288|0x0000000092000000, 0x0000000092100000, 0x0000000092100000|100%| O|  |TAMS 0x0000000092000000, 0x0000000092000000| Untracked 
| 289|0x0000000092100000, 0x0000000092200000, 0x0000000092200000|100%| O|  |TAMS 0x0000000092100000, 0x0000000092100000| Untracked 
| 290|0x0000000092200000, 0x0000000092300000, 0x0000000092300000|100%| O|  |TAMS 0x0000000092200000, 0x0000000092200000| Untracked 
| 291|0x0000000092300000, 0x0000000092400000, 0x0000000092400000|100%| O|  |TAMS 0x0000000092300000, 0x0000000092300000| Untracked 
| 292|0x0000000092400000, 0x0000000092500000, 0x0000000092500000|100%| O|  |TAMS 0x0000000092400000, 0x0000000092400000| Untracked 
| 293|0x0000000092500000, 0x0000000092600000, 0x0000000092600000|100%| O|  |TAMS 0x0000000092500000, 0x0000000092500000| Untracked 
| 294|0x0000000092600000, 0x0000000092700000, 0x0000000092700000|100%| O|  |TAMS 0x0000000092600000, 0x0000000092600000| Untracked 
| 295|0x0000000092700000, 0x0000000092800000, 0x0000000092800000|100%| O|  |TAMS 0x0000000092700000, 0x0000000092700000| Untracked 
| 296|0x0000000092800000, 0x0000000092900000, 0x0000000092900000|100%| O|  |TAMS 0x0000000092800000, 0x0000000092800000| Untracked 
| 297|0x0000000092900000, 0x0000000092a00000, 0x0000000092a00000|100%| O|  |TAMS 0x0000000092900000, 0x0000000092900000| Untracked 
| 298|0x0000000092a00000, 0x0000000092b00000, 0x0000000092b00000|100%| O|  |TAMS 0x0000000092a00000, 0x0000000092a00000| Untracked 
| 299|0x0000000092b00000, 0x0000000092c00000, 0x0000000092c00000|100%| O|  |TAMS 0x0000000092b00000, 0x0000000092b00000| Untracked 
| 300|0x0000000092c00000, 0x0000000092d00000, 0x0000000092d00000|100%| O|  |TAMS 0x0000000092c00000, 0x0000000092c00000| Untracked 
| 301|0x0000000092d00000, 0x0000000092e00000, 0x0000000092e00000|100%| O|  |TAMS 0x0000000092d00000, 0x0000000092d00000| Untracked 
| 302|0x0000000092e00000, 0x0000000092f00000, 0x0000000092f00000|100%| O|  |TAMS 0x0000000092e00000, 0x0000000092e00000| Untracked 
| 303|0x0000000092f00000, 0x0000000093000000, 0x0000000093000000|100%| O|  |TAMS 0x0000000092f00000, 0x0000000092f00000| Untracked 
| 304|0x0000000093000000, 0x0000000093100000, 0x0000000093100000|100%| O|  |TAMS 0x0000000093000000, 0x0000000093000000| Untracked 
| 305|0x0000000093100000, 0x0000000093200000, 0x0000000093200000|100%| O|  |TAMS 0x0000000093100000, 0x0000000093100000| Untracked 
| 306|0x0000000093200000, 0x0000000093300000, 0x0000000093300000|100%| O|  |TAMS 0x0000000093200000, 0x0000000093200000| Untracked 
| 307|0x0000000093300000, 0x0000000093400000, 0x0000000093400000|100%| O|  |TAMS 0x0000000093300000, 0x0000000093300000| Untracked 
| 308|0x0000000093400000, 0x0000000093500000, 0x0000000093500000|100%| O|  |TAMS 0x0000000093400000, 0x0000000093400000| Untracked 
| 309|0x0000000093500000, 0x0000000093600000, 0x0000000093600000|100%| O|  |TAMS 0x0000000093500000, 0x0000000093500000| Untracked 
| 310|0x0000000093600000, 0x0000000093700000, 0x0000000093700000|100%| O|  |TAMS 0x0000000093600000, 0x0000000093600000| Untracked 
| 311|0x0000000093700000, 0x0000000093800000, 0x0000000093800000|100%| O|  |TAMS 0x0000000093700000, 0x0000000093700000| Untracked 
| 312|0x0000000093800000, 0x0000000093900000, 0x0000000093900000|100%| O|  |TAMS 0x0000000093800000, 0x0000000093800000| Untracked 
| 313|0x0000000093900000, 0x0000000093a00000, 0x0000000093a00000|100%| O|  |TAMS 0x0000000093900000, 0x0000000093900000| Untracked 
| 314|0x0000000093a00000, 0x0000000093b00000, 0x0000000093b00000|100%| O|  |TAMS 0x0000000093a00000, 0x0000000093a00000| Untracked 
| 315|0x0000000093b00000, 0x0000000093c00000, 0x0000000093c00000|100%| O|  |TAMS 0x0000000093b00000, 0x0000000093b00000| Untracked 
| 316|0x0000000093c00000, 0x0000000093d00000, 0x0000000093d00000|100%| O|  |TAMS 0x0000000093c00000, 0x0000000093c00000| Untracked 
| 317|0x0000000093d00000, 0x0000000093e00000, 0x0000000093e00000|100%| O|  |TAMS 0x0000000093d00000, 0x0000000093d00000| Untracked 
| 318|0x0000000093e00000, 0x0000000093f00000, 0x0000000093f00000|100%| O|  |TAMS 0x0000000093e00000, 0x0000000093e00000| Untracked 
| 319|0x0000000093f00000, 0x0000000094000000, 0x0000000094000000|100%| O|  |TAMS 0x0000000093f00000, 0x0000000093f00000| Untracked 
| 320|0x0000000094000000, 0x0000000094100000, 0x0000000094100000|100%| O|  |TAMS 0x0000000094000000, 0x0000000094000000| Untracked 
| 321|0x0000000094100000, 0x0000000094200000, 0x0000000094200000|100%| O|  |TAMS 0x0000000094100000, 0x0000000094100000| Untracked 
| 322|0x0000000094200000, 0x0000000094300000, 0x0000000094300000|100%| O|  |TAMS 0x0000000094200000, 0x0000000094200000| Untracked 
| 323|0x0000000094300000, 0x0000000094400000, 0x0000000094400000|100%| O|  |TAMS 0x0000000094300000, 0x0000000094300000| Untracked 
| 324|0x0000000094400000, 0x0000000094500000, 0x0000000094500000|100%| O|  |TAMS 0x0000000094400000, 0x0000000094400000| Untracked 
| 325|0x0000000094500000, 0x0000000094600000, 0x0000000094600000|100%| O|  |TAMS 0x0000000094500000, 0x0000000094500000| Untracked 
| 326|0x0000000094600000, 0x0000000094700000, 0x0000000094700000|100%| O|  |TAMS 0x0000000094600000, 0x0000000094600000| Untracked 
| 327|0x0000000094700000, 0x0000000094800000, 0x0000000094800000|100%| O|  |TAMS 0x0000000094700000, 0x0000000094700000| Untracked 
| 328|0x0000000094800000, 0x0000000094900000, 0x0000000094900000|100%| O|  |TAMS 0x0000000094800000, 0x0000000094800000| Untracked 
| 329|0x0000000094900000, 0x0000000094a00000, 0x0000000094a00000|100%| O|  |TAMS 0x0000000094900000, 0x0000000094900000| Untracked 
| 330|0x0000000094a00000, 0x0000000094b00000, 0x0000000094b00000|100%| O|  |TAMS 0x0000000094a00000, 0x0000000094a00000| Untracked 
| 331|0x0000000094b00000, 0x0000000094c00000, 0x0000000094c00000|100%| O|  |TAMS 0x0000000094b00000, 0x0000000094b00000| Untracked 
| 332|0x0000000094c00000, 0x0000000094d00000, 0x0000000094d00000|100%| O|  |TAMS 0x0000000094c00000, 0x0000000094c00000| Untracked 
| 333|0x0000000094d00000, 0x0000000094e00000, 0x0000000094e00000|100%| O|  |TAMS 0x0000000094d00000, 0x0000000094d00000| Untracked 
| 334|0x0000000094e00000, 0x0000000094f00000, 0x0000000094f00000|100%| O|  |TAMS 0x0000000094e00000, 0x0000000094e00000| Untracked 
| 335|0x0000000094f00000, 0x0000000095000000, 0x0000000095000000|100%| O|  |TAMS 0x0000000094f00000, 0x0000000094f00000| Untracked 
| 336|0x0000000095000000, 0x0000000095100000, 0x0000000095100000|100%| O|  |TAMS 0x0000000095000000, 0x0000000095000000| Untracked 
| 337|0x0000000095100000, 0x0000000095200000, 0x0000000095200000|100%| O|  |TAMS 0x0000000095100000, 0x0000000095100000| Untracked 
| 338|0x0000000095200000, 0x0000000095300000, 0x0000000095300000|100%| O|  |TAMS 0x0000000095200000, 0x0000000095200000| Untracked 
| 339|0x0000000095300000, 0x0000000095400000, 0x0000000095400000|100%| O|  |TAMS 0x0000000095300000, 0x0000000095300000| Untracked 
| 340|0x0000000095400000, 0x0000000095500000, 0x0000000095500000|100%| O|  |TAMS 0x0000000095400000, 0x0000000095400000| Untracked 
| 341|0x0000000095500000, 0x0000000095600000, 0x0000000095600000|100%| O|  |TAMS 0x0000000095500000, 0x0000000095500000| Untracked 
| 342|0x0000000095600000, 0x0000000095700000, 0x0000000095700000|100%| O|  |TAMS 0x0000000095600000, 0x0000000095600000| Untracked 
| 343|0x0000000095700000, 0x0000000095800000, 0x0000000095800000|100%| O|  |TAMS 0x0000000095700000, 0x0000000095700000| Untracked 
| 344|0x0000000095800000, 0x0000000095900000, 0x0000000095900000|100%| O|  |TAMS 0x0000000095800000, 0x0000000095800000| Untracked 
| 345|0x0000000095900000, 0x0000000095a00000, 0x0000000095a00000|100%| O|  |TAMS 0x0000000095900000, 0x0000000095900000| Untracked 
| 346|0x0000000095a00000, 0x0000000095b00000, 0x0000000095b00000|100%| O|  |TAMS 0x0000000095a00000, 0x0000000095a00000| Untracked 
| 347|0x0000000095b00000, 0x0000000095c00000, 0x0000000095c00000|100%| O|  |TAMS 0x0000000095b00000, 0x0000000095b00000| Untracked 
| 348|0x0000000095c00000, 0x0000000095d00000, 0x0000000095d00000|100%| O|  |TAMS 0x0000000095c00000, 0x0000000095c00000| Untracked 
| 349|0x0000000095d00000, 0x0000000095e00000, 0x0000000095e00000|100%| O|  |TAMS 0x0000000095d00000, 0x0000000095d00000| Untracked 
| 350|0x0000000095e00000, 0x0000000095f00000, 0x0000000095f00000|100%| O|  |TAMS 0x0000000095e00000, 0x0000000095e00000| Untracked 
| 351|0x0000000095f00000, 0x0000000096000000, 0x0000000096000000|100%| O|  |TAMS 0x0000000095f00000, 0x0000000095f00000| Untracked 
| 352|0x0000000096000000, 0x0000000096100000, 0x0000000096100000|100%| O|  |TAMS 0x0000000096000000, 0x0000000096000000| Untracked 
| 353|0x0000000096100000, 0x0000000096200000, 0x0000000096200000|100%| O|  |TAMS 0x0000000096100000, 0x0000000096100000| Untracked 
| 354|0x0000000096200000, 0x0000000096300000, 0x0000000096300000|100%| O|  |TAMS 0x0000000096200000, 0x0000000096200000| Untracked 
| 355|0x0000000096300000, 0x0000000096400000, 0x0000000096400000|100%| O|  |TAMS 0x0000000096300000, 0x0000000096300000| Untracked 
| 356|0x0000000096400000, 0x0000000096500000, 0x0000000096500000|100%| O|  |TAMS 0x0000000096400000, 0x0000000096400000| Untracked 
| 357|0x0000000096500000, 0x0000000096600000, 0x0000000096600000|100%| O|  |TAMS 0x0000000096500000, 0x0000000096500000| Untracked 
| 358|0x0000000096600000, 0x0000000096700000, 0x0000000096700000|100%| O|  |TAMS 0x0000000096600000, 0x0000000096600000| Untracked 
| 359|0x0000000096700000, 0x0000000096800000, 0x0000000096800000|100%| O|  |TAMS 0x0000000096700000, 0x0000000096700000| Untracked 
| 360|0x0000000096800000, 0x0000000096900000, 0x0000000096900000|100%| O|  |TAMS 0x0000000096800000, 0x0000000096800000| Untracked 
| 361|0x0000000096900000, 0x0000000096a00000, 0x0000000096a00000|100%| O|  |TAMS 0x0000000096900000, 0x0000000096900000| Untracked 
| 362|0x0000000096a00000, 0x0000000096b00000, 0x0000000096b00000|100%| O|  |TAMS 0x0000000096a00000, 0x0000000096a00000| Untracked 
| 363|0x0000000096b00000, 0x0000000096c00000, 0x0000000096c00000|100%| O|  |TAMS 0x0000000096b00000, 0x0000000096b00000| Untracked 
| 364|0x0000000096c00000, 0x0000000096d00000, 0x0000000096d00000|100%| O|  |TAMS 0x0000000096c00000, 0x0000000096c00000| Untracked 
| 365|0x0000000096d00000, 0x0000000096e00000, 0x0000000096e00000|100%| O|  |TAMS 0x0000000096d00000, 0x0000000096d00000| Untracked 
| 366|0x0000000096e00000, 0x0000000096f00000, 0x0000000096f00000|100%| O|  |TAMS 0x0000000096e00000, 0x0000000096e00000| Untracked 
| 367|0x0000000096f00000, 0x0000000097000000, 0x0000000097000000|100%| O|  |TAMS 0x0000000096f00000, 0x0000000096f00000| Untracked 
| 368|0x0000000097000000, 0x0000000097100000, 0x0000000097100000|100%| O|  |TAMS 0x0000000097000000, 0x0000000097000000| Untracked 
| 369|0x0000000097100000, 0x0000000097200000, 0x0000000097200000|100%| O|  |TAMS 0x0000000097100000, 0x0000000097100000| Untracked 
| 370|0x0000000097200000, 0x0000000097300000, 0x0000000097300000|100%| O|  |TAMS 0x0000000097200000, 0x0000000097200000| Untracked 
| 371|0x0000000097300000, 0x0000000097400000, 0x0000000097400000|100%| O|  |TAMS 0x0000000097300000, 0x0000000097300000| Untracked 
| 372|0x0000000097400000, 0x0000000097500000, 0x0000000097500000|100%| O|  |TAMS 0x0000000097400000, 0x0000000097400000| Untracked 
| 373|0x0000000097500000, 0x0000000097600000, 0x0000000097600000|100%| O|  |TAMS 0x0000000097500000, 0x0000000097500000| Untracked 
| 374|0x0000000097600000, 0x0000000097700000, 0x0000000097700000|100%| O|  |TAMS 0x0000000097600000, 0x0000000097600000| Untracked 
| 375|0x0000000097700000, 0x0000000097800000, 0x0000000097800000|100%| O|  |TAMS 0x0000000097700000, 0x0000000097700000| Untracked 
| 376|0x0000000097800000, 0x0000000097900000, 0x0000000097900000|100%| O|  |TAMS 0x0000000097800000, 0x0000000097800000| Untracked 
| 377|0x0000000097900000, 0x0000000097a00000, 0x0000000097a00000|100%| O|  |TAMS 0x0000000097900000, 0x0000000097900000| Untracked 
| 378|0x0000000097a00000, 0x0000000097b00000, 0x0000000097b00000|100%| O|  |TAMS 0x0000000097a00000, 0x0000000097a00000| Untracked 
| 379|0x0000000097b00000, 0x0000000097c00000, 0x0000000097c00000|100%| O|  |TAMS 0x0000000097b00000, 0x0000000097b00000| Untracked 
| 380|0x0000000097c00000, 0x0000000097d00000, 0x0000000097d00000|100%| O|  |TAMS 0x0000000097c00000, 0x0000000097c00000| Untracked 
| 381|0x0000000097d00000, 0x0000000097e00000, 0x0000000097e00000|100%| O|  |TAMS 0x0000000097d00000, 0x0000000097d00000| Untracked 
| 382|0x0000000097e00000, 0x0000000097f00000, 0x0000000097f00000|100%| O|  |TAMS 0x0000000097e00000, 0x0000000097e00000| Untracked 
| 383|0x0000000097f00000, 0x0000000098000000, 0x0000000098000000|100%| O|  |TAMS 0x0000000097f00000, 0x0000000097f00000| Untracked 
| 384|0x0000000098000000, 0x0000000098100000, 0x0000000098100000|100%| O|  |TAMS 0x0000000098000000, 0x0000000098000000| Untracked 
| 385|0x0000000098100000, 0x0000000098200000, 0x0000000098200000|100%| O|  |TAMS 0x0000000098100000, 0x0000000098100000| Untracked 
| 386|0x0000000098200000, 0x0000000098300000, 0x0000000098300000|100%| O|  |TAMS 0x0000000098200000, 0x0000000098200000| Untracked 
| 387|0x0000000098300000, 0x0000000098400000, 0x0000000098400000|100%| O|  |TAMS 0x0000000098300000, 0x0000000098300000| Untracked 
| 388|0x0000000098400000, 0x0000000098500000, 0x0000000098500000|100%| O|  |TAMS 0x0000000098400000, 0x0000000098400000| Untracked 
| 389|0x0000000098500000, 0x0000000098600000, 0x0000000098600000|100%| O|  |TAMS 0x0000000098500000, 0x0000000098500000| Untracked 
| 390|0x0000000098600000, 0x0000000098700000, 0x0000000098700000|100%| O|  |TAMS 0x0000000098600000, 0x0000000098600000| Untracked 
| 391|0x0000000098700000, 0x0000000098800000, 0x0000000098800000|100%| O|  |TAMS 0x0000000098700000, 0x0000000098700000| Untracked 
| 392|0x0000000098800000, 0x0000000098900000, 0x0000000098900000|100%| O|  |TAMS 0x0000000098800000, 0x0000000098800000| Untracked 
| 393|0x0000000098900000, 0x0000000098a00000, 0x0000000098a00000|100%| O|  |TAMS 0x0000000098900000, 0x0000000098900000| Untracked 
| 394|0x0000000098a00000, 0x0000000098b00000, 0x0000000098b00000|100%| O|  |TAMS 0x0000000098a00000, 0x0000000098a00000| Untracked 
| 395|0x0000000098b00000, 0x0000000098c00000, 0x0000000098c00000|100%| O|  |TAMS 0x0000000098b00000, 0x0000000098b00000| Untracked 
| 396|0x0000000098c00000, 0x0000000098d00000, 0x0000000098d00000|100%| O|  |TAMS 0x0000000098c00000, 0x0000000098c00000| Untracked 
| 397|0x0000000098d00000, 0x0000000098e00000, 0x0000000098e00000|100%| O|  |TAMS 0x0000000098d00000, 0x0000000098d00000| Untracked 
| 398|0x0000000098e00000, 0x0000000098f00000, 0x0000000098f00000|100%| O|  |TAMS 0x0000000098e00000, 0x0000000098e00000| Untracked 
| 399|0x0000000098f00000, 0x0000000099000000, 0x0000000099000000|100%| O|  |TAMS 0x0000000098f00000, 0x0000000098f00000| Untracked 
| 400|0x0000000099000000, 0x0000000099100000, 0x0000000099100000|100%| O|  |TAMS 0x0000000099000000, 0x0000000099000000| Untracked 
| 401|0x0000000099100000, 0x0000000099200000, 0x0000000099200000|100%| O|  |TAMS 0x0000000099100000, 0x0000000099100000| Untracked 
| 402|0x0000000099200000, 0x0000000099300000, 0x0000000099300000|100%| O|  |TAMS 0x0000000099200000, 0x0000000099200000| Untracked 
| 403|0x0000000099300000, 0x0000000099400000, 0x0000000099400000|100%| O|  |TAMS 0x0000000099300000, 0x0000000099300000| Untracked 
| 404|0x0000000099400000, 0x0000000099500000, 0x0000000099500000|100%| O|  |TAMS 0x0000000099400000, 0x0000000099400000| Untracked 
| 405|0x0000000099500000, 0x0000000099600000, 0x0000000099600000|100%| O|  |TAMS 0x0000000099500000, 0x0000000099500000| Untracked 
| 406|0x0000000099600000, 0x0000000099700000, 0x0000000099700000|100%| O|  |TAMS 0x0000000099600000, 0x0000000099600000| Untracked 
| 407|0x0000000099700000, 0x0000000099800000, 0x0000000099800000|100%| O|  |TAMS 0x0000000099700000, 0x0000000099700000| Untracked 
| 408|0x0000000099800000, 0x0000000099900000, 0x0000000099900000|100%| O|  |TAMS 0x0000000099800000, 0x0000000099800000| Untracked 
| 409|0x0000000099900000, 0x0000000099a00000, 0x0000000099a00000|100%| O|  |TAMS 0x0000000099900000, 0x0000000099900000| Untracked 
| 410|0x0000000099a00000, 0x0000000099b00000, 0x0000000099b00000|100%| O|  |TAMS 0x0000000099a00000, 0x0000000099a00000| Untracked 
| 411|0x0000000099b00000, 0x0000000099c00000, 0x0000000099c00000|100%| O|  |TAMS 0x0000000099b00000, 0x0000000099b00000| Untracked 
| 412|0x0000000099c00000, 0x0000000099c62200, 0x0000000099d00000| 38%| O|  |TAMS 0x0000000099c00000, 0x0000000099c00000| Untracked 
| 413|0x0000000099d00000, 0x0000000099d00000, 0x0000000099e00000|  0%| F|  |TAMS 0x0000000099d00000, 0x0000000099d00000| Untracked 
| 414|0x0000000099e00000, 0x0000000099e00000, 0x0000000099f00000|  0%| F|  |TAMS 0x0000000099e00000, 0x0000000099e00000| Untracked 
| 415|0x0000000099f00000, 0x0000000099f00000, 0x000000009a000000|  0%| F|  |TAMS 0x0000000099f00000, 0x0000000099f00000| Untracked 
| 416|0x000000009a000000, 0x000000009a000000, 0x000000009a100000|  0%| F|  |TAMS 0x000000009a000000, 0x000000009a000000| Untracked 
| 417|0x000000009a100000, 0x000000009a100000, 0x000000009a200000|  0%| F|  |TAMS 0x000000009a100000, 0x000000009a100000| Untracked 
| 418|0x000000009a200000, 0x000000009a200000, 0x000000009a300000|  0%| F|  |TAMS 0x000000009a200000, 0x000000009a200000| Untracked 
| 419|0x000000009a300000, 0x000000009a300000, 0x000000009a400000|  0%| F|  |TAMS 0x000000009a300000, 0x000000009a300000| Untracked 
| 420|0x000000009a400000, 0x000000009a400000, 0x000000009a500000|  0%| F|  |TAMS 0x000000009a400000, 0x000000009a400000| Untracked 
| 421|0x000000009a500000, 0x000000009a500000, 0x000000009a600000|  0%| F|  |TAMS 0x000000009a500000, 0x000000009a500000| Untracked 
| 422|0x000000009a600000, 0x000000009a600000, 0x000000009a700000|  0%| F|  |TAMS 0x000000009a600000, 0x000000009a600000| Untracked 
| 423|0x000000009a700000, 0x000000009a700000, 0x000000009a800000|  0%| F|  |TAMS 0x000000009a700000, 0x000000009a700000| Untracked 
| 424|0x000000009a800000, 0x000000009a800000, 0x000000009a900000|  0%| F|  |TAMS 0x000000009a800000, 0x000000009a800000| Untracked 
| 425|0x000000009a900000, 0x000000009a900000, 0x000000009aa00000|  0%| F|  |TAMS 0x000000009a900000, 0x000000009a900000| Untracked 
| 426|0x000000009aa00000, 0x000000009aa00000, 0x000000009ab00000|  0%| F|  |TAMS 0x000000009aa00000, 0x000000009aa00000| Untracked 
| 427|0x000000009ab00000, 0x000000009ab00000, 0x000000009ac00000|  0%| F|  |TAMS 0x000000009ab00000, 0x000000009ab00000| Untracked 
| 428|0x000000009ac00000, 0x000000009ac00000, 0x000000009ad00000|  0%| F|  |TAMS 0x000000009ac00000, 0x000000009ac00000| Untracked 
| 429|0x000000009ad00000, 0x000000009ad00000, 0x000000009ae00000|  0%| F|  |TAMS 0x000000009ad00000, 0x000000009ad00000| Untracked 
| 430|0x000000009ae00000, 0x000000009ae00000, 0x000000009af00000|  0%| F|  |TAMS 0x000000009ae00000, 0x000000009ae00000| Untracked 
| 431|0x000000009af00000, 0x000000009af00000, 0x000000009b000000|  0%| F|  |TAMS 0x000000009af00000, 0x000000009af00000| Untracked 
| 432|0x000000009b000000, 0x000000009b000000, 0x000000009b100000|  0%| F|  |TAMS 0x000000009b000000, 0x000000009b000000| Untracked 
| 433|0x000000009b100000, 0x000000009b100000, 0x000000009b200000|  0%| F|  |TAMS 0x000000009b100000, 0x000000009b100000| Untracked 
| 434|0x000000009b200000, 0x000000009b200000, 0x000000009b300000|  0%| F|  |TAMS 0x000000009b200000, 0x000000009b200000| Untracked 
| 435|0x000000009b300000, 0x000000009b300000, 0x000000009b400000|  0%| F|  |TAMS 0x000000009b300000, 0x000000009b300000| Untracked 
| 436|0x000000009b400000, 0x000000009b400000, 0x000000009b500000|  0%| F|  |TAMS 0x000000009b400000, 0x000000009b400000| Untracked 
| 437|0x000000009b500000, 0x000000009b500000, 0x000000009b600000|  0%| F|  |TAMS 0x000000009b500000, 0x000000009b500000| Untracked 
| 438|0x000000009b600000, 0x000000009b600000, 0x000000009b700000|  0%| F|  |TAMS 0x000000009b600000, 0x000000009b600000| Untracked 
| 439|0x000000009b700000, 0x000000009b700000, 0x000000009b800000|  0%| F|  |TAMS 0x000000009b700000, 0x000000009b700000| Untracked 
| 440|0x000000009b800000, 0x000000009b800000, 0x000000009b900000|  0%| F|  |TAMS 0x000000009b800000, 0x000000009b800000| Untracked 
| 441|0x000000009b900000, 0x000000009b900000, 0x000000009ba00000|  0%| F|  |TAMS 0x000000009b900000, 0x000000009b900000| Untracked 
| 442|0x000000009ba00000, 0x000000009ba00000, 0x000000009bb00000|  0%| F|  |TAMS 0x000000009ba00000, 0x000000009ba00000| Untracked 
| 443|0x000000009bb00000, 0x000000009bb00000, 0x000000009bc00000|  0%| F|  |TAMS 0x000000009bb00000, 0x000000009bb00000| Untracked 
| 444|0x000000009bc00000, 0x000000009bc00000, 0x000000009bd00000|  0%| F|  |TAMS 0x000000009bc00000, 0x000000009bc00000| Untracked 
| 445|0x000000009bd00000, 0x000000009bd00000, 0x000000009be00000|  0%| F|  |TAMS 0x000000009bd00000, 0x000000009bd00000| Untracked 
| 446|0x000000009be00000, 0x000000009be00000, 0x000000009bf00000|  0%| F|  |TAMS 0x000000009be00000, 0x000000009be00000| Untracked 
| 447|0x000000009bf00000, 0x000000009bf00000, 0x000000009c000000|  0%| F|  |TAMS 0x000000009bf00000, 0x000000009bf00000| Untracked 
| 448|0x000000009c000000, 0x000000009c000000, 0x000000009c100000|  0%| F|  |TAMS 0x000000009c000000, 0x000000009c000000| Untracked 
| 449|0x000000009c100000, 0x000000009c100000, 0x000000009c200000|  0%| F|  |TAMS 0x000000009c100000, 0x000000009c100000| Untracked 
| 450|0x000000009c200000, 0x000000009c200000, 0x000000009c300000|  0%| F|  |TAMS 0x000000009c200000, 0x000000009c200000| Untracked 
| 451|0x000000009c300000, 0x000000009c300000, 0x000000009c400000|  0%| F|  |TAMS 0x000000009c300000, 0x000000009c300000| Untracked 
| 452|0x000000009c400000, 0x000000009c400000, 0x000000009c500000|  0%| F|  |TAMS 0x000000009c400000, 0x000000009c400000| Untracked 
| 453|0x000000009c500000, 0x000000009c500000, 0x000000009c600000|  0%| F|  |TAMS 0x000000009c500000, 0x000000009c500000| Untracked 
| 454|0x000000009c600000, 0x000000009c600000, 0x000000009c700000|  0%| F|  |TAMS 0x000000009c600000, 0x000000009c600000| Untracked 
| 455|0x000000009c700000, 0x000000009c700000, 0x000000009c800000|  0%| F|  |TAMS 0x000000009c700000, 0x000000009c700000| Untracked 
| 456|0x000000009c800000, 0x000000009c800000, 0x000000009c900000|  0%| F|  |TAMS 0x000000009c800000, 0x000000009c800000| Untracked 
| 457|0x000000009c900000, 0x000000009c900000, 0x000000009ca00000|  0%| F|  |TAMS 0x000000009c900000, 0x000000009c900000| Untracked 
| 458|0x000000009ca00000, 0x000000009ca00000, 0x000000009cb00000|  0%| F|  |TAMS 0x000000009ca00000, 0x000000009ca00000| Untracked 
| 459|0x000000009cb00000, 0x000000009cb00000, 0x000000009cc00000|  0%| F|  |TAMS 0x000000009cb00000, 0x000000009cb00000| Untracked 
| 460|0x000000009cc00000, 0x000000009cc00000, 0x000000009cd00000|  0%| F|  |TAMS 0x000000009cc00000, 0x000000009cc00000| Untracked 
| 461|0x000000009cd00000, 0x000000009cd00000, 0x000000009ce00000|  0%| F|  |TAMS 0x000000009cd00000, 0x000000009cd00000| Untracked 
| 462|0x000000009ce00000, 0x000000009ce00000, 0x000000009cf00000|  0%| F|  |TAMS 0x000000009ce00000, 0x000000009ce00000| Untracked 
| 463|0x000000009cf00000, 0x000000009cf00000, 0x000000009d000000|  0%| F|  |TAMS 0x000000009cf00000, 0x000000009cf00000| Untracked 
| 464|0x000000009d000000, 0x000000009d000000, 0x000000009d100000|  0%| F|  |TAMS 0x000000009d000000, 0x000000009d000000| Untracked 
| 465|0x000000009d100000, 0x000000009d100000, 0x000000009d200000|  0%| F|  |TAMS 0x000000009d100000, 0x000000009d100000| Untracked 
| 466|0x000000009d200000, 0x000000009d200000, 0x000000009d300000|  0%| F|  |TAMS 0x000000009d200000, 0x000000009d200000| Untracked 
| 467|0x000000009d300000, 0x000000009d300000, 0x000000009d400000|  0%| F|  |TAMS 0x000000009d300000, 0x000000009d300000| Untracked 
| 468|0x000000009d400000, 0x000000009d400000, 0x000000009d500000|  0%| F|  |TAMS 0x000000009d400000, 0x000000009d400000| Untracked 
| 469|0x000000009d500000, 0x000000009d500000, 0x000000009d600000|  0%| F|  |TAMS 0x000000009d500000, 0x000000009d500000| Untracked 
| 470|0x000000009d600000, 0x000000009d600000, 0x000000009d700000|  0%| F|  |TAMS 0x000000009d600000, 0x000000009d600000| Untracked 
| 471|0x000000009d700000, 0x000000009d700000, 0x000000009d800000|  0%| F|  |TAMS 0x000000009d700000, 0x000000009d700000| Untracked 
| 472|0x000000009d800000, 0x000000009d800000, 0x000000009d900000|  0%| F|  |TAMS 0x000000009d800000, 0x000000009d800000| Untracked 
| 473|0x000000009d900000, 0x000000009d900000, 0x000000009da00000|  0%| F|  |TAMS 0x000000009d900000, 0x000000009d900000| Untracked 
| 474|0x000000009da00000, 0x000000009da00000, 0x000000009db00000|  0%| F|  |TAMS 0x000000009da00000, 0x000000009da00000| Untracked 
| 475|0x000000009db00000, 0x000000009db00000, 0x000000009dc00000|  0%| F|  |TAMS 0x000000009db00000, 0x000000009db00000| Untracked 
| 476|0x000000009dc00000, 0x000000009dc00000, 0x000000009dd00000|  0%| F|  |TAMS 0x000000009dc00000, 0x000000009dc00000| Untracked 
| 477|0x000000009dd00000, 0x000000009dd00000, 0x000000009de00000|  0%| F|  |TAMS 0x000000009dd00000, 0x000000009dd00000| Untracked 
| 478|0x000000009de00000, 0x000000009de00000, 0x000000009df00000|  0%| F|  |TAMS 0x000000009de00000, 0x000000009de00000| Untracked 
| 479|0x000000009df00000, 0x000000009df00000, 0x000000009e000000|  0%| F|  |TAMS 0x000000009df00000, 0x000000009df00000| Untracked 
| 480|0x000000009e000000, 0x000000009e000000, 0x000000009e100000|  0%| F|  |TAMS 0x000000009e000000, 0x000000009e000000| Untracked 
| 481|0x000000009e100000, 0x000000009e100000, 0x000000009e200000|  0%| F|  |TAMS 0x000000009e100000, 0x000000009e100000| Untracked 
| 482|0x000000009e200000, 0x000000009e200000, 0x000000009e300000|  0%| F|  |TAMS 0x000000009e200000, 0x000000009e200000| Untracked 
| 483|0x000000009e300000, 0x000000009e300000, 0x000000009e400000|  0%| F|  |TAMS 0x000000009e300000, 0x000000009e300000| Untracked 
| 484|0x000000009e400000, 0x000000009e400000, 0x000000009e500000|  0%| F|  |TAMS 0x000000009e400000, 0x000000009e400000| Untracked 
| 485|0x000000009e500000, 0x000000009e500000, 0x000000009e600000|  0%| F|  |TAMS 0x000000009e500000, 0x000000009e500000| Untracked 
| 486|0x000000009e600000, 0x000000009e600000, 0x000000009e700000|  0%| F|  |TAMS 0x000000009e600000, 0x000000009e600000| Untracked 
| 487|0x000000009e700000, 0x000000009e788150, 0x000000009e800000| 53%| S|CS|TAMS 0x000000009e700000, 0x000000009e700000| Complete 
| 488|0x000000009e800000, 0x000000009e900000, 0x000000009e900000|100%| S|CS|TAMS 0x000000009e800000, 0x000000009e800000| Complete 
| 489|0x000000009e900000, 0x000000009ea00000, 0x000000009ea00000|100%| S|CS|TAMS 0x000000009e900000, 0x000000009e900000| Complete 
| 490|0x000000009ea00000, 0x000000009eb00000, 0x000000009eb00000|100%| S|CS|TAMS 0x000000009ea00000, 0x000000009ea00000| Complete 
| 491|0x000000009eb00000, 0x000000009ec00000, 0x000000009ec00000|100%| S|CS|TAMS 0x000000009eb00000, 0x000000009eb00000| Complete 
| 492|0x000000009ec00000, 0x000000009ed00000, 0x000000009ed00000|100%| S|CS|TAMS 0x000000009ec00000, 0x000000009ec00000| Complete 
| 493|0x000000009ed00000, 0x000000009ee00000, 0x000000009ee00000|100%| S|CS|TAMS 0x000000009ed00000, 0x000000009ed00000| Complete 
| 494|0x000000009ee00000, 0x000000009ee00000, 0x000000009ef00000|  0%| F|  |TAMS 0x000000009ee00000, 0x000000009ee00000| Untracked 
| 495|0x000000009ef00000, 0x000000009ef00000, 0x000000009f000000|  0%| F|  |TAMS 0x000000009ef00000, 0x000000009ef00000| Untracked 
| 496|0x000000009f000000, 0x000000009f000000, 0x000000009f100000|  0%| F|  |TAMS 0x000000009f000000, 0x000000009f000000| Untracked 
| 497|0x000000009f100000, 0x000000009f100000, 0x000000009f200000|  0%| F|  |TAMS 0x000000009f100000, 0x000000009f100000| Untracked 
| 498|0x000000009f200000, 0x000000009f200000, 0x000000009f300000|  0%| F|  |TAMS 0x000000009f200000, 0x000000009f200000| Untracked 
| 499|0x000000009f300000, 0x000000009f300000, 0x000000009f400000|  0%| F|  |TAMS 0x000000009f300000, 0x000000009f300000| Untracked 
| 500|0x000000009f400000, 0x000000009f400000, 0x000000009f500000|  0%| F|  |TAMS 0x000000009f400000, 0x000000009f400000| Untracked 
| 501|0x000000009f500000, 0x000000009f500000, 0x000000009f600000|  0%| F|  |TAMS 0x000000009f500000, 0x000000009f500000| Untracked 
| 502|0x000000009f600000, 0x000000009f600000, 0x000000009f700000|  0%| F|  |TAMS 0x000000009f600000, 0x000000009f600000| Untracked 
| 503|0x000000009f700000, 0x000000009f700000, 0x000000009f800000|  0%| F|  |TAMS 0x000000009f700000, 0x000000009f700000| Untracked 
| 504|0x000000009f800000, 0x000000009f800000, 0x000000009f900000|  0%| F|  |TAMS 0x000000009f800000, 0x000000009f800000| Untracked 
| 505|0x000000009f900000, 0x000000009f900000, 0x000000009fa00000|  0%| F|  |TAMS 0x000000009f900000, 0x000000009f900000| Untracked 
| 506|0x000000009fa00000, 0x000000009fa00000, 0x000000009fb00000|  0%| F|  |TAMS 0x000000009fa00000, 0x000000009fa00000| Untracked 
| 507|0x000000009fb00000, 0x000000009fb00000, 0x000000009fc00000|  0%| F|  |TAMS 0x000000009fb00000, 0x000000009fb00000| Untracked 
| 508|0x000000009fc00000, 0x000000009fc00000, 0x000000009fd00000|  0%| F|  |TAMS 0x000000009fc00000, 0x000000009fc00000| Untracked 
| 509|0x000000009fd00000, 0x000000009fd00000, 0x000000009fe00000|  0%| F|  |TAMS 0x000000009fd00000, 0x000000009fd00000| Untracked 
| 510|0x000000009fe00000, 0x000000009fe00000, 0x000000009ff00000|  0%| F|  |TAMS 0x000000009fe00000, 0x000000009fe00000| Untracked 
| 511|0x000000009ff00000, 0x000000009ff00000, 0x00000000a0000000|  0%| F|  |TAMS 0x000000009ff00000, 0x000000009ff00000| Untracked 
| 512|0x00000000a0000000, 0x00000000a0000000, 0x00000000a0100000|  0%| F|  |TAMS 0x00000000a0000000, 0x00000000a0000000| Untracked 
| 513|0x00000000a0100000, 0x00000000a0100000, 0x00000000a0200000|  0%| F|  |TAMS 0x00000000a0100000, 0x00000000a0100000| Untracked 
| 514|0x00000000a0200000, 0x00000000a0200000, 0x00000000a0300000|  0%| F|  |TAMS 0x00000000a0200000, 0x00000000a0200000| Untracked 
| 515|0x00000000a0300000, 0x00000000a0300000, 0x00000000a0400000|  0%| F|  |TAMS 0x00000000a0300000, 0x00000000a0300000| Untracked 
| 516|0x00000000a0400000, 0x00000000a0400000, 0x00000000a0500000|  0%| F|  |TAMS 0x00000000a0400000, 0x00000000a0400000| Untracked 
| 517|0x00000000a0500000, 0x00000000a0500000, 0x00000000a0600000|  0%| F|  |TAMS 0x00000000a0500000, 0x00000000a0500000| Untracked 
| 518|0x00000000a0600000, 0x00000000a0600000, 0x00000000a0700000|  0%| F|  |TAMS 0x00000000a0600000, 0x00000000a0600000| Untracked 
| 519|0x00000000a0700000, 0x00000000a0700000, 0x00000000a0800000|  0%| F|  |TAMS 0x00000000a0700000, 0x00000000a0700000| Untracked 
| 520|0x00000000a0800000, 0x00000000a0800000, 0x00000000a0900000|  0%| F|  |TAMS 0x00000000a0800000, 0x00000000a0800000| Untracked 
| 521|0x00000000a0900000, 0x00000000a0900000, 0x00000000a0a00000|  0%| F|  |TAMS 0x00000000a0900000, 0x00000000a0900000| Untracked 
| 522|0x00000000a0a00000, 0x00000000a0a00000, 0x00000000a0b00000|  0%| F|  |TAMS 0x00000000a0a00000, 0x00000000a0a00000| Untracked 
| 523|0x00000000a0b00000, 0x00000000a0b00000, 0x00000000a0c00000|  0%| F|  |TAMS 0x00000000a0b00000, 0x00000000a0b00000| Untracked 
| 524|0x00000000a0c00000, 0x00000000a0c00000, 0x00000000a0d00000|  0%| F|  |TAMS 0x00000000a0c00000, 0x00000000a0c00000| Untracked 
| 525|0x00000000a0d00000, 0x00000000a0d00000, 0x00000000a0e00000|  0%| F|  |TAMS 0x00000000a0d00000, 0x00000000a0d00000| Untracked 
| 526|0x00000000a0e00000, 0x00000000a0e00000, 0x00000000a0f00000|  0%| F|  |TAMS 0x00000000a0e00000, 0x00000000a0e00000| Untracked 
| 527|0x00000000a0f00000, 0x00000000a0f00000, 0x00000000a1000000|  0%| F|  |TAMS 0x00000000a0f00000, 0x00000000a0f00000| Untracked 
| 528|0x00000000a1000000, 0x00000000a1000000, 0x00000000a1100000|  0%| F|  |TAMS 0x00000000a1000000, 0x00000000a1000000| Untracked 
| 529|0x00000000a1100000, 0x00000000a1100000, 0x00000000a1200000|  0%| F|  |TAMS 0x00000000a1100000, 0x00000000a1100000| Untracked 
| 530|0x00000000a1200000, 0x00000000a1200000, 0x00000000a1300000|  0%| F|  |TAMS 0x00000000a1200000, 0x00000000a1200000| Untracked 
| 531|0x00000000a1300000, 0x00000000a1300000, 0x00000000a1400000|  0%| F|  |TAMS 0x00000000a1300000, 0x00000000a1300000| Untracked 
| 532|0x00000000a1400000, 0x00000000a1400000, 0x00000000a1500000|  0%| F|  |TAMS 0x00000000a1400000, 0x00000000a1400000| Untracked 
| 533|0x00000000a1500000, 0x00000000a1500000, 0x00000000a1600000|  0%| F|  |TAMS 0x00000000a1500000, 0x00000000a1500000| Untracked 
| 534|0x00000000a1600000, 0x00000000a1600000, 0x00000000a1700000|  0%| F|  |TAMS 0x00000000a1600000, 0x00000000a1600000| Untracked 
| 535|0x00000000a1700000, 0x00000000a1700000, 0x00000000a1800000|  0%| F|  |TAMS 0x00000000a1700000, 0x00000000a1700000| Untracked 
| 536|0x00000000a1800000, 0x00000000a1800000, 0x00000000a1900000|  0%| F|  |TAMS 0x00000000a1800000, 0x00000000a1800000| Untracked 
| 537|0x00000000a1900000, 0x00000000a1900000, 0x00000000a1a00000|  0%| F|  |TAMS 0x00000000a1900000, 0x00000000a1900000| Untracked 
| 538|0x00000000a1a00000, 0x00000000a1a00000, 0x00000000a1b00000|  0%| F|  |TAMS 0x00000000a1a00000, 0x00000000a1a00000| Untracked 
| 539|0x00000000a1b00000, 0x00000000a1b00000, 0x00000000a1c00000|  0%| F|  |TAMS 0x00000000a1b00000, 0x00000000a1b00000| Untracked 
| 540|0x00000000a1c00000, 0x00000000a1c00000, 0x00000000a1d00000|  0%| F|  |TAMS 0x00000000a1c00000, 0x00000000a1c00000| Untracked 
| 541|0x00000000a1d00000, 0x00000000a1d00000, 0x00000000a1e00000|  0%| F|  |TAMS 0x00000000a1d00000, 0x00000000a1d00000| Untracked 
| 542|0x00000000a1e00000, 0x00000000a1e00000, 0x00000000a1f00000|  0%| F|  |TAMS 0x00000000a1e00000, 0x00000000a1e00000| Untracked 
| 543|0x00000000a1f00000, 0x00000000a1f00000, 0x00000000a2000000|  0%| F|  |TAMS 0x00000000a1f00000, 0x00000000a1f00000| Untracked 
| 544|0x00000000a2000000, 0x00000000a2000000, 0x00000000a2100000|  0%| F|  |TAMS 0x00000000a2000000, 0x00000000a2000000| Untracked 
| 545|0x00000000a2100000, 0x00000000a2100000, 0x00000000a2200000|  0%| F|  |TAMS 0x00000000a2100000, 0x00000000a2100000| Untracked 
| 546|0x00000000a2200000, 0x00000000a2200000, 0x00000000a2300000|  0%| F|  |TAMS 0x00000000a2200000, 0x00000000a2200000| Untracked 
| 547|0x00000000a2300000, 0x00000000a2300000, 0x00000000a2400000|  0%| F|  |TAMS 0x00000000a2300000, 0x00000000a2300000| Untracked 
| 548|0x00000000a2400000, 0x00000000a2400000, 0x00000000a2500000|  0%| F|  |TAMS 0x00000000a2400000, 0x00000000a2400000| Untracked 
| 549|0x00000000a2500000, 0x00000000a2500000, 0x00000000a2600000|  0%| F|  |TAMS 0x00000000a2500000, 0x00000000a2500000| Untracked 
| 550|0x00000000a2600000, 0x00000000a2600000, 0x00000000a2700000|  0%| F|  |TAMS 0x00000000a2600000, 0x00000000a2600000| Untracked 
| 551|0x00000000a2700000, 0x00000000a2700000, 0x00000000a2800000|  0%| F|  |TAMS 0x00000000a2700000, 0x00000000a2700000| Untracked 
| 552|0x00000000a2800000, 0x00000000a2800000, 0x00000000a2900000|  0%| F|  |TAMS 0x00000000a2800000, 0x00000000a2800000| Untracked 
| 553|0x00000000a2900000, 0x00000000a2900000, 0x00000000a2a00000|  0%| F|  |TAMS 0x00000000a2900000, 0x00000000a2900000| Untracked 
| 554|0x00000000a2a00000, 0x00000000a2a00000, 0x00000000a2b00000|  0%| F|  |TAMS 0x00000000a2a00000, 0x00000000a2a00000| Untracked 
| 555|0x00000000a2b00000, 0x00000000a2b00000, 0x00000000a2c00000|  0%| F|  |TAMS 0x00000000a2b00000, 0x00000000a2b00000| Untracked 
| 556|0x00000000a2c00000, 0x00000000a2c00000, 0x00000000a2d00000|  0%| F|  |TAMS 0x00000000a2c00000, 0x00000000a2c00000| Untracked 
| 557|0x00000000a2d00000, 0x00000000a2d00000, 0x00000000a2e00000|  0%| F|  |TAMS 0x00000000a2d00000, 0x00000000a2d00000| Untracked 
| 558|0x00000000a2e00000, 0x00000000a2e00000, 0x00000000a2f00000|  0%| F|  |TAMS 0x00000000a2e00000, 0x00000000a2e00000| Untracked 
| 559|0x00000000a2f00000, 0x00000000a2f00000, 0x00000000a3000000|  0%| F|  |TAMS 0x00000000a2f00000, 0x00000000a2f00000| Untracked 
| 560|0x00000000a3000000, 0x00000000a3000000, 0x00000000a3100000|  0%| F|  |TAMS 0x00000000a3000000, 0x00000000a3000000| Untracked 
| 561|0x00000000a3100000, 0x00000000a313c298, 0x00000000a3200000| 23%| E|  |TAMS 0x00000000a3100000, 0x00000000a3100000| Complete 
| 562|0x00000000a3200000, 0x00000000a3300000, 0x00000000a3300000|100%| E|  |TAMS 0x00000000a3200000, 0x00000000a3200000| Complete 
| 563|0x00000000a3300000, 0x00000000a3400000, 0x00000000a3400000|100%| E|CS|TAMS 0x00000000a3300000, 0x00000000a3300000| Complete 
| 564|0x00000000a3400000, 0x00000000a3500000, 0x00000000a3500000|100%| E|CS|TAMS 0x00000000a3400000, 0x00000000a3400000| Complete 
| 565|0x00000000a3500000, 0x00000000a3600000, 0x00000000a3600000|100%| E|CS|TAMS 0x00000000a3500000, 0x00000000a3500000| Complete 
| 566|0x00000000a3600000, 0x00000000a3700000, 0x00000000a3700000|100%| E|CS|TAMS 0x00000000a3600000, 0x00000000a3600000| Complete 
| 567|0x00000000a3700000, 0x00000000a3800000, 0x00000000a3800000|100%| E|CS|TAMS 0x00000000a3700000, 0x00000000a3700000| Complete 
| 568|0x00000000a3800000, 0x00000000a3900000, 0x00000000a3900000|100%| E|CS|TAMS 0x00000000a3800000, 0x00000000a3800000| Complete 
| 569|0x00000000a3900000, 0x00000000a3a00000, 0x00000000a3a00000|100%| E|CS|TAMS 0x00000000a3900000, 0x00000000a3900000| Complete 
| 570|0x00000000a3a00000, 0x00000000a3b00000, 0x00000000a3b00000|100%| E|CS|TAMS 0x00000000a3a00000, 0x00000000a3a00000| Complete 
| 571|0x00000000a3b00000, 0x00000000a3c00000, 0x00000000a3c00000|100%| E|CS|TAMS 0x00000000a3b00000, 0x00000000a3b00000| Complete 
| 572|0x00000000a3c00000, 0x00000000a3d00000, 0x00000000a3d00000|100%| E|CS|TAMS 0x00000000a3c00000, 0x00000000a3c00000| Complete 
| 573|0x00000000a3d00000, 0x00000000a3e00000, 0x00000000a3e00000|100%| E|CS|TAMS 0x00000000a3d00000, 0x00000000a3d00000| Complete 
| 574|0x00000000a3e00000, 0x00000000a3f00000, 0x00000000a3f00000|100%| E|CS|TAMS 0x00000000a3e00000, 0x00000000a3e00000| Complete 
| 575|0x00000000a3f00000, 0x00000000a4000000, 0x00000000a4000000|100%| E|CS|TAMS 0x00000000a3f00000, 0x00000000a3f00000| Complete 
|2047|0x00000000fff00000, 0x0000000100000000, 0x0000000100000000|100%| O|  |TAMS 0x0000000100000000, 0x00000000fff00000| Untracked 

Card table byte_map: [0x000001fd19f70000,0x000001fd1a370000] _byte_map_base: 0x000001fd19b70000

Marking Bits (Prev, Next): (CMBitMap*) 0x000001fd056f7c20, (CMBitMap*) 0x000001fd056f7c60
 Prev Bits: [0x000001fd1a770000, 0x000001fd1c770000)
 Next Bits: [0x000001fd1c770000, 0x000001fd1e770000)

Polling page: 0x000001fd05350000

Metaspace:

Usage:
  Non-class:    135.89 MB used.
      Class:     20.13 MB used.
       Both:    156.02 MB used.

Virtual space:
  Non-class space:      192.00 MB reserved,     136.69 MB ( 71%) committed,  3 nodes.
      Class space:        1.00 GB reserved,      20.88 MB (  2%) committed,  1 nodes.
             Both:        1.19 GB reserved,     157.56 MB ( 13%) committed. 

Chunk freelists:
   Non-Class:  6.71 MB
       Class:  11.00 MB
        Both:  17.72 MB

MaxMetaspaceSize: unlimited
CompressedClassSpaceSize: 1.00 GB
Initial GC threshold: 21.00 MB
Current GC threshold: 232.00 MB
CDS: off
MetaspaceReclaimPolicy: balanced
 - commit_granule_bytes: 65536.
 - commit_granule_words: 8192.
 - virtual_space_node_default_size: 8388608.
 - enlarge_chunks_in_place: 1.
 - new_chunks_are_fully_committed: 0.
 - uncommit_free_chunks: 1.
 - use_allocation_guard: 0.
 - handle_deallocations: 1.


Internal statistics:

num_allocs_failed_limit: 3.
num_arena_births: 3746.
num_arena_deaths: 918.
num_vsnodes_births: 4.
num_vsnodes_deaths: 0.
num_space_committed: 2525.
num_space_uncommitted: 6.
num_chunks_returned_to_freelist: 1242.
num_chunks_taken_from_freelist: 11033.
num_chunk_merges: 525.
num_chunk_splits: 6471.
num_chunks_enlarged: 3461.
num_inconsistent_stats: 0.

CodeHeap 'non-profiled nmethods': size=120000Kb used=23086Kb max_used=23086Kb free=96913Kb
 bounds [0x000001fd11bc0000, 0x000001fd13250000, 0x000001fd190f0000]
CodeHeap 'profiled nmethods': size=120000Kb used=49876Kb max_used=49876Kb free=70123Kb
 bounds [0x000001fd0a0f0000, 0x000001fd0d1b0000, 0x000001fd11620000]
CodeHeap 'non-nmethods': size=5760Kb used=2561Kb max_used=2634Kb free=3198Kb
 bounds [0x000001fd11620000, 0x000001fd118c0000, 0x000001fd11bc0000]
 total_blobs=25911 nmethods=24808 adapters=1014
 compilation: enabled
              stopped_count=0, restarted_count=0
 full_count=0

Compilation events (20 events):
Event: 5085.341 Thread 0x000001fd2144ab60 nmethod 31003 0x000001fd1324a890 code [0x000001fd1324aa00, 0x000001fd1324aa98]
Event: 5085.344 Thread 0x000001fd2145cf80 31004       1       org.gradle.api.tasks.compile.AbstractCompile::getDestinationDirectory (5 bytes)
Event: 5085.345 Thread 0x000001fd2145cf80 nmethod 31004 0x000001fd1324ab90 code [0x000001fd1324ad20, 0x000001fd1324adf8]
Event: 5085.345 Thread 0x000001fd2145cf80 31005   !   3       org.jetbrains.kotlin.gradle.dsl.KotlinProjectExtensionKt::getMultiplatformExtensionOrNull (111 bytes)
Event: 5085.348 Thread 0x000001fd2145cf80 nmethod 31005 0x000001fd0d19b210 code [0x000001fd0d19b720, 0x000001fd0d19e338]
Event: 5085.349 Thread 0x000001fd2145cf80 31006       3       java.util.HashMap::writeObject (28 bytes)
Event: 5085.349 Thread 0x000001fd2145cf80 nmethod 31006 0x000001fd0d19f210 code [0x000001fd0d19f400, 0x000001fd0d19f9d8]
Event: 5085.350 Thread 0x000001fd2144ab60 31007       4       java.io.ObjectStreamField::<init> (231 bytes)
Event: 5085.353 Thread 0x000001fd2145cf80 31008       3       java.util.Formatter$Conversion::isInteger (50 bytes)
Event: 5085.353 Thread 0x000001fd2145cf80 nmethod 31008 0x000001fd0d19fc10 code [0x000001fd0d19fda0, 0x000001fd0d19ff58]
Event: 5085.355 Thread 0x000001fd2144ab60 nmethod 31007 0x000001fd1324ae90 code [0x000001fd1324b020, 0x000001fd1324b508]
Event: 5086.457 Thread 0x000001fd2145cf80 31009       3       java.util.Formatter$FormatSpecifier::checkInteger (91 bytes)
Event: 5086.458 Thread 0x000001fd2144ab60 31010       4       java.lang.String::format (16 bytes)
Event: 5086.458 Thread 0x000001fd2145cf80 nmethod 31009 0x000001fd0d1a0010 code [0x000001fd0d1a0240, 0x000001fd0d1a0be8]
Event: 5086.458 Thread 0x000001fd2145cf80 31011       3       java.util.Formatter$FormatSpecifier::print (38 bytes)
Event: 5086.458 Thread 0x000001fd2145cf80 nmethod 31011 0x000001fd0d1a0e10 code [0x000001fd0d1a0fc0, 0x000001fd0d1a11c8]
Event: 5086.491 Thread 0x000001fd2145cf80 31012       1       sun.rmi.transport.tcp.TCPEndpoint::hashCode (5 bytes)
Event: 5086.492 Thread 0x000001fd2145cf80 nmethod 31012 0x000001fd1324b710 code [0x000001fd1324b8a0, 0x000001fd1324b978]
Event: 5086.557 Thread 0x000001fd2145cf80 31013   !   3       sun.nio.ch.NioSocketImpl::setOption (545 bytes)
Event: 5086.562 Thread 0x000001fd2145cf80 nmethod 31013 0x000001fd0d1a1290 code [0x000001fd0d1a18a0, 0x000001fd0d1a4758]

GC Heap History (20 events):
Event: 4639.530 GC heap before
{Heap before GC invocations=102 (full 0):
 garbage-first heap   total 590848K, used 476418K [0x0000000080000000, 0x0000000100000000)
  region size 1024K, 122 young (124928K), 11 survivors (11264K)
 Metaspace       used 152303K, committed 153536K, reserved 1245184K
  class space    used 19793K, committed 20416K, reserved 1048576K
}
Event: 4639.548 GC heap after
{Heap after GC invocations=103 (full 0):
 garbage-first heap   total 590848K, used 369942K [0x0000000080000000, 0x0000000100000000)
  region size 1024K, 9 young (9216K), 9 survivors (9216K)
 Metaspace       used 152303K, committed 153536K, reserved 1245184K
  class space    used 19793K, committed 20416K, reserved 1048576K
}
Event: 4657.495 GC heap before
{Heap before GC invocations=103 (full 0):
 garbage-first heap   total 590848K, used 482582K [0x0000000080000000, 0x0000000100000000)
  region size 1024K, 120 young (122880K), 9 survivors (9216K)
 Metaspace       used 154955K, committed 156224K, reserved 1245184K
  class space    used 20189K, committed 20800K, reserved 1048576K
}
Event: 4657.509 GC heap after
{Heap after GC invocations=104 (full 0):
 garbage-first heap   total 590848K, used 373281K [0x0000000080000000, 0x0000000100000000)
  region size 1024K, 7 young (7168K), 7 survivors (7168K)
 Metaspace       used 154955K, committed 156224K, reserved 1245184K
  class space    used 20189K, committed 20800K, reserved 1048576K
}
Event: 4660.456 GC heap before
{Heap before GC invocations=104 (full 0):
 garbage-first heap   total 590848K, used 499233K [0x0000000080000000, 0x0000000100000000)
  region size 1024K, 120 young (122880K), 7 survivors (7168K)
 Metaspace       used 157895K, committed 159232K, reserved 1245184K
  class space    used 20409K, committed 21056K, reserved 1048576K
}
Event: 4660.465 GC heap after
{Heap after GC invocations=105 (full 0):
 garbage-first heap   total 590848K, used 379607K [0x0000000080000000, 0x0000000100000000)
  region size 1024K, 10 young (10240K), 10 survivors (10240K)
 Metaspace       used 157895K, committed 159232K, reserved 1245184K
  class space    used 20409K, committed 21056K, reserved 1048576K
}
Event: 4750.809 GC heap before
{Heap before GC invocations=105 (full 0):
 garbage-first heap   total 590848K, used 495319K [0x0000000080000000, 0x0000000100000000)
  region size 1024K, 124 young (126976K), 10 survivors (10240K)
 Metaspace       used 158313K, committed 159680K, reserved 1245184K
  class space    used 20454K, committed 21120K, reserved 1048576K
}
Event: 4750.827 GC heap after
{Heap after GC invocations=106 (full 0):
 garbage-first heap   total 590848K, used 385126K [0x0000000080000000, 0x0000000100000000)
  region size 1024K, 12 young (12288K), 12 survivors (12288K)
 Metaspace       used 158313K, committed 159680K, reserved 1245184K
  class space    used 20454K, committed 21120K, reserved 1048576K
}
Event: 4844.058 GC heap before
{Heap before GC invocations=106 (full 0):
 garbage-first heap   total 590848K, used 496742K [0x0000000080000000, 0x0000000100000000)
  region size 1024K, 122 young (124928K), 12 survivors (12288K)
 Metaspace       used 158443K, committed 159808K, reserved 1245184K
  class space    used 20455K, committed 21120K, reserved 1048576K
}
Event: 4844.077 GC heap after
{Heap after GC invocations=107 (full 0):
 garbage-first heap   total 590848K, used 393445K [0x0000000080000000, 0x0000000100000000)
  region size 1024K, 9 young (9216K), 9 survivors (9216K)
 Metaspace       used 158443K, committed 159808K, reserved 1245184K
  class space    used 20455K, committed 21120K, reserved 1048576K
}
Event: 4938.546 GC heap before
{Heap before GC invocations=107 (full 0):
 garbage-first heap   total 590848K, used 498917K [0x0000000080000000, 0x0000000100000000)
  region size 1024K, 113 young (115712K), 9 survivors (9216K)
 Metaspace       used 158962K, committed 160576K, reserved 1245184K
  class space    used 20556K, committed 21376K, reserved 1048576K
}
Event: 4938.562 GC heap after
{Heap after GC invocations=108 (full 0):
 garbage-first heap   total 590848K, used 401928K [0x0000000080000000, 0x0000000100000000)
  region size 1024K, 9 young (9216K), 9 survivors (9216K)
 Metaspace       used 158962K, committed 160576K, reserved 1245184K
  class space    used 20556K, committed 21376K, reserved 1048576K
}
Event: 4940.612 GC heap before
{Heap before GC invocations=108 (full 0):
 garbage-first heap   total 590848K, used 501256K [0x0000000080000000, 0x0000000100000000)
  region size 1024K, 107 young (109568K), 9 survivors (9216K)
 Metaspace       used 159368K, committed 160960K, reserved 1245184K
  class space    used 20588K, committed 21376K, reserved 1048576K
}
Event: 4940.631 GC heap after
{Heap after GC invocations=109 (full 0):
 garbage-first heap   total 590848K, used 411835K [0x0000000080000000, 0x0000000100000000)
  region size 1024K, 11 young (11264K), 11 survivors (11264K)
 Metaspace       used 159368K, committed 160960K, reserved 1245184K
  class space    used 20588K, committed 21376K, reserved 1048576K
}
Event: 4944.497 GC heap before
{Heap before GC invocations=109 (full 0):
 garbage-first heap   total 590848K, used 501947K [0x0000000080000000, 0x0000000100000000)
  region size 1024K, 100 young (102400K), 11 survivors (11264K)
 Metaspace       used 159522K, committed 161088K, reserved 1245184K
  class space    used 20596K, committed 21376K, reserved 1048576K
}
Event: 4944.509 GC heap after
{Heap after GC invocations=110 (full 0):
 garbage-first heap   total 590848K, used 415777K [0x0000000080000000, 0x0000000100000000)
  region size 1024K, 5 young (5120K), 5 survivors (5120K)
 Metaspace       used 159522K, committed 161088K, reserved 1245184K
  class space    used 20596K, committed 21376K, reserved 1048576K
}
Event: 5082.826 GC heap before
{Heap before GC invocations=110 (full 0):
 garbage-first heap   total 590848K, used 506913K [0x0000000080000000, 0x0000000100000000)
  region size 1024K, 94 young (96256K), 5 survivors (5120K)
 Metaspace       used 159589K, committed 161152K, reserved 1245184K
  class space    used 20596K, committed 21376K, reserved 1048576K
}
Event: 5082.840 GC heap after
{Heap after GC invocations=111 (full 0):
 garbage-first heap   total 590848K, used 423474K [0x0000000080000000, 0x0000000100000000)
  region size 1024K, 12 young (12288K), 12 survivors (12288K)
 Metaspace       used 159589K, committed 161152K, reserved 1245184K
  class space    used 20596K, committed 21376K, reserved 1048576K
}
Event: 5085.094 GC heap before
{Heap before GC invocations=111 (full 0):
 garbage-first heap   total 590848K, used 506418K [0x0000000080000000, 0x0000000100000000)
  region size 1024K, 94 young (96256K), 12 survivors (12288K)
 Metaspace       used 159711K, committed 161280K, reserved 1245184K
  class space    used 20598K, committed 21376K, reserved 1048576K
}
Event: 5085.114 GC heap after
{Heap after GC invocations=112 (full 0):
 garbage-first heap   total 590848K, used 429992K [0x0000000080000000, 0x0000000100000000)
  region size 1024K, 7 young (7168K), 7 survivors (7168K)
 Metaspace       used 159711K, committed 161280K, reserved 1245184K
  class space    used 20598K, committed 21376K, reserved 1048576K
}

Dll operation events (3 events):
Event: 0.011 Loaded shared library C:\Program Files\Android\Android Studio1\jbr\bin\java.dll
Event: 0.140 Loaded shared library C:\Program Files\Android\Android Studio1\jbr\bin\zip.dll
Event: 0.510 Loaded shared library C:\Program Files\Android\Android Studio1\jbr\bin\verify.dll

Deoptimization events (20 events):
Event: 5084.525 Thread 0x000001fd2d38a630 DEOPT PACKING pc=0x000001fd0d04bf48 sp=0x00000026975fd3b0
Event: 5084.525 Thread 0x000001fd2d38a630 DEOPT UNPACKING pc=0x000001fd1167ace3 sp=0x00000026975fc8d8 mode 0
Event: 5084.535 Thread 0x000001fd2d38a630 DEOPT PACKING pc=0x000001fd0d05f590 sp=0x00000026975fd190
Event: 5084.535 Thread 0x000001fd2d38a630 DEOPT UNPACKING pc=0x000001fd1167ace3 sp=0x00000026975fc708 mode 0
Event: 5084.613 Thread 0x000001fd2d38a630 DEOPT PACKING pc=0x000001fd0b207ce1 sp=0x00000026975fd690
Event: 5084.613 Thread 0x000001fd2d38a630 DEOPT UNPACKING pc=0x000001fd1167ace3 sp=0x00000026975fcbd0 mode 0
Event: 5084.633 Thread 0x000001fd2d38a630 DEOPT PACKING pc=0x000001fd0b207ce1 sp=0x00000026975fd630
Event: 5084.633 Thread 0x000001fd2d38a630 DEOPT UNPACKING pc=0x000001fd1167ace3 sp=0x00000026975fcb70 mode 0
Event: 5084.638 Thread 0x000001fd2d38a630 DEOPT PACKING pc=0x000001fd0d05f590 sp=0x00000026975fd900
Event: 5084.638 Thread 0x000001fd2d38a630 DEOPT UNPACKING pc=0x000001fd1167ace3 sp=0x00000026975fce78 mode 0
Event: 5084.983 Thread 0x000001fd2d38a630 DEOPT PACKING pc=0x000001fd0af93b54 sp=0x00000026975fd850
Event: 5084.983 Thread 0x000001fd2d38a630 DEOPT UNPACKING pc=0x000001fd1167ace3 sp=0x00000026975fce00 mode 0
Event: 5085.051 Thread 0x000001fd29556040 Uncommon trap: trap_request=0xffffffbe fr.pc=0x000001fd131d7e34 relative=0x0000000000002174
Event: 5085.051 Thread 0x000001fd29556040 Uncommon trap: reason=profile_predicate action=maybe_recompile pc=0x000001fd131d7e34 method=org.gradle.api.internal.DefaultDomainObjectCollection.configureEach(Lorg/gradle/api/Action;)V @ 99 c2
Event: 5085.051 Thread 0x000001fd29556040 DEOPT PACKING pc=0x000001fd131d7e34 sp=0x00000026962fbec0
Event: 5085.051 Thread 0x000001fd29556040 DEOPT UNPACKING pc=0x000001fd1167a1a3 sp=0x00000026962fbeb0 mode 2
Event: 5085.176 Thread 0x000001fd29556040 Uncommon trap: trap_request=0xffffffbe fr.pc=0x000001fd131d7e34 relative=0x0000000000002174
Event: 5085.176 Thread 0x000001fd29556040 Uncommon trap: reason=profile_predicate action=maybe_recompile pc=0x000001fd131d7e34 method=org.gradle.api.internal.DefaultDomainObjectCollection.configureEach(Lorg/gradle/api/Action;)V @ 99 c2
Event: 5085.176 Thread 0x000001fd29556040 DEOPT PACKING pc=0x000001fd131d7e34 sp=0x00000026962fbec0
Event: 5085.176 Thread 0x000001fd29556040 DEOPT UNPACKING pc=0x000001fd1167a1a3 sp=0x00000026962fbeb0 mode 2

Classes unloaded (20 events):
Event: 4394.601 Thread 0x000001fd21400640 Unloading class 0x0000000100262c00 'jdk/internal/reflect/GeneratedMethodAccessor2'
Event: 4394.601 Thread 0x000001fd21400640 Unloading class 0x0000000100262800 'jdk/internal/reflect/GeneratedSerializationConstructorAccessor10'
Event: 4394.601 Thread 0x000001fd21400640 Unloading class 0x0000000100262400 'jdk/internal/reflect/GeneratedSerializationConstructorAccessor9'
Event: 4394.601 Thread 0x000001fd21400640 Unloading class 0x0000000100262000 'jdk/internal/reflect/GeneratedSerializationConstructorAccessor8'
Event: 4394.601 Thread 0x000001fd21400640 Unloading class 0x0000000100261c00 'jdk/internal/reflect/GeneratedSerializationConstructorAccessor7'
Event: 4394.601 Thread 0x000001fd21400640 Unloading class 0x0000000100261800 'jdk/internal/reflect/GeneratedSerializationConstructorAccessor6'
Event: 4394.601 Thread 0x000001fd21400640 Unloading class 0x0000000100261000 'jdk/internal/reflect/GeneratedSerializationConstructorAccessor4'
Event: 4394.601 Thread 0x000001fd21400640 Unloading class 0x0000000100260c00 'jdk/internal/reflect/GeneratedSerializationConstructorAccessor3'
Event: 4394.601 Thread 0x000001fd21400640 Unloading class 0x0000000100260800 'jdk/internal/reflect/GeneratedSerializationConstructorAccessor2'
Event: 4394.601 Thread 0x000001fd21400640 Unloading class 0x0000000100260400 'jdk/internal/reflect/GeneratedSerializationConstructorAccessor1'
Event: 4394.601 Thread 0x000001fd21400640 Unloading class 0x00000001001d8400 'java/lang/invoke/LambdaForm$DMH+0x00000001001d8400'
Event: 4394.601 Thread 0x000001fd21400640 Unloading class 0x00000001001d5c00 'java/lang/invoke/LambdaForm$DMH+0x00000001001d5c00'
Event: 4394.601 Thread 0x000001fd21400640 Unloading class 0x00000001001d5800 'java/lang/invoke/LambdaForm$MH+0x00000001001d5800'
Event: 4394.601 Thread 0x000001fd21400640 Unloading class 0x00000001001d5400 'java/lang/invoke/LambdaForm$MH+0x00000001001d5400'
Event: 4394.601 Thread 0x000001fd21400640 Unloading class 0x00000001001d5000 'java/lang/invoke/LambdaForm$MH+0x00000001001d5000'
Event: 4394.601 Thread 0x000001fd21400640 Unloading class 0x00000001001d4c00 'java/lang/invoke/LambdaForm$MH+0x00000001001d4c00'
Event: 4394.601 Thread 0x000001fd21400640 Unloading class 0x00000001001d4800 'java/lang/invoke/LambdaForm$MH+0x00000001001d4800'
Event: 4394.601 Thread 0x000001fd21400640 Unloading class 0x00000001000eac00 'java/lang/invoke/LambdaForm$MH+0x00000001000eac00'
Event: 4394.601 Thread 0x000001fd21400640 Unloading class 0x00000001000ea800 'java/lang/invoke/LambdaForm$MH+0x00000001000ea800'
Event: 4394.601 Thread 0x000001fd21400640 Unloading class 0x00000001000e8400 'java/lang/invoke/LambdaForm$MH+0x00000001000e8400'

Classes redefined (0 events):
No events

Internal exceptions (20 events):
Event: 5085.430 Thread 0x000001fd2ac0b9c0 Exception <a 'java/net/ConnectException'{0x00000000a33484f0}: Connection refused: connect> (0x00000000a33484f0) 
thrown [s\src\hotspot\share\prims\jni.cpp, line 536]
Event: 5085.430 Thread 0x000001fd2ac0b9c0 Exception <a 'java/net/SocketException'{0x00000000a3348d78}: Socket is not connected: shutdown> (0x00000000a3348d78) 
thrown [s\src\hotspot\share\prims\jni.cpp, line 536]
Event: 5086.462 Thread 0x000001fd2ac0b9c0 Exception <a 'java/net/ConnectException'{0x00000000a3370b50}: Connection refused: connect> (0x00000000a3370b50) 
thrown [s\src\hotspot\share\prims\jni.cpp, line 536]
Event: 5086.462 Thread 0x000001fd2ac0b9c0 Exception <a 'java/net/SocketException'{0x00000000a3371668}: Socket is not connected: shutdown> (0x00000000a3371668) 
thrown [s\src\hotspot\share\prims\jni.cpp, line 536]
Event: 5086.475 Thread 0x000001fd2ac0b9c0 Exception <a 'java/net/ConnectException'{0x00000000a33723e8}: Connection refused: connect> (0x00000000a33723e8) 
thrown [s\src\hotspot\share\prims\jni.cpp, line 536]
Event: 5086.475 Thread 0x000001fd2ac0b9c0 Exception <a 'java/net/SocketException'{0x00000000a3372c70}: Socket is not connected: shutdown> (0x00000000a3372c70) 
thrown [s\src\hotspot\share\prims\jni.cpp, line 536]
Event: 5086.490 Thread 0x000001fd2ac0b9c0 Exception <a 'java/net/ConnectException'{0x00000000a33739f0}: Connection refused: connect> (0x00000000a33739f0) 
thrown [s\src\hotspot\share\prims\jni.cpp, line 536]
Event: 5086.490 Thread 0x000001fd2ac0b9c0 Exception <a 'java/net/SocketException'{0x00000000a33744c8}: Socket is not connected: shutdown> (0x00000000a33744c8) 
thrown [s\src\hotspot\share\prims\jni.cpp, line 536]
Event: 5086.492 Thread 0x000001fd2ac0b9c0 Exception <a 'java/net/ConnectException'{0x00000000a3376318}: Connection refused: connect> (0x00000000a3376318) 
thrown [s\src\hotspot\share\prims\jni.cpp, line 536]
Event: 5086.492 Thread 0x000001fd2ac0b9c0 Exception <a 'java/net/SocketException'{0x00000000a3376ba0}: Socket is not connected: shutdown> (0x00000000a3376ba0) 
thrown [s\src\hotspot\share\prims\jni.cpp, line 536]
Event: 5086.506 Thread 0x000001fd2ac0b9c0 Exception <a 'java/net/ConnectException'{0x00000000a3377b60}: Connection refused: connect> (0x00000000a3377b60) 
thrown [s\src\hotspot\share\prims\jni.cpp, line 536]
Event: 5086.507 Thread 0x000001fd2ac0b9c0 Exception <a 'java/net/SocketException'{0x00000000a33783e8}: Socket is not connected: shutdown> (0x00000000a33783e8) 
thrown [s\src\hotspot\share\prims\jni.cpp, line 536]
Event: 5086.520 Thread 0x000001fd2ac0b9c0 Exception <a 'java/net/ConnectException'{0x00000000a3379168}: Connection refused: connect> (0x00000000a3379168) 
thrown [s\src\hotspot\share\prims\jni.cpp, line 536]
Event: 5086.520 Thread 0x000001fd2ac0b9c0 Exception <a 'java/net/SocketException'{0x00000000a33799f0}: Socket is not connected: shutdown> (0x00000000a33799f0) 
thrown [s\src\hotspot\share\prims\jni.cpp, line 536]
Event: 5086.522 Thread 0x000001fd2ac0b9c0 Exception <a 'java/net/ConnectException'{0x00000000a337ba18}: Connection refused: connect> (0x00000000a337ba18) 
thrown [s\src\hotspot\share\prims\jni.cpp, line 536]
Event: 5086.522 Thread 0x000001fd2ac0b9c0 Exception <a 'java/net/SocketException'{0x00000000a337c2a0}: Socket is not connected: shutdown> (0x00000000a337c2a0) 
thrown [s\src\hotspot\share\prims\jni.cpp, line 536]
Event: 5086.534 Thread 0x000001fd2ac0b9c0 Exception <a 'java/net/ConnectException'{0x00000000a337d020}: Connection refused: connect> (0x00000000a337d020) 
thrown [s\src\hotspot\share\prims\jni.cpp, line 536]
Event: 5086.535 Thread 0x000001fd2ac0b9c0 Exception <a 'java/net/SocketException'{0x00000000a337d8a8}: Socket is not connected: shutdown> (0x00000000a337d8a8) 
thrown [s\src\hotspot\share\prims\jni.cpp, line 536]
Event: 5086.553 Thread 0x000001fd2ac0b9c0 Exception <a 'java/net/ConnectException'{0x00000000a337e868}: Connection refused: connect> (0x00000000a337e868) 
thrown [s\src\hotspot\share\prims\jni.cpp, line 536]
Event: 5086.553 Thread 0x000001fd2ac0b9c0 Exception <a 'java/net/SocketException'{0x00000000a337f0f0}: Socket is not connected: shutdown> (0x00000000a337f0f0) 
thrown [s\src\hotspot\share\prims\jni.cpp, line 536]

VM Operations (20 events):
Event: 4943.631 Executing VM operation: Cleanup
Event: 4943.632 Executing VM operation: Cleanup done
Event: 4944.497 Executing VM operation: G1CollectForAllocation
Event: 4944.509 Executing VM operation: G1CollectForAllocation done
Event: 4945.510 Executing VM operation: Cleanup
Event: 4945.510 Executing VM operation: Cleanup done
Event: 4990.037 Executing VM operation: HandshakeAllThreads
Event: 4990.037 Executing VM operation: HandshakeAllThreads done
Event: 5005.044 Executing VM operation: Cleanup
Event: 5005.044 Executing VM operation: Cleanup done
Event: 5082.088 Executing VM operation: Cleanup
Event: 5082.088 Executing VM operation: Cleanup done
Event: 5082.826 Executing VM operation: G1CollectForAllocation
Event: 5082.840 Executing VM operation: G1CollectForAllocation done
Event: 5084.840 Executing VM operation: Cleanup
Event: 5084.840 Executing VM operation: Cleanup done
Event: 5085.094 Executing VM operation: G1CollectForAllocation
Event: 5085.114 Executing VM operation: G1CollectForAllocation done
Event: 5086.115 Executing VM operation: Cleanup
Event: 5086.116 Executing VM operation: Cleanup done

Events (20 events):
Event: 5083.188 Thread 0x000001fd2ac0d310 Thread added: 0x000001fd2ac0d310
Event: 5083.189 Thread 0x000001fd2ac0c8f0 Thread added: 0x000001fd2ac0c8f0
Event: 5083.189 Thread 0x000001fd2ac0b4b0 Thread added: 0x000001fd2ac0b4b0
Event: 5083.268 Thread 0x000001fd2ac0aa90 Thread added: 0x000001fd2ac0aa90
Event: 5083.352 Thread 0x000001fd2ac0b9c0 Thread added: 0x000001fd2ac0b9c0
Event: 5083.397 Thread 0x000001fd2ac0bed0 Thread added: 0x000001fd2ac0bed0
Event: 5083.409 Thread 0x000001fd2d387390 Thread added: 0x000001fd2d387390
Event: 5083.409 Thread 0x000001fd2d3882c0 Thread added: 0x000001fd2d3882c0
Event: 5084.488 Thread 0x000001fd2d571e20 Thread exited: 0x000001fd2d571e20
Event: 5084.948 Thread 0x000001fd2bfb49e0 Thread exited: 0x000001fd2bfb49e0
Event: 5084.971 Thread 0x000001fd2d572e10 Thread added: 0x000001fd2d572e10
Event: 5084.971 Thread 0x000001fd2d570390 Thread added: 0x000001fd2d570390
Event: 5085.083 Thread 0x000001fd2ac0c3e0 Thread added: 0x000001fd2ac0c3e0
Event: 5085.083 Thread 0x000001fd2ac0d820 Thread added: 0x000001fd2ac0d820
Event: 5085.089 Thread 0x000001fd2ac0ce00 Thread added: 0x000001fd2ac0ce00
Event: 5085.277 Thread 0x000001fd2d570390 Thread exited: 0x000001fd2d570390
Event: 5085.292 Thread 0x000001fd2d572e10 Thread exited: 0x000001fd2d572e10
Event: 5085.349 Thread 0x000001fd32de1f80 Thread added: 0x000001fd32de1f80
Event: 5085.446 Thread 0x000001fd32de5220 Thread added: 0x000001fd32de5220
Event: 5086.457 Thread 0x000001fd32de5220 Thread exited: 0x000001fd32de5220


Dynamic libraries:
0x00007ff622880000 - 0x00007ff62288a000 	C:\Program Files\Android\Android Studio1\jbr\bin\java.exe
0x00007ff8adb60000 - 0x00007ff8addc8000 	C:\WINDOWS\SYSTEM32\ntdll.dll
0x00007ff8acb00000 - 0x00007ff8acbc9000 	C:\WINDOWS\System32\KERNEL32.DLL
0x00007ff8ab500000 - 0x00007ff8ab8f1000 	C:\WINDOWS\System32\KERNELBASE.dll
0x00007ff8aa4d0000 - 0x00007ff8aa61b000 	C:\WINDOWS\System32\ucrtbase.dll
0x00007ff8996f0000 - 0x00007ff899707000 	C:\Program Files\Android\Android Studio1\jbr\bin\jli.dll
0x00007ff8a4680000 - 0x00007ff8a469b000 	C:\Program Files\Android\Android Studio1\jbr\bin\VCRUNTIME140.dll
0x00007ff8ab910000 - 0x00007ff8abad6000 	C:\WINDOWS\System32\USER32.dll
0x00007ff8ab180000 - 0x00007ff8ab1a7000 	C:\WINDOWS\System32\win32u.dll
0x00007ff8942f0000 - 0x00007ff894583000 	C:\WINDOWS\WinSxS\amd64_microsoft.windows.common-controls_6595b64144ccf1df_6.0.26100.7705_none_3e06597ae3363b04\COMCTL32.dll
0x00007ff8ad180000 - 0x00007ff8ad1ab000 	C:\WINDOWS\System32\GDI32.dll
0x00007ff8ad2a0000 - 0x00007ff8ad349000 	C:\WINDOWS\System32\msvcrt.dll
0x00007ff8ab1b0000 - 0x00007ff8ab2db000 	C:\WINDOWS\System32\gdi32full.dll
0x00007ff8aa620000 - 0x00007ff8aa6c3000 	C:\WINDOWS\System32\msvcp_win.dll
0x00007ff8ada90000 - 0x00007ff8adac1000 	C:\WINDOWS\System32\IMM32.DLL
0x0000000067750000 - 0x000000006775c000 	C:\Program Files (x86)\360\Total Security\safemon\SafeWrapper.dll
0x00007ff8ad6c0000 - 0x00007ff8ad774000 	C:\WINDOWS\System32\ADVAPI32.dll
0x00007ff8ad610000 - 0x00007ff8ad6b6000 	C:\WINDOWS\System32\sechost.dll
0x00007ff8accd0000 - 0x00007ff8acde8000 	C:\WINDOWS\System32\RPCRT4.dll
0x00007ff8757a0000 - 0x00007ff87584c000 	C:\Program Files (x86)\360\Total Security\safemon\libzdtp64.dll
0x00007ff8abae0000 - 0x00007ff8ac231000 	C:\WINDOWS\System32\SHELL32.dll
0x00007ff8ab390000 - 0x00007ff8ab4fa000 	C:\WINDOWS\System32\wintypes.dll
0x00007ff8acdf0000 - 0x00007ff8ad176000 	C:\WINDOWS\System32\combase.dll
0x00007ff8ac910000 - 0x00007ff8ac977000 	C:\WINDOWS\System32\SHLWAPI.dll
0x00007ff8aa850000 - 0x00007ff8ab0b2000 	C:\WINDOWS\System32\Windows.Storage.dll
0x00007ff8a9d60000 - 0x00007ff8a9d6b000 	C:\WINDOWS\SYSTEM32\VERSION.dll
0x00007ff89bf30000 - 0x00007ff89bf3c000 	C:\Program Files\Android\Android Studio1\jbr\bin\vcruntime140_1.dll
0x00007ff872bf0000 - 0x00007ff872c7d000 	C:\Program Files\Android\Android Studio1\jbr\bin\msvcp140.dll
0x00007ff849920000 - 0x00007ff84a5a3000 	C:\Program Files\Android\Android Studio1\jbr\bin\server\jvm.dll
0x00007ff8aa2c0000 - 0x00007ff8aa31e000 	C:\WINDOWS\SYSTEM32\POWRPROF.dll
0x00007ff89d330000 - 0x00007ff89d33a000 	C:\WINDOWS\SYSTEM32\WSOCK32.dll
0x00007ff88f570000 - 0x00007ff88f5a5000 	C:\WINDOWS\SYSTEM32\WINMM.dll
0x00007ff8ac800000 - 0x00007ff8ac874000 	C:\WINDOWS\System32\WS2_32.dll
0x00007ff8aa2a0000 - 0x00007ff8aa2b4000 	C:\WINDOWS\SYSTEM32\UMPDC.dll
0x00007ff8a9150000 - 0x00007ff8a916b000 	C:\WINDOWS\SYSTEM32\kernel.appcore.dll
0x00007ff8a6690000 - 0x00007ff8a669a000 	C:\Program Files\Android\Android Studio1\jbr\bin\jimage.dll
0x00007ff89e0c0000 - 0x00007ff89e302000 	C:\WINDOWS\SYSTEM32\DBGHELP.DLL
0x00007ff8ad1c0000 - 0x00007ff8ad297000 	C:\WINDOWS\System32\OLEAUT32.dll
0x00007ff89e080000 - 0x00007ff89e0bb000 	C:\WINDOWS\SYSTEM32\dbgcore.DLL
0x00007ff8ab2e0000 - 0x00007ff8ab385000 	C:\WINDOWS\System32\bcryptPrimitives.dll
0x00007ff89f080000 - 0x00007ff89f08e000 	C:\Program Files\Android\Android Studio1\jbr\bin\instrument.dll
0x00007ff893a40000 - 0x00007ff893a65000 	C:\Program Files\Android\Android Studio1\jbr\bin\java.dll
0x00007ff8a4760000 - 0x00007ff8a4778000 	C:\Program Files\Android\Android Studio1\jbr\bin\zip.dll
0x00007ff8ac6d0000 - 0x00007ff8ac7c6000 	C:\WINDOWS\System32\SHCORE.dll
0x00007ff8aa360000 - 0x00007ff8aa389000 	C:\WINDOWS\SYSTEM32\profapi.dll
0x00007ff89aad0000 - 0x00007ff89aae9000 	C:\Program Files\Android\Android Studio1\jbr\bin\net.dll
0x00007ff8a2070000 - 0x00007ff8a2197000 	C:\WINDOWS\SYSTEM32\WINHTTP.dll
0x00007ff8a96d0000 - 0x00007ff8a973b000 	C:\WINDOWS\system32\mswsock.dll
0x00007ff89a780000 - 0x00007ff89a796000 	C:\Program Files\Android\Android Studio1\jbr\bin\nio.dll
0x00007ff89f190000 - 0x00007ff89f1a0000 	C:\Program Files\Android\Android Studio1\jbr\bin\verify.dll
0x00007ff881bf0000 - 0x00007ff881c17000 	C:\Users\acer\.gradle\native\c067742578af261105cb4f569cf0c3c89f3d7b1fecec35dd04571415982c5e48\windows-amd64\native-platform.dll
0x00007ff85af20000 - 0x00007ff85b064000 	C:\Users\acer\.gradle\native\38dada09dfb8b06ba9b0570ebf7e218e3eb74d4ef43ca46872605cf95ebc2f47\windows-amd64\native-platform-file-events.dll
0x00007ff8a4600000 - 0x00007ff8a4609000 	C:\Program Files\Android\Android Studio1\jbr\bin\management.dll
0x00007ff8a1ed0000 - 0x00007ff8a1edb000 	C:\Program Files\Android\Android Studio1\jbr\bin\management_ext.dll
0x00007ff8ad1b0000 - 0x00007ff8ad1b8000 	C:\WINDOWS\System32\PSAPI.DLL
0x00007ff8a99c0000 - 0x00007ff8a99db000 	C:\WINDOWS\SYSTEM32\CRYPTSP.dll
0x00007ff8a90b0000 - 0x00007ff8a90e9000 	C:\WINDOWS\system32\rsaenh.dll
0x00007ff8a9780000 - 0x00007ff8a97ab000 	C:\WINDOWS\SYSTEM32\USERENV.dll
0x00007ff8aa330000 - 0x00007ff8aa35a000 	C:\WINDOWS\SYSTEM32\bcrypt.dll
0x00007ff8a99b0000 - 0x00007ff8a99bc000 	C:\WINDOWS\SYSTEM32\CRYPTBASE.dll
0x00007ff8a8b40000 - 0x00007ff8a8b74000 	C:\WINDOWS\SYSTEM32\IPHLPAPI.DLL
0x00007ff8acaf0000 - 0x00007ff8acafa000 	C:\WINDOWS\System32\NSI.dll
0x00007ff8a2250000 - 0x00007ff8a226e000 	C:\WINDOWS\SYSTEM32\dhcpcsvc6.DLL
0x00007ff8a2290000 - 0x00007ff8a22b3000 	C:\WINDOWS\SYSTEM32\dhcpcsvc.DLL
0x00007ff8a8b80000 - 0x00007ff8a8cac000 	C:\WINDOWS\SYSTEM32\DNSAPI.dll
0x00007ff8a46d0000 - 0x00007ff8a46d8000 	C:\WINDOWS\system32\wshunix.dll
0x00007ff8a2280000 - 0x00007ff8a228b000 	C:\Windows\System32\rasadhlp.dll
0x00007ff89e360000 - 0x00007ff89e3e6000 	C:\WINDOWS\System32\fwpuclnt.dll
0x00007ff884d50000 - 0x00007ff884d68000 	C:\WINDOWS\system32\napinsp.dll
0x00007ff884d30000 - 0x00007ff884d42000 	C:\WINDOWS\System32\winrnr.dll
0x00007ff884cb0000 - 0x00007ff884cd2000 	C:\WINDOWS\system32\nlansp_c.dll
0x00007ff884c90000 - 0x00007ff884ca6000 	C:\WINDOWS\system32\wshbth.dll
0x00007ff8a9270000 - 0x00007ff8a92a6000 	C:\WINDOWS\SYSTEM32\ntmarta.dll
0x00007ff8a48a0000 - 0x00007ff8a48be000 	C:\Users\acer\AppData\Local\Temp\native-platform10182390491100427732dir\native-platform.dll
0x00007ff8a4890000 - 0x00007ff8a4897000 	C:\Program Files\Android\Android Studio1\jbr\bin\rmi.dll

dbghelp: loaded successfully - version: 4.0.5 - missing functions: none
symbol engine: initialized successfully - sym options: 0x614 - pdb path: .;C:\Program Files\Android\Android Studio1\jbr\bin;C:\WINDOWS\SYSTEM32;C:\WINDOWS\WinSxS\amd64_microsoft.windows.common-controls_6595b64144ccf1df_6.0.26100.7705_none_3e06597ae3363b04;C:\Program Files (x86)\360\Total Security\safemon;C:\Program Files\Android\Android Studio1\jbr\bin\server;C:\Users\acer\.gradle\native\c067742578af261105cb4f569cf0c3c89f3d7b1fecec35dd04571415982c5e48\windows-amd64;C:\Users\acer\.gradle\native\38dada09dfb8b06ba9b0570ebf7e218e3eb74d4ef43ca46872605cf95ebc2f47\windows-amd64;C:\Users\acer\AppData\Local\Temp\native-platform10182390491100427732dir

VM Arguments:
jvm_args: --add-opens=java.base/java.util=ALL-UNNAMED --add-opens=java.base/java.lang=ALL-UNNAMED --add-opens=java.base/java.lang.invoke=ALL-UNNAMED --add-opens=java.prefs/java.util.prefs=ALL-UNNAMED --add-opens=java.base/java.nio.charset=ALL-UNNAMED --add-opens=java.base/java.net=ALL-UNNAMED --add-opens=java.base/java.util.concurrent.atomic=ALL-UNNAMED -Xmx2048m -Dfile.encoding=UTF-8 -Duser.country=US -Duser.language=en -Duser.variant -javaagent:C:\Users\acer\.gradle\wrapper\dists\gradle-8.4-bin\1w5dpkrfk8irigvoxmyhowfim\gradle-8.4\lib\agents\gradle-instrumentation-agent-8.4.jar 
java_command: org.gradle.launcher.daemon.bootstrap.GradleDaemon 8.4
java_class_path (initial): C:\Users\acer\.gradle\wrapper\dists\gradle-8.4-bin\1w5dpkrfk8irigvoxmyhowfim\gradle-8.4\lib\gradle-launcher-8.4.jar
Launcher Type: SUN_STANDARD

[Global flags]
     intx CICompilerCount                          = 4                                         {product} {ergonomic}
     uint ConcGCThreads                            = 2                                         {product} {ergonomic}
     uint G1ConcRefinementThreads                  = 8                                         {product} {ergonomic}
   size_t G1HeapRegionSize                         = 1048576                                   {product} {ergonomic}
    uintx GCDrainStackTargetSize                   = 64                                        {product} {ergonomic}
   size_t InitialHeapSize                          = 199229440                                 {product} {ergonomic}
   size_t MarkStackSize                            = 4194304                                   {product} {ergonomic}
   size_t MaxHeapSize                              = 2147483648                                {product} {command line}
   size_t MaxNewSize                               = 1287651328                                {product} {ergonomic}
   size_t MinHeapDeltaBytes                        = 1048576                                   {product} {ergonomic}
   size_t MinHeapSize                              = 8388608                                   {product} {ergonomic}
    uintx NonNMethodCodeHeapSize                   = 5839372                                {pd product} {ergonomic}
    uintx NonProfiledCodeHeapSize                  = 122909434                              {pd product} {ergonomic}
    uintx ProfiledCodeHeapSize                     = 122909434                              {pd product} {ergonomic}
    uintx ReservedCodeCacheSize                    = 251658240                              {pd product} {ergonomic}
     bool SegmentedCodeCache                       = true                                      {product} {ergonomic}
   size_t SoftMaxHeapSize                          = 2147483648                             {manageable} {ergonomic}
     bool UseCompressedClassPointers               = true                           {product lp64_product} {ergonomic}
     bool UseCompressedOops                        = true                           {product lp64_product} {ergonomic}
     bool UseG1GC                                  = true                                      {product} {ergonomic}
     bool UseLargePagesIndividualAllocation        = false                                  {pd product} {ergonomic}

Logging:
Log output configuration:
 #0: stdout all=warning uptime,level,tags
 #1: stderr all=off uptime,level,tags

Environment Variables:
JAVA_HOME=C:\Program Files\JAVA\jdk-21.0.10
PATH=C:\Program Files\JAVA\jdk-21.0.10\bin;C:\Program Files\Eclipse Adoptium\jdk-17.0.17.10-hotspot\bin;C:\Python27\;C:\Python27\Scripts;C:\WINDOWS\system32;C:\WINDOWS;C:\WINDOWS\System32\Wbem;C:\WINDOWS\System32\WindowsPowerShell\v1.0\;C:\WINDOWS\System32\OpenSSH\;C:\Program Files\Microsoft SQL Server\Client SDK\ODBC\170\Tools\Binn\;C:\Program Files\dotnet\;C:\Program Files (x86)\Windows Kits\10\Windows Performance Toolkit\;C:\Program Files\Microsoft SQL Server\150\Tools\Binn\;C:\Program Files (x86)\Microsoft SQL Server\160\Tools\Binn\;C:\Program Files\Microsoft SQL Server\160\Tools\Binn\;C:\Program Files\Microsoft SQL Server\160\DTS\Binn\;C:\webdriver;C:\Program Files\Git\cmd;C:\apache-cassandra-3.11.6\bin;C:\Program Files\jdk8u442-b06\bin;C:\Program Files\Docker\Docker\resources\bin;C:\Program Files\MongoDB\mongosh-2.5.0-win32-x64\bin;C:\Users\acer\.config\herd\bin\nvm;C:\Program Files\nodejs;C:\ProgramData\ComposerSetup\bin;C:\xampp\php;C:\php-8.4.11;C:\xampps\php;C:\Program Files\nodejs\;C:\Program Files\JAVA\jdk-21.0.10;C:\Program Files\JAVA\jdk-21.0.10
USERNAME=acer
OS=Windows_NT
PROCESSOR_IDENTIFIER=Intel64 Family 6 Model 126 Stepping 5, GenuineIntel
TMP=C:\Users\acer\AppData\Local\Temp
TEMP=C:\Users\acer\AppData\Local\Temp



Periodic native trim disabled

JNI global refs:
JNI global refs: 28, weak refs: 0

JNI global refs memory usage: 843, weak refs: 209

OOME stack traces (most recent first):
Classloader memory used:
Loader org.gradle.internal.classloader.VisitableURLClassLoader                         : 5864K
Loader org.gradle.internal.classloader.VisitableURLClassLoader$InstrumentingVisitableURLClassLoader: 5506K
Loader bootstrap                                                                       : 4051K
Loader org.gradle.initialization.MixInLegacyTypesClassLoader                           : 1820K
Loader jdk.internal.loader.ClassLoaders$AppClassLoader                                 : 1011K
Loader org.gradle.internal.classloader.VisitableURLClassLoader                         : 936K
Loader jdk.internal.reflect.DelegatingClassLoader                                      : 351K
Loader java.net.URLClassLoader                                                         : 287K
Loader jdk.internal.loader.ClassLoaders$PlatformClassLoader                            : 129K
Loader org.gradle.groovy.scripts.internal.DefaultScriptCompilationHandler$ScriptClassLoader: 10698B
Loader sun.reflect.misc.MethodUtil                                                     : 373B


[error occurred during error reporting (Classloader stats), id 0xe0000001, Out of Memory Error (s\src\hotspot\share\memory\arena.cpp:79)]


---------------  S Y S T E M  ---------------

OS:
 Windows 11 , 64 bit Build 26100 (10.0.26100.7705)
OS uptime: 0 days 7:22 hours
Hyper-V role detected

CPU: total 8 (initial active 8) (4 cores per cpu, 2 threads per core) family 6 model 126 stepping 5 microcode 0x86, cx8, cmov, fxsr, ht, mmx, 3dnowpref, sse, sse2, sse3, ssse3, sse4.1, sse4.2, popcnt, lzcnt, tsc, tscinvbit, avx, avx2, aes, erms, clmul, bmi1, bmi2, adx, avx512f, avx512dq, avx512cd, avx512bw, avx512vl, sha, fma, vzeroupper, avx512_vpopcntdq, avx512_vpclmulqdq, avx512_vaes, avx512_vnni, clflush, clflushopt, avx512_vbmi2, avx512_vbmi, hv
Processor Information for all 8 processors :
  Max Mhz: 1190, Current Mhz: 991, Mhz Limit: 987

Memory: 4k page, system-wide physical 12077M (1672M free)
TotalPageFile size 15589M (AvailPageFile size 4M)
current process WorkingSet (physical memory assigned to process): 867M, peak: 894M
current process commit charge ("private bytes"): 1024M, peak: 1050M

vm_info: OpenJDK 64-Bit Server VM (17.0.9+0--11185874) for windows-amd64 JRE (17.0.9+0--11185874), built on Dec  6 2023 18:57:44 by "androidbuild" with MS VC++ 16.10 / 16.11 (VS2019)

END.
