JvmtiExport can_access_local_variables 0
JvmtiExport can_hotswap_or_post_breakpoint 0
JvmtiExport can_post_on_exceptions 0
# 450 ciObject found
ciInstanceKlass java/util/function/BiFunction 1 1 65 10 100 12 1 1 1 18 12 1 1 11 100 12 1 1 11 100 12 1 100 1 1 1 1 1 1 1 1 1 1 1 1 1 1 1 1 1 1 1 1 1 1 1 1 1 1 1 15 10 100 12 1 1 1 16 15 11 12 1 100 1 100 1 1
ciInstanceKlass java/util/Locale 1 1 1155 9 7 12 1 1 1 7 1 10 12 1 1 9 12 1 1 11 7 12 1 1 1 10 7 12 1 1 9 12 1 1 9 12 1 1 100 1 10 10 12 1 1 8 1 10 12 1 1 10 12 1 1 10 12 1 10 12 1 10 12 1 11 12 1 1 9 7 12 1 1 1 10 100 1 10 9 12 1 1 10 7 12 1 1 9 7 12 1 1 1 9 12 1 10 12 1 1 9 12 1 1 9 12 1 100 1 8 1 10 12 1 9 12 1 10 12 1 10 12 1 1 10 7 12 1 1 1 8 1 8 1 10 7 12 1 1 1 8 1 10 12 10 7 12 1 1 1 10 12 1 1 10 12 1 8 1 8 1 8 1 8 1 10 12 1 1 10 7 12 1 1 100 1 9 12 1 1 10 12 1 1 9 12 1 10 12 1 9 12 1 10 12 1 9 12 1 10 12 1 9 12 1 10 12 1 1 10 7 12 1 1 1 10 12 1 1 7 1 10 10 12 1 1 10 100 1 10 12 1 1 10 12 1 1 8 1 10 12 1 8 1 10 7 12 1 1 1 100 1 8 1 10 12 1 10 100 12 1 1 1 9 7 12 1 1 1 10 12 1 1 8 1 10 100 12 1 1 1 9 12 1 1 100 1 8 1 10 12 1 1 10 12 1 1 10 100 12 1 1 1 9 12 1 8 1 10 12 1 10 10 10 12 1 10 10 12 1 1 10 12 1 1 100 1 7 1 10 8 1 10 12 1 1 10 12 1 10 12 1 10 10 100 12 1 1 1 10 12 1 1 10 100 12 1 1 1 10 12 1 10 12 1 10 12 1 8 1 10 12 1 10 12 1 10 12 10 12 1 10 8 1 9 12 1 10 7 12 1 1 1 10 10 12 1 10 8 1 10 12 1 10 10 12 1 10 12 1 1 11 7 12 1 1 1 11 7 12 1 1 11 12 1 1 10 12 1 10 12 1 10 12 1 10 8 1 10 12 1 1 10 12 1 1 10 12 1 1 10 12 1 100 1 8 1 8 1 10 8 1 10 8 1 8 1 10 12 1 1 10 12 1 10 12 1 1 10 12 1 1 10 12 1 10 12 1 100 1 10 12 1 1 8 1 9 100 12 1 1 1 10 7 12 1 1 10 12 1 1 10 12 1 10 100 12 1 1 1 10 12 1 1 10 12 1 1 8 1 10 100 12 1 1 10 12 1 1 10 12 1 8 1 100 1 10 12 1 10 12 1 1 10 100 12 1 1 1 10 12 1 1 11 100 12 1 1 1 18 12 1 1 11 100 12 1 1 1 18 12 1 1 11 12 1 1 18 12 1 10 12 1 10 12 1 10 12 1 1 11 12 1 1 100 100 1 10 10 12 1 1 8 1 10 12 1 100 1 100 1 10 12 1 9 12 1 1 10 12 1 10 10 12 1 10 100 1 8 1 10 10 12 1 10 12 1 10 10 8 1 8 1 8 1 9 12 1 10 12 1 10 12 1 8 1 10 12 1 10 12 1 10 100 12 1 1 18 12 1 10 12 1 8 1 10 12 1 10 12 1 8 1 10 100 12 1 1 1 11 12 1 1 18 12 1 11 12 1 1 10 12 1 10 100 12 1 1 1 8 1 10 100 12 1 1 8 1 8 1 8 1 8 1 8 1 10 12 1 10 12 1 10 100 12 1 1 1 10 100 12 1 1 100 1 10 12 1 10 10 12 1 10 12 1 10 8 1 10 12 1 1 8 1 8 1 9 12 1 8 1 8 1 9 12 1 10 100 12 1 1 1 9 100 12 1 1 1 10 10 12 1 10 10 12 1 1 10 12 1 1 100 1 10 12 1 1 10 12 1 1 10 7 12 1 1 7 1 10 10 12 1 1 9 12 1 9 12 1 9 12 1 9 12 1 9 12 1 9 12 1 9 12 1 9 12 1 9 12 1 9 12 1 9 12 1 9 12 1 9 12 1 9 12 1 9 12 1 9 12 1 9 12 1 9 12 1 9 12 1 9 12 1 9 12 1 10 12 7 1 10 12 1 9 12 1 1 9 12 1 1 100 1 100 1 1 1 1 1 1 3 1 3 1 1 5 0 1 3 1 3 1 3 1 3 1 3 1 3 1 1 1 1 1 1 1 1 1 1 1 1 1 1 1 1 1 1 1 1 1 1 1 1 1 1 1 1 1 1 1 1 1 1 1 1 1 1 1 1 1 1 1 1 1 1 1 1 1 1 1 1 1 1 1 1 1 1 1 1 100 1 1 1 1 1 1 1 1 1 1 1 1 1 1 1 1 1 1 1 1 1 1 1 1 1 1 1 1 1 1 1 1 1 1 1 1 1 1 1 100 1 1 1 1 1 1 1 1 1 1 1 1 1 1 1 1 1 1 100 1 1 1 1 1 1 1 1 100 1 1 100 1 1 1 1 1 1 1 1 1 1 1 1 1 1 1 1 1 1 1 1 1 1 1 1 1 1 1 1 1 1 100 1 100 1 100 1 100 1 100 1 1 15 10 100 12 1 1 1 16 15 10 12 16 16 15 16 15 10 12 15 10 12 16 15 10 12 16 1 1 1 1 1 1 100 1 1 1 1 1 1 1 100 1 100 1 1
staticfield java/util/Locale ENGLISH Ljava/util/Locale; java/util/Locale
staticfield java/util/Locale FRENCH Ljava/util/Locale; java/util/Locale
staticfield java/util/Locale GERMAN Ljava/util/Locale; java/util/Locale
staticfield java/util/Locale ITALIAN Ljava/util/Locale; java/util/Locale
staticfield java/util/Locale JAPANESE Ljava/util/Locale; java/util/Locale
staticfield java/util/Locale KOREAN Ljava/util/Locale; java/util/Locale
staticfield java/util/Locale CHINESE Ljava/util/Locale; java/util/Locale
staticfield java/util/Locale SIMPLIFIED_CHINESE Ljava/util/Locale; java/util/Locale
staticfield java/util/Locale TRADITIONAL_CHINESE Ljava/util/Locale; java/util/Locale
staticfield java/util/Locale FRANCE Ljava/util/Locale; java/util/Locale
staticfield java/util/Locale GERMANY Ljava/util/Locale; java/util/Locale
staticfield java/util/Locale ITALY Ljava/util/Locale; java/util/Locale
staticfield java/util/Locale JAPAN Ljava/util/Locale; java/util/Locale
staticfield java/util/Locale KOREA Ljava/util/Locale; java/util/Locale
staticfield java/util/Locale UK Ljava/util/Locale; java/util/Locale
staticfield java/util/Locale US Ljava/util/Locale; java/util/Locale
staticfield java/util/Locale CANADA Ljava/util/Locale; java/util/Locale
staticfield java/util/Locale CANADA_FRENCH Ljava/util/Locale; java/util/Locale
staticfield java/util/Locale ROOT Ljava/util/Locale; java/util/Locale
staticfield java/util/Locale CONSTANT_LOCALES Ljava/util/Map; java/util/HashMap
staticfield java/util/Locale CHINA Ljava/util/Locale; java/util/Locale
staticfield java/util/Locale PRC Ljava/util/Locale; java/util/Locale
staticfield java/util/Locale TAIWAN Ljava/util/Locale; java/util/Locale
staticfield java/util/Locale serialPersistentFields [Ljava/io/ObjectStreamField; 6 [Ljava/io/ObjectStreamField;
staticfield java/util/Locale $assertionsDisabled Z 1
ciInstanceKlass java/lang/StringUTF16 1 1 598 100 1 7 1 10 100 12 1 1 1 100 1 10 7 1 3 100 1 100 1 10 8 1 10 12 1 1 10 12 1 8 1 10 12 1 1 10 12 1 9 12 1 1 10 12 1 1 100 1 8 1 10 12 1 9 12 1 1 9 12 1 10 10 12 1 1 10 12 1 1 10 7 12 1 1 1 10 12 1 10 12 1 1 10 12 1 1 10 12 1 1 10 12 1 1 10 12 1 10 12 1 1 10 12 1 1 10 12 1 1 10 12 1 1 10 12 1 10 12 1 10 12 1 1 10 12 1 100 1 10 12 1 10 10 12 1 1 10 12 1 10 12 1 1 10 12 1 10 7 12 1 1 1 10 100 12 1 1 1 10 12 10 12 1 1 10 12 1 10 12 1 1 10 12 1 1 10 12 1 10 12 1 10 12 1 3 10 12 1 1 10 12 1 10 12 1 10 12 1 10 12 1 10 12 1 10 12 1 1 9 12 1 10 12 1 10 12 1 10 12 1 10 12 1 10 12 1 10 10 12 10 12 10 10 100 12 1 1 1 10 7 12 1 1 1 10 12 1 10 12 1 100 1 8 1 8 1 10 12 1 1 100 1 10 10 100 12 1 1 1 10 100 12 1 1 8 1 8 1 8 1 10 12 1 1 10 12 1 1 10 12 10 12 1 10 100 12 1 1 10 12 1 1 10 12 1 1 10 12 1 10 12 10 12 10 12 1 10 12 10 12 1 10 12 1 10 12 1 10 12 1 10 12 1 10 100 12 1 1 1 10 100 12 1 1 1 10 12 1 1 10 12 1 1 11 100 12 1 1 10 12 1 10 12 1 10 12 1 1 9 12 1 1 9 12 1 5 0 5 0 10 12 1 10 12 10 12 10 7 12 1 1 1 10 12 1 1 1 1 1 1 1 1 1 1 1 1 1 1 1 1 1 1 1 1 1 1 1 1 1 1 1 1 1 1 1 100 1 1 1 1 1 1 1 1 1 1 1 1 1 1 1 1 1 1 1 1 1 1 1 1 1 1 1 1 1 1 1 1 1 1 1 1 1 1 1 1 1 1 1 1 1 1 1 1 1 1 1 1 1 1 1 1 1 1 1 1 1 1 1 1 1 1 1 1 1 1 1 1 1 1 1 1 1 1 1 1 1 1 100 1 1 1 1 1 1 1 1 1 1 1 1 1 1 1 1 1 100 1 1 1 1 1 1 1 1 1 1 1 1 1 1 1 1 1 1 1 1 1 1 1 1 1 1 1 1 1 1 1 1 1 1 1 1 1 1 1 1 1 1 1 1 1 1 1 1 1 1 1 1 1 1 1 1 1 1 1 1 1 100 1 100 1 1 1 1 1
staticfield java/lang/StringUTF16 HI_BYTE_SHIFT I 0
staticfield java/lang/StringUTF16 LO_BYTE_SHIFT I 8
staticfield java/lang/StringUTF16 $assertionsDisabled Z 1
ciInstanceKlass jdk/internal/util/Preconditions 1 1 170 10 7 12 1 1 1 11 7 12 1 1 1 11 7 12 1 1 1 7 1 100 1 10 7 12 1 1 1 10 12 1 8 1 7 1 10 7 12 1 1 1 10 12 1 1 8 1 8 1 10 100 12 1 1 7 1 10 12 1 8 1 10 7 12 1 1 1 8 1 10 12 1 1 10 12 1 1 11 12 1 8 1 8 1 11 12 1 1 8 1 8 1 8 1 10 12 1 1 10 12 1 1 10 12 1 10 12 1 10 12 1 10 12 1 1 1 1 1 1 1 1 1 1 1 1 1 1 1 1 1 1 1 1 1 1 1 1 1 1 1 1 1 1 1 1 1 1 1 1 1 1 1 1 1 1 1 1 1 1 1 1 1 1 1 1 1 1 1 1
instanceKlass org/gradle/internal/event/BroadcastDispatch$1
instanceKlass com/android/build/gradle/internal/manifest/ManifestData
instanceKlass com/android/build/gradle/internal/manifest/ManifestDataKt
instanceKlass com/android/build/gradle/internal/manifest/ManifestValueSource$Params$Inject
instanceKlass org/gradle/api/internal/artifacts/ivyservice/resolveengine/result/CachingComponentSelectionDescriptorFactory$1
instanceKlass org/gradle/execution/plan/DefaultFinalizedExecutionPlan$AbstractNodeEvent
instanceKlass org/gradle/execution/plan/DefaultFinalizedExecutionPlan$DiagnosticEvent
instanceKlass com/android/build/gradle/tasks/ProcessTestManifest$Companion
instanceKlass org/gradle/api/internal/AbstractTask$11
instanceKlass com/android/build/gradle/internal/tasks/TestPreBuildTask$CreationAction$configure$2
instanceKlass com/android/build/gradle/internal/tasks/TestPreBuildTask$CreationAction$configure$1
instanceKlass com/android/build/gradle/internal/tasks/Info
instanceKlass org/gradle/cli/CommandLineParser$OptionParserState
instanceKlass org/gradle/cli/ParsedCommandLineOption
instanceKlass org/gradle/cli/ParsedCommandLine
instanceKlass org/gradle/cli/CommandLineOption
instanceKlass org/gradle/api/internal/tasks/options/InstanceOptionDescriptor
instanceKlass org/gradle/api/tasks/options/Option
instanceKlass org/gradle/api/internal/tasks/TaskOptionsGenerator$TaskOptions
instanceKlass org/gradle/api/internal/tasks/options/AbstractOptionElement
instanceKlass org/gradle/api/internal/tasks/options/OptionDescriptor
instanceKlass org/gradle/api/internal/tasks/options/OptionElement
instanceKlass org/gradle/api/internal/tasks/TaskOptionsGenerator
instanceKlass org/gradle/cli/CommandLineParser$ParserState
instanceKlass org/gradle/cli/CommandLineParser
instanceKlass java/util/stream/SliceOps
instanceKlass java/lang/StackStreamFactory$FrameBuffer
instanceKlass java/lang/StackStreamFactory$1
instanceKlass java/lang/StackStreamFactory
instanceKlass org/jetbrains/kotlin/compilerRunner/ReportUtilsKt$createLoggingMessageCollector$1$WhenMappings
instanceKlass org/jetbrains/kotlin/cli/common/messages/CompilerMessageSeverity$1
instanceKlass org/gradle/api/internal/tasks/TaskDependencyUsageTracker
instanceKlass java/nio/file/CopyMoveHelper$CopyOptions
instanceKlass java/nio/file/CopyMoveHelper
instanceKlass org/jetbrains/kotlin/gradle/tasks/TaskOutputsBackup$sam$java_util_function_Consumer$0
instanceKlass java/nio/file/FileTreeIterator
instanceKlass org/gradle/execution/plan/DefaultPlanExecutor$ExecutorState$HealthState
instanceKlass org/jetbrains/kotlin/cli/common/messages/XcodeStyleMessageRenderer
instanceKlass org/jetbrains/kotlin/cli/common/PropertiesKt
instanceKlass org/jetbrains/kotlin/cli/common/messages/PlainTextMessageRenderer
instanceKlass org/jetbrains/kotlin/cli/common/messages/XmlMessageRenderer
instanceKlass org/jetbrains/kotlin/compilerRunner/ReportUtilsKt$createLoggingMessageCollector$1
instanceKlass groovy/json/StringEscapeUtils
instanceKlass java/time/temporal/TemporalQueries$7
instanceKlass java/time/temporal/TemporalQueries$6
instanceKlass java/time/temporal/TemporalQueries$5
instanceKlass java/time/temporal/TemporalQueries$4
instanceKlass java/time/temporal/TemporalQueries$3
instanceKlass java/time/temporal/TemporalQueries$2
instanceKlass java/time/temporal/TemporalQueries$1
instanceKlass java/time/temporal/TemporalQueries
instanceKlass org/jetbrains/kotlin/incremental/FileUtilsKt
instanceKlass org/jetbrains/kotlin/util/UtilKt
instanceKlass org/jetbrains/kotlin/gradle/utils/ErrorUtilsKt
instanceKlass kotlin/ExceptionsKt__ExceptionsKt
instanceKlass org/jetbrains/kotlin/incremental/util/MessageCollectorUtilKt
instanceKlass org/jetbrains/kotlin/kapt3/base/incremental/IncrementalAptCache$WhenMappings
instanceKlass com/sun/tools/javac/processing/JavacProcessingEnvironment$ImplicitCompleter
instanceKlass javax/annotation/processing/SupportedOptions
instanceKlass com/sun/tools/javac/util/MatchingUtils
instanceKlass com/bumptech/glide/annotation/GlideExtension
instanceKlass com/bumptech/glide/annotation/GlideModule
instanceKlass org/jetbrains/kotlin/kapt3/base/incremental/AnnotationProcessorDependencyCollector
instanceKlass com/bumptech/glide/annotation/compiler/GlideExtensionValidator
instanceKlass com/bumptech/glide/annotation/compiler/ExtensionProcessor
instanceKlass com/bumptech/glide/repackaged/com/google/common/collect/Hashing
instanceKlass com/bumptech/glide/repackaged/com/google/common/collect/ObjectArrays
instanceKlass com/bumptech/glide/annotation/compiler/RequestBuilderGenerator
instanceKlass com/bumptech/glide/annotation/compiler/GlideGenerator
instanceKlass com/bumptech/glide/annotation/compiler/RequestManagerFactoryGenerator
instanceKlass com/bumptech/glide/annotation/compiler/RequestManagerGenerator
instanceKlass com/bumptech/glide/annotation/compiler/RequestOptionsOverrideGenerator
instanceKlass com/bumptech/glide/annotation/compiler/RequestOptionsGenerator
instanceKlass com/bumptech/glide/annotation/compiler/AppModuleGenerator
instanceKlass com/bumptech/glide/annotation/compiler/AppModuleProcessor
instanceKlass com/bumptech/glide/annotation/compiler/LibraryModuleProcessor
instanceKlass com/bumptech/glide/annotation/compiler/IndexerGenerator
instanceKlass com/sun/tools/javac/code/DeferredCompletionFailureHandler$DeferredCompleter
instanceKlass com/bumptech/glide/repackaged/com/squareup/javapoet/Util
instanceKlass javax/lang/model/type/TypeVisitor
instanceKlass com/bumptech/glide/repackaged/com/squareup/javapoet/TypeName
instanceKlass com/bumptech/glide/repackaged/com/google/common/base/Function
instanceKlass com/bumptech/glide/repackaged/com/google/common/base/Predicate
instanceKlass com/bumptech/glide/annotation/compiler/ProcessorUtil
instanceKlass org/jetbrains/kotlin/kapt3/base/incremental/IncrementalProcessingEnvironment
instanceKlass org/jetbrains/kotlin/kapt3/base/incremental/IncrementalFiler
instanceKlass com/sun/tools/javac/processing/JavacProcessingEnvironment$ProcessorState
instanceKlass com/sun/tools/javac/processing/JavacRoundEnvironment
instanceKlass javax/lang/model/util/AbstractElementVisitor6
instanceKlass javax/lang/model/element/ElementVisitor
instanceKlass com/sun/tools/javac/processing/JavacProcessingEnvironment$Round
instanceKlass org/jetbrains/kotlin/kapt3/base/incremental/TypeTreeVisitor$WhenMappings
instanceKlass org/jetbrains/kotlin/kapt3/base/incremental/ClassStructureCacheKt
instanceKlass com/sun/tools/javac/comp/TypeEnter$BasicConstructorHelper
instanceKlass java/util/ImmutableCollections$Access$1
instanceKlass jdk/internal/access/JavaUtilCollectionAccess
instanceKlass java/util/ImmutableCollections$Access
instanceKlass com/sun/tools/javac/file/JavacFileManager$DirectoryContainer
instanceKlass com/sun/source/util/TaskEvent
instanceKlass org/jetbrains/kotlin/kapt3/base/JavacListUtilsKt
instanceKlass com/sun/tools/javac/api/ClientCodeWrapper$WrappedTaskListener
instanceKlass kotlin/annotation/Target
instanceKlass kotlin/annotation/Retention
instanceKlass kotlin/Metadata
instanceKlass java/text/BreakIterator
instanceKlass com/sun/tools/javac/api/JavacScope
instanceKlass com/sun/source/util/DocTreePath
instanceKlass org/jetbrains/kotlin/kapt3/base/incremental/MentionedTypesTaskListener
instanceKlass com/sun/tools/javac/parser/UnicodeReader$1
instanceKlass kotlin/collections/EmptyIterator
instanceKlass kotlin/collections/EmptyList
instanceKlass org/jetbrains/kotlin/kapt3/base/ProcessorWrapper
instanceKlass com/sun/tools/javac/util/ModuleHelper
instanceKlass org/jetbrains/kotlin/kapt3/base/AnnotationProcessingKt
instanceKlass kotlin/UNINITIALIZED_VALUE
instanceKlass kotlin/SynchronizedLazyImpl
instanceKlass kotlin/Lazy
instanceKlass kotlin/LazyKt__LazyJVMKt
instanceKlass kotlin/jvm/functions/Function0
instanceKlass org/jetbrains/kotlin/kapt3/base/incremental/IncrementalProcessor
instanceKlass org/jetbrains/kotlin/kapt3/base/incremental/IncrementalProcessorDiscoveryKt
instanceKlass org/jetbrains/kotlin/kapt3/base/LoadedProcessors
instanceKlass kotlin/Unit
instanceKlass kotlin/io/LinesSequence$iterator$1
instanceKlass kotlin/sequences/ConstrainedOnceSequence
instanceKlass kotlin/sequences/SequencesKt__SequenceBuilderKt
instanceKlass kotlin/io/LinesSequence
instanceKlass kotlin/sequences/Sequence
instanceKlass kotlin/io/TextStreamsKt
instanceKlass kotlin/text/Charsets
instanceKlass org/jetbrains/kotlin/kapt3/base/ProcessorLoader
instanceKlass org/jetbrains/kotlin/base/kapt3/KaptOptionsKt
instanceKlass org/jetbrains/kotlin/kapt3/base/stubs/KaptStubLineInformation$Companion
instanceKlass org/jetbrains/kotlin/kapt3/base/stubs/KaptStubLineInformation
instanceKlass kotlin/collections/ArraysKt__ArraysJVMKt
instanceKlass org/jetbrains/kotlin/kapt3/base/javac/KaptJavaLog$Companion
instanceKlass org/jetbrains/kotlin/kapt3/base/javac/KaptJavaLogBase
instanceKlass kotlin/io/FilePathComponents
instanceKlass kotlin/jvm/internal/Lambda
instanceKlass org/jetbrains/kotlin/kapt3/base/incremental/SourcesToReprocess
instanceKlass kotlin/collections/EmptySet
instanceKlass kotlin/collections/SetsKt__SetsJVMKt
instanceKlass kotlin/jvm/internal/CallableReference$NoReceiver
instanceKlass kotlin/reflect/KDeclarationContainer
instanceKlass kotlin/jvm/internal/CallableReference
instanceKlass kotlin/reflect/KFunction
instanceKlass kotlin/reflect/KCallable
instanceKlass kotlin/reflect/KAnnotatedElement
instanceKlass kotlin/jvm/internal/FunctionBase
instanceKlass kotlin/ranges/RangesKt__RangesKt
instanceKlass org/jetbrains/kotlin/kapt3/base/incremental/CacheKt
instanceKlass kotlin/collections/CollectionsKt__CollectionsJVMKt
instanceKlass kotlin/jvm/functions/Function1
instanceKlass kotlin/Function
instanceKlass org/jetbrains/kotlin/kapt3/base/incremental/IncrementalAptCache
instanceKlass kotlin/io/CloseableKt
instanceKlass kotlin/jvm/internal/TypeIntrinsics
instanceKlass org/jetbrains/kotlin/kapt3/base/incremental/SourceFileStructure
instanceKlass org/jetbrains/kotlin/kapt3/base/incremental/Changes
instanceKlass org/jetbrains/kotlin/kapt3/base/incremental/JavaFileStructure
instanceKlass org/jetbrains/kotlin/kapt3/base/incremental/JavaClassCache
instanceKlass kotlin/io/FilesKt__FilePathComponentsKt
instanceKlass org/jetbrains/kotlin/kapt3/base/incremental/JavaClassCacheManager
instanceKlass org/jetbrains/kotlin/kapt3/base/javac/KaptJavaCompiler$Companion
instanceKlass org/jetbrains/kotlin/kapt3/base/javac/KaptJavaFileManager$Companion
instanceKlass kotlin/collections/EmptyMap
instanceKlass org/jetbrains/kotlin/kapt3/base/javac/KaptJavaLogBase$DiagnosticInterceptorData
instanceKlass org/jetbrains/kotlin/kapt3/base/KaptContext$Companion
instanceKlass org/jetbrains/kotlin/kapt3/base/KaptContext
instanceKlass kotlin/internal/ProgressionUtilKt
instanceKlass kotlin/ranges/IntRange$Companion
instanceKlass kotlin/ranges/IntProgression$Companion
instanceKlass kotlin/ranges/IntProgression
instanceKlass kotlin/ranges/OpenEndRange
instanceKlass kotlin/ranges/ClosedRange
instanceKlass kotlin/text/CharsKt__CharJVMKt
instanceKlass kotlin/text/StringsKt__AppendableKt
instanceKlass org/jetbrains/kotlin/kapt3/base/util/Java9UtilsKt
instanceKlass org/jetbrains/kotlin/kapt3/base/util/WriterBackedKaptLogger
instanceKlass javax/annotation/processing/AbstractProcessor
instanceKlass com/sun/tools/javac/main/CommandLine
instanceKlass kotlin/collections/MapsKt__MapWithDefaultKt
instanceKlass kotlin/TuplesKt
instanceKlass kotlin/Pair
instanceKlass org/jetbrains/kotlin/kapt3/util/ModuleManipulationUtilsKt
instanceKlass org/jetbrains/kotlin/base/kapt3/KaptSelector
instanceKlass org/jetbrains/kotlin/base/kapt3/KaptFlags$Companion$fromSet$1
instanceKlass kotlin/collections/AbstractList$Companion
instanceKlass kotlin/collections/AbstractCollection
instanceKlass kotlin/enums/EnumEntries
instanceKlass kotlin/jvm/internal/markers/KMappedMarker
instanceKlass kotlin/enums/EnumEntriesKt
instanceKlass org/jetbrains/kotlin/base/kapt3/KaptFlags$Companion
instanceKlass kotlin/jvm/internal/Intrinsics
instanceKlass org/jetbrains/kotlin/kapt3/base/util/KaptLogger
instanceKlass org/jetbrains/kotlin/base/kapt3/KaptOptions
instanceKlass org/jetbrains/kotlin/base/kapt3/KaptFlags
instanceKlass org/jetbrains/kotlin/kapt3/base/Kapt
instanceKlass org/jetbrains/kotlin/gradle/internal/kapt/classloaders/ClassLoadersUtilsKt
instanceKlass org/jetbrains/kotlin/gradle/internal/KaptExecution$Companion
instanceKlass org/jetbrains/kotlin/gradle/internal/KaptExecution
instanceKlass org/jetbrains/kotlin/gradle/internal/KaptWithoutKotlincTask$KaptWorkParameters$Inject
instanceKlass org/jetbrains/kotlin/gradle/internal/KaptWithoutKotlincTask$KaptWorkParameters_Decorated
instanceKlass org/jetbrains/kotlin/gradle/internal/KaptWithoutKotlincTask$KaptWorkParameters
instanceKlass org/jetbrains/kotlin/gradle/internal/KaptWithoutKotlincTask$sam$org_gradle_api_Action$0
instanceKlass org/jetbrains/kotlin/gradle/internal/KaptWithoutKotlincTask$KaptExecutionWorkAction
instanceKlass org/jetbrains/kotlin/gradle/internal/KaptWithoutKotlincTask$WhenMappings
instanceKlass org/jetbrains/kotlin/gradle/plugin/KaptAnnotationProcessorOptions
instanceKlass org/jetbrains/kotlin/gradle/dsl/KaptArguments
instanceKlass org/jetbrains/kotlin/gradle/internal/Kapt3KotlinGradleSubpluginKt$getNonAndroidDslApOptions$1
instanceKlass com/android/build/api/component/impl/ReadOnlyMutableCollection
instanceKlass org/jetbrains/kotlin/gradle/internal/kapt/incremental/KaptClasspathChanges
instanceKlass org/jetbrains/kotlin/gradle/internal/kapt/incremental/ClasspathEntryData$ClasspathEntrySerializer
instanceKlass org/jetbrains/kotlin/gradle/internal/kapt/incremental/ClasspathSnapshot$ClasspathSnapshotFactory
instanceKlass org/gradle/api/artifacts/DependencyArtifactSelector
instanceKlass org/gradle/api/internal/artifacts/ivyservice/dependencysubstitution/DefaultArtifactSelectionDetails
instanceKlass org/gradle/api/internal/artifacts/ivyservice/dependencysubstitution/DefaultDependencySubstitutionApplicator
instanceKlass org/gradle/api/internal/artifacts/ivyservice/dependencysubstitution/CachingDependencySubstitutionApplicator
instanceKlass org/gradle/api/internal/artifacts/ivyservice/DefaultLenientConfiguration$ResolvedDependencyArtifactsGraph
instanceKlass sun/rmi/transport/DGCClient$EndpointEntry$CleanRequest
instanceKlass org/jetbrains/kotlin/gradle/internal/kapt/incremental/ClassDependencies
instanceKlass org/jetbrains/kotlin/gradle/internal/kapt/incremental/ClassTypeExtractorVisitorKt
instanceKlass org/jetbrains/org/objectweb/asm/Type
instanceKlass org/jetbrains/org/objectweb/asm/Opcodes
instanceKlass org/jetbrains/kotlin/gradle/internal/kapt/incremental/ClassAbiExtractorKt
instanceKlass org/jetbrains/kotlin/gradle/internal/kapt/incremental/ClasspathEntryData
instanceKlass org/jetbrains/kotlin/gradle/internal/kapt/incremental/ClasspathAnalyzerKt
instanceKlass org/jetbrains/kotlin/com/intellij/util/lang/JavaVersion
instanceKlass org/gradle/api/tasks/WorkResults
instanceKlass org/gradle/api/internal/file/delete/DefaultDeleteSpec
instanceKlass org/jetbrains/kotlin/gradle/tasks/TaskOutputsBackup$sam$org_gradle_api_Action$0
instanceKlass org/jetbrains/kotlin/gradle/report/TaskExecutionResult
instanceKlass org/jetbrains/kotlin/gradle/report/TaskExecutionInfo
instanceKlass org/jetbrains/kotlin/gradle/tasks/TasksUtilsKt$WhenMappings
instanceKlass org/jetbrains/kotlin/gradle/tasks/TasksUtilsKt
instanceKlass org/jetbrains/kotlin/compilerRunner/ReportUtilsKt
instanceKlass org/jetbrains/kotlin/gradle/logging/GradleBufferingMessageCollector$MessageData
instanceKlass org/jetbrains/kotlin/daemon/client/BasicCompilerServicesWithResultsFacadeServerKt$WhenMappings
instanceKlass org/jetbrains/kotlin/daemon/client/BasicCompilerServicesWithResultsFacadeServerKt
instanceKlass org/jetbrains/kotlin/compilerRunner/GradleCompilerServicesFacadeImpl$WhenMappings
instanceKlass org/jetbrains/kotlin/build/report/metrics/BuildMetrics$Companion
instanceKlass org/jetbrains/kotlin/daemon/common/CompileIterationResult$Companion
instanceKlass org/jetbrains/kotlin/daemon/common/CompileIterationResult
instanceKlass sun/rmi/transport/SequenceEntry
instanceKlass sun/rmi/transport/DGCImpl$1
instanceKlass sun/rmi/transport/DGCImpl$LeaseInfo
instanceKlass sun/rmi/transport/Transport$1
instanceKlass sun/rmi/transport/tcp/TCPTransport$ConnectionHandler
instanceKlass sun/rmi/transport/DGCAckHandler$1
instanceKlass sun/rmi/transport/DGCAckHandler
instanceKlass sun/rmi/server/UnicastServerRef$HashToMethod_Maps$1
instanceKlass sun/rmi/transport/ObjectTable$Reaper
instanceKlass sun/rmi/transport/tcp/TCPTransport$AcceptLoop
instanceKlass sun/rmi/server/Util$1
instanceKlass org/jetbrains/kotlin/daemon/common/LoopbackNetworkInterface$ServerLoopbackSocketFactory
instanceKlass org/jetbrains/kotlin/daemon/common/IncrementalCompilerServicesFacade
instanceKlass org/jetbrains/kotlin/daemon/common/IncrementalCompilationOptions$Companion
instanceKlass org/jetbrains/kotlin/daemon/common/ReportSeverity$Companion
instanceKlass org/jetbrains/kotlin/daemon/common/ReportCategory$Companion
instanceKlass org/jetbrains/kotlin/compilerRunner/GradleKotlinCompilerWork$WhenMappings
instanceKlass org/jetbrains/kotlin/gradle/logging/GradleBufferingMessageCollector
instanceKlass org/jetbrains/kotlin/gradle/logging/GradlePrintingMessageCollector$WhenMappings
instanceKlass org/jetbrains/kotlin/cli/common/messages/GradleStyleMessageRenderer$WhenMappings
instanceKlass org/jetbrains/kotlin/cli/common/messages/MessageCollector$Companion$NONE$1
instanceKlass org/jetbrains/kotlin/cli/common/messages/MessageCollector$Companion
instanceKlass org/jetbrains/kotlin/compilerRunner/KotlinCompilerRunnerUtils$WhenMappings
instanceKlass org/jetbrains/kotlin/daemon/client/CompileServiceSession
instanceKlass sun/rmi/server/WeakClassHashMap$ValueCell
instanceKlass org/jetbrains/kotlin/daemon/common/DaemonWithMetadata
instanceKlass sun/rmi/transport/ObjectEndpoint
instanceKlass sun/rmi/transport/ObjectTable
instanceKlass sun/rmi/transport/Target
instanceKlass sun/rmi/transport/DGCImpl$2$1
instanceKlass sun/rmi/transport/DGCImpl_Skel
instanceKlass java/rmi/server/Skeleton
instanceKlass sun/rmi/server/Dispatcher
instanceKlass java/rmi/server/ServerRef
instanceKlass sun/rmi/transport/DGCImpl$2
instanceKlass sun/rmi/transport/DGCClient$EndpointEntry$1
instanceKlass java/io/ObjectInputStream$Logging
instanceKlass java/io/ObjectInputStream$FilterValues
instanceKlass java/io/ObjectInputFilter$FilterInfo
instanceKlass java/rmi/dgc/Lease
instanceKlass sun/rmi/transport/DGCClient$EndpointEntry$RefEntry
instanceKlass sun/rmi/transport/GC$Daemon$1
instanceKlass sun/rmi/transport/GC$Daemon
instanceKlass sun/rmi/transport/GC$LatencyRequest
instanceKlass sun/rmi/transport/GC$1
instanceKlass sun/rmi/transport/GC$LatencyLock
instanceKlass sun/rmi/transport/GC
instanceKlass sun/rmi/transport/DGCClient$EndpointEntry$RenewCleanThread
instanceKlass sun/rmi/transport/DGCImpl
instanceKlass java/rmi/dgc/DGC
instanceKlass sun/rmi/transport/DGCClient$EndpointEntry
instanceKlass java/net/SocketPermissionCollection$1
instanceKlass java/rmi/dgc/VMID
instanceKlass sun/rmi/transport/DGCClient
instanceKlass sun/rmi/runtime/NewThreadAction$2
instanceKlass sun/rmi/runtime/NewThreadAction$1
instanceKlass sun/rmi/runtime/NewThreadAction
instanceKlass sun/rmi/transport/tcp/TCPChannel$1
instanceKlass sun/rmi/server/WeakClassHashMap
instanceKlass org/jetbrains/kotlin/cli/common/repl/ReplCodeLine$Companion
instanceKlass org/jetbrains/kotlin/daemon/common/CompilationOptions$Companion
instanceKlass org/jetbrains/kotlin/daemon/common/CompileService$Companion
instanceKlass org/jetbrains/kotlin/cli/common/repl/ReplCodeLine
instanceKlass org/jetbrains/kotlin/daemon/common/CompilationResults
instanceKlass org/jetbrains/kotlin/daemon/common/CompilerServicesFacadeBase
instanceKlass org/jetbrains/kotlin/daemon/common/CompilationOptions
instanceKlass org/jetbrains/kotlin/daemon/common/CompileService$CallResult
instanceKlass org/jetbrains/kotlin/daemon/common/CompileService
instanceKlass sun/rmi/server/LoaderHandler
instanceKlass java/rmi/server/RMIClassLoader$1
instanceKlass java/rmi/server/RMIClassLoaderSpi
instanceKlass java/rmi/server/RMIClassLoader
instanceKlass java/io/ObjectInputStream$Caches
instanceKlass sun/rmi/server/MarshalOutputStream$1
instanceKlass sun/rmi/transport/StreamRemoteCall
instanceKlass java/rmi/server/RemoteCall
instanceKlass sun/rmi/transport/tcp/TCPConnection
instanceKlass sun/rmi/transport/Connection
instanceKlass kotlin/concurrent/ThreadsKt
instanceKlass net/rubygrapefruit/platform/internal/jni/WindowsHandleFunctions
instanceKlass net/rubygrapefruit/platform/internal/FunctionResult
instanceKlass net/rubygrapefruit/platform/internal/DefaultProcessLauncher
instanceKlass net/rubygrapefruit/platform/internal/WindowsProcessLauncher
instanceKlass net/rubygrapefruit/platform/internal/WrapperProcessLauncher
instanceKlass net/rubygrapefruit/platform/Terminals
instanceKlass net/rubygrapefruit/platform/WindowsFiles
instanceKlass net/rubygrapefruit/platform/Files
instanceKlass net/rubygrapefruit/platform/internal/jni/NativeLibraryFunctions
instanceKlass net/rubygrapefruit/platform/internal/LibraryDef
instanceKlass net/rubygrapefruit/platform/internal/NativeLibraryLocator
instanceKlass net/rubygrapefruit/platform/internal/NativeLibraryLoader
instanceKlass net/rubygrapefruit/platform/Process
instanceKlass net/rubygrapefruit/platform/internal/Platform
instanceKlass net/rubygrapefruit/platform/Native
instanceKlass net/rubygrapefruit/platform/ProcessLauncher
instanceKlass net/rubygrapefruit/platform/NativeIntegration
instanceKlass org/jetbrains/kotlin/daemon/client/NativePlatformLauncherWrapper
instanceKlass org/jetbrains/kotlin/daemon/client/NativePlatformUtilKt
instanceKlass org/jetbrains/kotlin/daemon/client/KotlinCompilerClient$tryFindSuitableDaemonOrNewOpts$$inlined$thenBy$1
instanceKlass org/jetbrains/kotlin/daemon/common/FileAgeComparator
instanceKlass org/jetbrains/kotlin/daemon/client/KotlinCompilerClient$tryFindSuitableDaemonOrNewOpts$$inlined$compareBy$1
instanceKlass org/jetbrains/kotlin/daemon/common/DaemonJVMOptionsMemoryComparator
instanceKlass sun/net/util/SocketExceptions
instanceKlass sun/rmi/runtime/RuntimeUtil$1
instanceKlass sun/rmi/runtime/RuntimeUtil
instanceKlass sun/rmi/runtime/RuntimeUtil$GetInstanceAction
instanceKlass sun/rmi/transport/tcp/TCPChannel
instanceKlass sun/rmi/transport/Channel
instanceKlass java/rmi/server/Operation
instanceKlass java/rmi/server/RemoteObject
instanceKlass java/rmi/registry/Registry
instanceKlass java/rmi/Remote
instanceKlass sun/rmi/server/Util
instanceKlass sun/rmi/server/UnicastRef
instanceKlass java/rmi/server/RemoteRef
instanceKlass java/rmi/server/RMISocketFactory
instanceKlass java/rmi/server/RMIServerSocketFactory
instanceKlass sun/rmi/transport/tcp/TCPTransport$1
instanceKlass java/util/logging/StreamHandler$1
instanceKlass java/util/logging/Handler$1
instanceKlass jdk/internal/logger/SimpleConsoleLogger$Formatting
instanceKlass sun/util/logging/PlatformLogger
instanceKlass java/util/logging/Formatter
instanceKlass sun/rmi/runtime/Log$LoggerLog$1
instanceKlass sun/rmi/runtime/Log$LoggerLogFactory
instanceKlass sun/rmi/runtime/Log$LogFactory
instanceKlass sun/rmi/runtime/Log
instanceKlass sun/rmi/transport/Transport
instanceKlass sun/rmi/transport/tcp/TCPEndpoint
instanceKlass sun/rmi/transport/Endpoint
instanceKlass java/rmi/server/UID
instanceKlass java/rmi/server/ObjID
instanceKlass sun/rmi/transport/LiveRef
instanceKlass java/rmi/registry/LocateRegistry
instanceKlass org/jetbrains/kotlin/daemon/common/LoopbackNetworkInterface$AbstractClientLoopbackSocketFactory
instanceKlass java/rmi/server/RMIClientSocketFactory
instanceKlass org/jetbrains/kotlin/daemon/common/LoopbackNetworkInterface
instanceKlass org/jetbrains/kotlin/daemon/client/DaemonReportMessage
instanceKlass org/jetbrains/kotlin/daemon/client/KotlinCompilerClientKt
instanceKlass org/jetbrains/kotlin/daemon/common/ClientUtilsKt
instanceKlass org/jetbrains/kotlin/daemon/common/NetworkUtilsKt
instanceKlass org/jetbrains/kotlin/daemon/client/KotlinCompilerClient
instanceKlass org/jetbrains/kotlin/daemon/common/DummyProfiler
instanceKlass org/jetbrains/kotlin/daemon/common/Profiler
instanceKlass org/jetbrains/kotlin/daemon/client/DaemonReportingTargets
instanceKlass org/jetbrains/kotlin/daemon/common/FileSystemUtilsKt
instanceKlass org/jetbrains/kotlin/daemon/common/FileSystem$WhenMappings
instanceKlass org/jetbrains/kotlin/daemon/common/OSKind$Companion
instanceKlass org/jetbrains/kotlin/daemon/common/FileSystem
instanceKlass org/jetbrains/kotlin/daemon/common/DaemonOptions
instanceKlass org/jetbrains/kotlin/compilerRunner/KotlinCompilerRunnerUtils
instanceKlass org/jetbrains/kotlin/daemon/common/PropMapper
instanceKlass org/jetbrains/kotlin/daemon/common/DaemonJVMOptions
instanceKlass org/jetbrains/kotlin/daemon/common/DaemonParamsKt
instanceKlass org/jetbrains/kotlin/daemon/common/CompilerId$Companion
instanceKlass org/jetbrains/kotlin/daemon/common/CompilerId
instanceKlass org/jetbrains/kotlin/daemon/common/OptionsGroup
instanceKlass org/jetbrains/kotlin/compilerRunner/GradleKotlinCompilerWork
instanceKlass org/jetbrains/kotlin/compilerRunner/GradleCompilerRunnerWithWorkers$GradleKotlinCompilerWorkParameters$Inject
instanceKlass org/jetbrains/kotlin/build/report/metrics/GcMetric
instanceKlass org/jetbrains/kotlin/build/report/metrics/BuildMetrics
instanceKlass org/jetbrains/kotlin/gradle/report/BuildScanSettings
instanceKlass org/jetbrains/kotlin/build/report/HttpReportSettings
instanceKlass org/jetbrains/kotlin/build/report/FileReportSettings
instanceKlass org/jetbrains/kotlin/compilerRunner/GradleCompilerRunnerWithWorkers$GradleKotlinCompilerWorkParameters_Decorated
instanceKlass org/jetbrains/kotlin/compilerRunner/GradleCompilerRunnerWithWorkers$GradleKotlinCompilerWorkParameters
instanceKlass org/jetbrains/kotlin/compilerRunner/GradleCompilerRunnerWithWorkers$sam$org_gradle_api_Action$0
instanceKlass org/jetbrains/kotlin/compilerRunner/GradleCompilerRunnerWithWorkers$GradleKotlinCompilerWorkAction
instanceKlass java/nio/file/TempFileHelper
instanceKlass org/jetbrains/kotlin/compilerRunner/ProjectFilesForCompilation$Companion
instanceKlass org/jetbrains/kotlin/compilerRunner/ProjectFilesForCompilation
instanceKlass org/jetbrains/kotlin/compilerRunner/GradleKotlinCompilerWorkArguments$Companion
instanceKlass org/jetbrains/kotlin/compilerRunner/GradleKotlinCompilerWorkArguments
instanceKlass org/jetbrains/kotlin/incremental/IncrementalModuleInfo$Companion
instanceKlass org/jetbrains/kotlin/gradle/dsl/KotlinJsCompile
instanceKlass org/jetbrains/kotlin/gradle/targets/js/internal/UsesLibraryFilterCachingService
instanceKlass org/jetbrains/kotlin/incremental/IncrementalModuleEntry$Companion
instanceKlass org/jetbrains/kotlin/incremental/IncrementalModuleEntry
instanceKlass kotlin/reflect/KMutableProperty1$Setter
instanceKlass org/jetbrains/kotlin/cli/common/arguments/ParseCommandLineArgumentsKt$parsePreprocessedCommandLineArguments$ArgumentField
instanceKlass org/jetbrains/kotlin/cli/common/arguments/PreprocessCommandLineArgumentsKt
instanceKlass org/jetbrains/kotlin/compilerRunner/ArgumentUtils
instanceKlass org/jetbrains/kotlin/config/Services$Builder
instanceKlass org/jetbrains/kotlin/config/Services$Companion
instanceKlass org/jetbrains/kotlin/config/Services
instanceKlass org/jetbrains/kotlin/compilerRunner/CompilerEnvironment
instanceKlass org/jetbrains/kotlin/daemon/common/MultiModuleICSettings$Companion
instanceKlass org/jetbrains/kotlin/incremental/ClasspathSnapshotFiles$Companion
instanceKlass org/jetbrains/kotlin/incremental/ClasspathSnapshotFiles
instanceKlass org/jetbrains/kotlin/incremental/ChangedFiles$Companion
instanceKlass org/jetbrains/kotlin/gradle/tasks/AbstractKotlinCompile$WhenMappings
instanceKlass org/jetbrains/kotlin/compilerRunner/IncrementalCompilationEnvironment$Companion
instanceKlass org/jetbrains/kotlin/compilerRunner/IncrementalCompilationEnvironment
instanceKlass org/jetbrains/kotlin/compilerRunner/GradleKotlinCompilerRunnerKt
instanceKlass org/jetbrains/kotlin/gradle/tasks/CompileUsingKotlinDaemonWithNormalization$sam$org_gradle_api_Transformer$0
instanceKlass org/jetbrains/kotlin/gradle/tasks/CompileUsingKotlinDaemonWithNormalization$DefaultImpls
instanceKlass org/jetbrains/kotlin/compilerRunner/CompilerExecutionSettings$Companion
instanceKlass org/jetbrains/kotlin/compilerRunner/CompilerExecutionSettings
instanceKlass org/jetbrains/kotlin/gradle/tasks/AbstractKotlinCompile$sam$java_util_function_BiFunction$0
instanceKlass org/jetbrains/kotlin/compilerRunner/OutputItemsCollectorImpl
instanceKlass org/jetbrains/kotlin/compilerRunner/OutputItemsCollector
instanceKlass org/jetbrains/kotlin/gradle/logging/GradleErrorMessageCollector
instanceKlass org/jetbrains/kotlin/cli/common/messages/GradleStyleMessageRenderer
instanceKlass org/jetbrains/kotlin/cli/common/messages/MessageRenderer
instanceKlass org/jetbrains/kotlin/gradle/logging/GradlePrintingMessageCollector
instanceKlass com/android/build/gradle/api/TestedComponentIdentifier
instanceKlass com/android/build/gradle/internal/dependency/ArtifactCollectionWithExtraArtifact$ExtraComponentIdentifierImpl
instanceKlass com/android/build/gradle/internal/dependency/ArtifactCollectionWithExtraArtifact$ExtraComponentIdentifier
instanceKlass com/android/build/gradle/internal/dependency/ArtifactCollectionWithExtraArtifact$ExtraComponentArtifactIdentifier
instanceKlass org/jetbrains/kotlin/gradle/internal/SubpluginUtilsKt$sam$java_util_function_BiConsumer$0
instanceKlass org/jetbrains/kotlin/gradle/internal/SubpluginUtilsKt$sam$java_util_function_BiFunction$0
instanceKlass org/jetbrains/kotlin/gradle/internal/SubpluginUtilsKt
instanceKlass org/jetbrains/kotlin/gradle/plugin/KotlinCompilerArgumentsProducer$DefaultImpls
instanceKlass java/util/zip/ZipOutputStream$XEntry
instanceKlass kotlin/io/FileTreeWalk$WalkState
instanceKlass kotlin/io/FileTreeWalk$FileTreeWalkIterator$WhenMappings
instanceKlass kotlin/io/FileTreeWalk
instanceKlass java/util/zip/Deflater$DeflaterZStreamRef
instanceKlass java/util/zip/Deflater
instanceKlass org/jetbrains/kotlin/gradle/internal/tasks/TaskWithLocalStateKt
instanceKlass org/jetbrains/kotlin/compilerRunner/CompilerSystemPropertiesService$Parameters$Inject
instanceKlass org/jetbrains/kotlin/build/report/metrics/BuildMetricsReporterImpl$WhenMappings
instanceKlass org/gradle/execution/plan/ExecutionNodeAccessHierarchy$FilteredNodeAccess
instanceKlass org/gradle/execution/plan/MissingTaskDependencyDetector$FilteredTree
instanceKlass org/gradle/api/internal/artifacts/transform/AbstractTransformExecution$3
instanceKlass org/gradle/api/internal/artifacts/transform/TransformExecutionResultSerializer$1
instanceKlass org/gradle/api/internal/artifacts/transform/DefaultTransformOutputs$1
instanceKlass org/jetbrains/kotlin/incremental/storage/JvmClassNameExternalizer
instanceKlass org/jetbrains/kotlin/incremental/storage/NullableValueExternalizer
instanceKlass org/jetbrains/kotlin/incremental/storage/FqNameExternalizer
instanceKlass org/jetbrains/kotlin/incremental/storage/ClassIdExternalizer
instanceKlass org/jetbrains/kotlin/incremental/classpathDiff/InaccessibleClassSnapshotExternalizer
instanceKlass org/jetbrains/kotlin/incremental/classpathDiff/JavaClassSnapshotExternalizer
instanceKlass org/jetbrains/kotlin/incremental/classpathDiff/MultifileClassKotlinClassSnapshotExternalizer
instanceKlass org/jetbrains/kotlin/incremental/classpathDiff/PackageFacadeKotlinClassSnapshotExternalizer
instanceKlass org/jetbrains/kotlin/incremental/classpathDiff/RegularKotlinClassSnapshotExternalizer
instanceKlass org/jetbrains/kotlin/incremental/classpathDiff/KotlinClassSnapshotExternalizer
instanceKlass org/jetbrains/kotlin/incremental/classpathDiff/AccessibleClassSnapshotExternalizer
instanceKlass org/jetbrains/kotlin/incremental/storage/DelegateDataExternalizer
instanceKlass org/jetbrains/kotlin/incremental/classpathDiff/ClassSnapshotExternalizer
instanceKlass org/jetbrains/kotlin/incremental/storage/MapExternalizer
instanceKlass org/jetbrains/kotlin/incremental/classpathDiff/ClasspathEntrySnapshotExternalizer
instanceKlass org/jetbrains/kotlin/incremental/classpathDiff/ClasspathEntrySnapshot
instanceKlass org/jetbrains/org/objectweb/asm/Frame
instanceKlass org/jetbrains/org/objectweb/asm/tree/InsnList
instanceKlass org/jetbrains/org/objectweb/asm/tree/AbstractInsnNode
instanceKlass org/jetbrains/kotlin/incremental/classpathDiff/ClassSnapshot
instanceKlass org/jetbrains/kotlin/incremental/storage/GenericCollectionExternalizer
instanceKlass org/jetbrains/kotlin/incremental/storage/LongExternalizer
instanceKlass org/jetbrains/kotlin/com/intellij/openapi/util/ThreadLocalCachedValue
instanceKlass org/jetbrains/kotlin/com/intellij/util/io/IOUtil
instanceKlass org/jetbrains/kotlin/incremental/storage/StringExternalizer
instanceKlass org/jetbrains/kotlin/incremental/classpathDiff/JavaElementSnapshotExternalizer
instanceKlass org/jetbrains/kotlin/incremental/storage/ExternalizersKt
instanceKlass org/jetbrains/kotlin/incremental/classpathDiff/JavaClassMemberLevelSnapshotExternalizer
instanceKlass org/jetbrains/kotlin/com/intellij/util/io/DataExternalizer
instanceKlass org/jetbrains/kotlin/incremental/classpathDiff/JavaClassMemberLevelSnapshot
instanceKlass org/jetbrains/kotlin/incremental/IncrementalJvmCacheKt
instanceKlass org/jetbrains/kotlin/incremental/KotlinClassInfoKt
instanceKlass org/jetbrains/org/objectweb/asm/ByteVector
instanceKlass org/jetbrains/org/objectweb/asm/Symbol
instanceKlass org/jetbrains/org/objectweb/asm/SymbolTable
instanceKlass org/jetbrains/kotlin/incremental/classpathDiff/JavaElementSnapshot
instanceKlass org/jetbrains/kotlin/incremental/ClassNodeSnapshotter
instanceKlass org/jetbrains/kotlin/metadata/jvm/deserialization/JvmMemberSignature
instanceKlass org/jetbrains/org/objectweb/asm/tree/InnerClassNode
instanceKlass org/jetbrains/org/objectweb/asm/tree/Util
instanceKlass org/jetbrains/org/objectweb/asm/MethodVisitor
instanceKlass org/jetbrains/org/objectweb/asm/FieldVisitor
instanceKlass org/jetbrains/org/objectweb/asm/ModuleVisitor
instanceKlass org/jetbrains/org/objectweb/asm/RecordComponentVisitor
instanceKlass org/jetbrains/kotlin/metadata/jvm/deserialization/JvmMetadataVersion$Companion
instanceKlass org/jetbrains/kotlin/metadata/deserialization/BinaryVersion$Companion
instanceKlass org/jetbrains/kotlin/metadata/deserialization/BinaryVersion
instanceKlass org/jetbrains/kotlin/utils/StringsKt
instanceKlass org/jetbrains/org/objectweb/asm/AnnotationVisitor
instanceKlass org/jetbrains/kotlin/load/kotlin/FileBasedKotlinClass
instanceKlass org/jetbrains/kotlin/load/kotlin/KotlinJvmBinaryClass
instanceKlass org/jetbrains/kotlin/load/kotlin/FileBasedKotlinClass$OuterAndInnerName
instanceKlass org/jetbrains/org/objectweb/asm/Context
instanceKlass org/jetbrains/org/objectweb/asm/Attribute
instanceKlass org/jetbrains/org/objectweb/asm/Label
instanceKlass org/jetbrains/org/objectweb/asm/ClassReader
instanceKlass org/jetbrains/kotlin/load/kotlin/FileBasedKotlinClass$InnerClassesInfo
instanceKlass org/jetbrains/kotlin/load/kotlin/header/KotlinClassHeader$Kind$Companion
instanceKlass org/jetbrains/kotlin/name/ClassId
instanceKlass org/jetbrains/kotlin/name/FqNameUnsafe$1
instanceKlass org/jetbrains/kotlin/name/Name
instanceKlass org/jetbrains/kotlin/name/FqNameUnsafe
instanceKlass org/jetbrains/kotlin/name/FqName
instanceKlass org/jetbrains/kotlin/load/kotlin/KotlinJvmBinaryClass$AnnotationArgumentVisitor
instanceKlass org/jetbrains/kotlin/load/kotlin/header/ReadKotlinClassHeaderAnnotationVisitor
instanceKlass org/jetbrains/kotlin/load/kotlin/KotlinJvmBinaryClass$AnnotationVisitor
instanceKlass org/jetbrains/org/objectweb/asm/ClassVisitor
instanceKlass org/jetbrains/kotlin/incremental/classpathDiff/BasicClassInfo$Companion
instanceKlass org/jetbrains/kotlin/incremental/classpathDiff/BasicClassInfo
instanceKlass org/jetbrains/kotlin/incremental/classpathDiff/ClassFileWithContents
instanceKlass org/jetbrains/kotlin/resolve/jvm/JvmClassName
instanceKlass org/jetbrains/kotlin/incremental/classpathDiff/ClassSnapshotter
instanceKlass org/jetbrains/kotlin/incremental/classpathDiff/ClassFile
instanceKlass org/jetbrains/kotlin/incremental/classpathDiff/ClassFileWithContentsProvider
instanceKlass kotlin/sequences/SequencesKt__SequencesKt$asSequence$$inlined$Sequence$1
instanceKlass kotlin/collections/CollectionsKt__IteratorsJVMKt$iterator$1
instanceKlass org/jetbrains/kotlin/incremental/classpathDiff/JarReader
instanceKlass org/jetbrains/kotlin/incremental/classpathDiff/DirectoryOrJarReader$Companion
instanceKlass org/jetbrains/kotlin/incremental/classpathDiff/DirectoryOrJarReader
instanceKlass org/jetbrains/kotlin/incremental/classpathDiff/ClasspathEntrySnapshotter
instanceKlass org/jetbrains/kotlin/build/report/metrics/DoNothingBuildMetricsReporter
instanceKlass org/gradle/api/internal/artifacts/transform/TransformExecutionResult$OutputTypeInferringBuilder
instanceKlass org/gradle/api/internal/artifacts/transform/DefaultTransformOutputs
instanceKlass org/gradle/api/internal/artifacts/transform/TransformOutputsInternal
instanceKlass org/gradle/api/internal/artifacts/transform/DefaultTransform$TransformServiceLookup$InjectionPoint
instanceKlass org/gradle/api/internal/artifacts/transform/DefaultTransform$TransformServiceLookup
instanceKlass org/gradle/operations/dependencies/transforms/ExecuteTransformActionBuildOperationType$2
instanceKlass org/gradle/operations/dependencies/transforms/ExecuteTransformActionBuildOperationType$1
instanceKlass org/gradle/operations/dependencies/transforms/ExecuteTransformActionBuildOperationType$Result
instanceKlass org/gradle/operations/dependencies/transforms/ExecuteTransformActionBuildOperationType$Details
instanceKlass org/gradle/operations/dependencies/transforms/ExecuteTransformActionBuildOperationType
instanceKlass org/gradle/api/internal/artifacts/transform/AbstractTransformExecution$2
instanceKlass org/gradle/api/internal/changedetection/state/DefaultZipEntryContext$ZipEntryRelativePath
instanceKlass org/gradle/api/internal/changedetection/state/DefaultZipEntryContext
instanceKlass org/gradle/internal/io/IoFunction
instanceKlass org/gradle/api/internal/file/archive/impl/AbstractZipEntry
instanceKlass org/gradle/api/internal/file/archive/impl/FileZipInput
instanceKlass org/gradle/internal/fingerprint/impl/PatternSetSnapshottingFilter$LogicalFileTreeElement
instanceKlass org/gradle/api/tasks/util/internal/CachingPatternSpecFactory$CachingSpec$1
instanceKlass org/gradle/internal/fingerprint/impl/PatternSetSnapshottingFilter$PathBackedFileTreeElement
instanceKlass org/gradle/internal/snapshot/SnapshottingFilter$DirectoryWalkerPredicate
instanceKlass org/jetbrains/kotlin/gradle/plugin/CompilerPluginConfig$WhenMappings
instanceKlass org/gradle/api/services/internal/DefaultBuildServicesRegistry$ServiceBackedSharedResource
instanceKlass com/android/ide/common/symbols/SymbolListWithPackageNameWriter
instanceKlass com/android/zipflinger/EndOfCentralDirectory
instanceKlass com/android/zipflinger/Zip64
instanceKlass com/android/zipflinger/CentralDirectoryRecord
instanceKlass com/android/zipflinger/LocalFileHeader
instanceKlass com/android/zipflinger/Ints
instanceKlass com/android/zipflinger/Source
instanceKlass com/android/zipflinger/Sources
instanceKlass com/android/zipflinger/ZipReader
instanceKlass com/android/zipflinger/ZipWriter
instanceKlass com/android/zipflinger/FreeStore$Zone
instanceKlass com/android/zipflinger/FreeStore
instanceKlass com/android/zipflinger/CentralDirectory
instanceKlass com/android/zipflinger/Location
instanceKlass com/android/zipflinger/ZipInfo
instanceKlass com/android/zipflinger/ZipArchive
instanceKlass com/android/zipflinger/Archive
instanceKlass com/android/builder/packaging/JarCreator$Relocator
instanceKlass com/android/builder/packaging/JarFlinger
instanceKlass com/android/builder/packaging/JarCreator
instanceKlass com/android/builder/symbols/BytecodeRClassWriterKt
instanceKlass com/google/common/collect/NullnessCasts
instanceKlass com/android/build/gradle/internal/services/SymbolTableBuildService$FileCacheKey
instanceKlass com/android/ide/common/symbols/SymbolIo$1
instanceKlass org/gradle/api/internal/file/collections/DefaultConfigurableFileCollection$1
instanceKlass org/gradle/api/internal/artifacts/ivyservice/resolveengine/result/ComponentSelectionReasons$1
instanceKlass org/gradle/api/internal/artifacts/dsl/ModuleReplacementsData$Replacement
instanceKlass org/gradle/internal/typeconversion/NotationConverterToNotationParserAdapter$1
instanceKlass org/gradle/api/internal/artifacts/ivyservice/resolveengine/graph/builder/ModuleSelectors$1
instanceKlass jdk/internal/misc/ScopedMemoryAccess$Scope$Handle
instanceKlass org/gradle/api/internal/artifacts/ivyservice/resolveengine/graph/conflicts/ConflictContainer$Conflict
instanceKlass org/gradle/internal/resolve/RejectedVersion
instanceKlass org/gradle/api/internal/provider/ValueSupplier$1
instanceKlass org/gradle/internal/execution/history/changes/NonIncrementalInputChanges
instanceKlass java/nio/file/Files$2
instanceKlass org/gradle/api/internal/artifacts/ivyservice/ivyresolve/FilteredModuleComponentRepository$1
instanceKlass org/gradle/internal/snapshot/DirectorySnapshot$1$1
instanceKlass org/gradle/internal/snapshot/DirectorySnapshot$1
instanceKlass org/gradle/internal/serialize/NestedExceptionPlaceholder
instanceKlass org/gradle/internal/serialize/ExceptionPlaceholder$2
instanceKlass org/gradle/internal/serialize/ExceptionPlaceholder$Java14NullPointerExceptionUsefulMessageSupport
instanceKlass org/gradle/internal/serialize/StackTraceElementPlaceholder
instanceKlass org/gradle/internal/serialize/ExceptionReplacingObjectOutputStream$2
instanceKlass org/gradle/internal/serialize/PlaceholderExceptionSupport
instanceKlass org/gradle/internal/logging/text/BufferingStyledTextOutput$ChangeStyleAction
instanceKlass java/util/stream/DistinctOps
instanceKlass org/gradle/internal/buildevents/BuildExceptionReporter$ContextImpl
instanceKlass org/gradle/internal/logging/text/BufferingStyledTextOutput$1
instanceKlass org/gradle/internal/buildevents/BuildExceptionReporter$FailureDetails
instanceKlass com/google/common/io/Closeables
instanceKlass com/android/builder/internal/aapt/v2/Aapt2DaemonImpl$AllowShutdown
instanceKlass com/android/build/gradle/internal/attribution/BuildAnalyzerPartialResult$Companion
instanceKlass com/android/build/gradle/internal/attribution/BuildAnalyzerPartialResult
instanceKlass com/android/build/gradle/internal/attribution/BuildAnalyzerService$Companion$saveAttributionData$1
instanceKlass com/android/builder/utils/ExceptionFunction
instanceKlass com/google/common/reflect/Types$ClassOwnership$1LocalClass
instanceKlass com/google/common/reflect/Types$ParameterizedTypeImpl
instanceKlass com/google/common/reflect/Reflection
instanceKlass com/google/common/reflect/Types$TypeVariableInvocationHandler
instanceKlass com/google/common/reflect/Types$TypeVariableImpl
instanceKlass com/google/common/reflect/Types
instanceKlass com/google/common/reflect/Types$NativeTypeVariableEquals
instanceKlass com/google/common/reflect/TypeResolver$TypeVariableKey
instanceKlass com/google/common/reflect/TypeResolver$TypeTable
instanceKlass com/google/common/reflect/TypeResolver
instanceKlass com/android/utils/JvmWideVariable$ValueWrapper
instanceKlass com/android/utils/JvmWideVariable$ValueWrapperMBean
instanceKlass com/android/utils/JvmWideVariable
instanceKlass com/google/common/reflect/Invokable
instanceKlass com/android/utils/concurrency/ReadWriteProcessLock$WriteLock
instanceKlass com/android/utils/concurrency/ReadWriteProcessLock$ReadLock
instanceKlass com/google/common/reflect/TypeCapture
instanceKlass com/android/utils/concurrency/ReadWriteProcessLock$Lock
instanceKlass com/android/utils/concurrency/ReadWriteProcessLock
instanceKlass com/android/builder/utils/SynchronizedFile
instanceKlass com/android/buildanalyzer/common/AndroidGradlePluginAttributionData$Companion
instanceKlass com/android/buildanalyzer/common/AndroidGradlePluginAttributionData
instanceKlass java/util/logging/LogRecord
instanceKlass org/codehaus/groovy/runtime/StackTraceUtils
instanceKlass org/gradle/internal/exceptions/Contextual
instanceKlass org/gradle/tooling/internal/consumer/DefaultFailure
instanceKlass org/gradle/tooling/internal/protocol/InternalTestFrameworkFailure
instanceKlass org/gradle/tooling/internal/protocol/InternalTestAssertionFailure
instanceKlass org/gradle/tooling/internal/protocol/InternalTestFailure
instanceKlass org/gradle/tooling/events/internal/DefaultOperationFailureResult
instanceKlass org/gradle/tooling/events/task/TaskFailureResult
instanceKlass org/gradle/tooling/events/FailureResult
instanceKlass java/lang/Throwable$PrintStreamOrWriter
instanceKlass org/gradle/internal/build/event/types/DefaultFailure
instanceKlass org/gradle/tooling/internal/protocol/InternalFailure
instanceKlass org/gradle/internal/execution/history/changes/ChangeDetectorVisitor
instanceKlass com/android/build/gradle/internal/errors/MessageReceiverImplKt
instanceKlass com/google/common/io/ByteArrayDataOutput
instanceKlass com/google/common/io/ByteArrayDataInput
instanceKlass com/google/common/io/ByteStreams
instanceKlass com/google/common/io/CharSource
instanceKlass com/google/common/hash/PrimitiveSink
instanceKlass com/android/ide/common/blame/parser/aapt/ReadOnlyDocument
instanceKlass com/android/ide/common/blame/parser/util/OutputLineReader
instanceKlass com/android/utils/StdLogger
instanceKlass com/android/ide/common/blame/parser/aapt/Aapt2ErrorParser$MessageParser
instanceKlass com/android/ide/common/blame/parser/aapt/AbstractAaptOutputParser
instanceKlass com/android/ide/common/blame/parser/aapt/Aapt2OutputParser
instanceKlass com/android/ide/common/blame/parser/PatternAwareOutputParser
instanceKlass com/android/ide/common/blame/parser/ToolOutputParser
instanceKlass org/gradle/internal/classpath/declarations/KotlinStdlibFileInterceptors
instanceKlass com/android/builder/internal/aapt/v2/Aapt2ExceptionKt
instanceKlass com/android/builder/internal/aapt/v2/Aapt2Exception$Companion
instanceKlass com/android/builder/internal/aapt/v2/AaptV2CommandBuilder$makeLinkCommand$lambda$6$lambda$5$$inlined$sortedBy$1
instanceKlass com/android/builder/internal/aapt/v2/Aapt2DaemonImpl$WaitForTaskCompletion$Result
instanceKlass com/google/common/collect/AbstractIterator$1
instanceKlass com/android/build/gradle/internal/tasks/ValidateSigningTask$forceRerun$storeFile$1
instanceKlass com/google/common/collect/FluentIterable
instanceKlass com/android/builder/internal/aapt/AaptUtils
instanceKlass com/android/build/gradle/internal/dependency/BaseDexingTransform$Parameters$Inject
instanceKlass com/android/builder/internal/aapt/v2/AaptV2CommandBuilder$makeLinkCommand$$inlined$sortedBy$1
instanceKlass com/android/builder/internal/aapt/v2/AaptV2CommandBuilder
instanceKlass com/android/builder/internal/aapt/v2/Aapt2DaemonUtil
instanceKlass com/android/builder/internal/aapt/v2/Aapt2DaemonImpl$WaitForTaskCompletion
instanceKlass com/google/common/util/concurrent/OverflowAvoidingLockSupport
instanceKlass com/android/utils/GrabProcessOutput
instanceKlass java/lang/ProcessImpl$2
instanceKlass java/lang/ProcessHandleImpl
instanceKlass org/gradle/api/internal/artifacts/transform/TransformExecutionResult$Builder$EntireInputArtifact
instanceKlass com/android/builder/internal/aapt/v2/Aapt2DaemonImpl$WaitForReadyOnStdOut
instanceKlass com/android/builder/internal/aapt/v2/Aapt2Daemon$WhenMappings
instanceKlass com/android/builder/internal/aapt/v2/Aapt2DaemonManager$LeasedAaptDaemon
instanceKlass com/android/build/gradle/internal/services/Aapt2DaemonManagerMaintainer$firstDaemonStarted$2
instanceKlass com/android/build/gradle/internal/services/Aapt2DaemonManagerMaintainer$firstDaemonStarted$1
instanceKlass com/android/builder/internal/aapt/v2/Aapt2DaemonManager$LeasableAaptDaemon
instanceKlass com/android/builder/internal/aapt/v2/Aapt2DaemonImpl$processOutput$1
instanceKlass com/android/builder/internal/aapt/v2/Aapt2DaemonImpl$NoOutputExpected
instanceKlass com/android/utils/GrabProcessOutput$IProcessOutput
instanceKlass com/android/builder/internal/aapt/v2/Aapt2Daemon
instanceKlass com/android/build/gradle/internal/res/Aapt2ProcessResourcesRunnableKt
instanceKlass com/android/build/gradle/internal/dependency/IdentityTransform$Parameters$Inject
instanceKlass com/google/common/cache/CacheBuilderSpec$1
instanceKlass com/google/common/cache/CacheBuilderSpec$DurationParser
instanceKlass com/google/common/cache/CacheBuilderSpec$RecordStatsParser
instanceKlass com/google/common/cache/CacheBuilderSpec$ValueStrengthParser
instanceKlass com/google/common/cache/CacheBuilderSpec$KeyStrengthParser
instanceKlass com/android/build/gradle/internal/dependency/AarToClassTransform$Params$Inject
instanceKlass com/google/common/cache/CacheBuilderSpec$LongParser
instanceKlass com/google/common/cache/CacheBuilderSpec$IntegerParser
instanceKlass com/google/common/cache/CacheBuilderSpec$ValueParser
instanceKlass com/google/common/cache/CacheBuilderSpec
instanceKlass com/android/build/gradle/internal/services/SymbolTableBuildService$Companion
instanceKlass com/android/builder/internal/aapt/AaptPackageConfig
instanceKlass kotlin/io/LinesSequence$iterator$1
instanceKlass kotlin/io/LinesSequence
instanceKlass com/android/builder/internal/aapt/AaptPackageConfig$Builder
instanceKlass com/android/build/gradle/internal/services/PartialInProcessResourceProcessor
instanceKlass com/android/build/gradle/internal/services/Aapt2DaemonBuildService$getManager$2$1
instanceKlass com/android/builder/internal/aapt/v2/Aapt2DaemonManager$leasingAapt2Daemon$1
instanceKlass com/android/build/gradle/internal/services/Aapt2DaemonManagerMaintainer
instanceKlass com/android/builder/internal/aapt/v2/Aapt2DaemonManager$Listener
instanceKlass com/android/builder/internal/aapt/v2/Aapt2
instanceKlass com/android/builder/internal/aapt/v2/Aapt2DaemonManager
instanceKlass com/android/build/gradle/internal/services/Aapt2DaemonServiceKey
instanceKlass com/android/build/gradle/internal/workeractions/WorkerActionServiceRegistry$ServiceKey
instanceKlass com/android/builder/internal/aapt/v2/Aapt2DaemonTimeouts
instanceKlass com/android/build/gradle/internal/workeractions/WorkerActionServiceRegistry
instanceKlass com/android/build/gradle/internal/services/Aapt2Daemon
instanceKlass org/gradle/internal/snapshot/impl/FileSystemSnapshotFilter$FilteringVisitor$1
instanceKlass org/gradle/internal/snapshot/impl/FileSystemSnapshotFilter$FilteringVisitor
instanceKlass org/gradle/internal/snapshot/impl/FileSystemSnapshotFilter
instanceKlass org/gradle/internal/snapshot/SnapshottingFilter$FileSystemSnapshotPredicate
instanceKlass org/gradle/internal/fingerprint/impl/PatternSetSnapshottingFilter
instanceKlass com/google/common/collect/ImmutableList$SerializedForm
instanceKlass com/android/builder/internal/aapt/AaptOptions
instanceKlass com/android/build/gradle/internal/res/LinkApplicationAndroidResourcesTask$doFullTaskAction$1
instanceKlass org/gradle/api/internal/artifacts/ivyservice/resolveengine/graph/selectors/SelectorStateResolverResults$1
instanceKlass com/android/build/gradle/internal/dependency/AarResourcesCompilerTransform$Parameters$Inject
instanceKlass com/android/build/gradle/internal/services/Aapt2Input$Inject
instanceKlass org/gradle/internal/work/DefaultWorkerLeaseService$2
instanceKlass com/android/build/gradle/tasks/XmlDocumentUtilsKt
instanceKlass com/android/build/api/artifact/impl/ArtifactTransformationRequestImpl$submit$4
instanceKlass com/android/build/gradle/tasks/ProcessPackagedManifestTask$WorkItemParameters$Inject
instanceKlass com/android/build/gradle/tasks/ProcessPackagedManifestTask$WorkItemParameters_Decorated
instanceKlass com/android/build/gradle/tasks/ProcessPackagedManifestTask$WorkItemParameters
instanceKlass com/android/build/gradle/internal/workeractions/DecoratedWorkParameters
instanceKlass com/android/build/api/artifact/impl/ArtifactTransformationRequestImpl$submit$2$1
instanceKlass com/android/build/gradle/tasks/ProcessPackagedManifestTask$WorkItem
instanceKlass com/android/build/gradle/internal/workeractions/WorkActionAdapter
instanceKlass com/android/build/api/variant/impl/BuiltArtifactImpl$Companion
instanceKlass kotlin/io/ByteStreamsKt
instanceKlass com/android/build/api/variant/impl/SerializableApplicationMultiOutputHandler
instanceKlass com/android/build/api/variant/impl/BuiltArtifactsImpl$Companion
instanceKlass com/android/build/gradle/internal/api/artifact/ArtifactTypeUtils
instanceKlass com/android/ide/common/build/ListingFileRedirect
instanceKlass com/android/build/api/variant/impl/BuiltArtifactsLoaderImpl$Companion
instanceKlass com/android/build/api/variant/impl/BuiltArtifactsLoaderImpl
instanceKlass com/android/build/api/variant/BuiltArtifactsLoader
instanceKlass com/google/protobuf/ByteString$2
instanceKlass com/google/protobuf/ByteString$ArraysByteArrayCopier
instanceKlass com/google/protobuf/ByteString$ByteIterator
instanceKlass com/google/protobuf/ByteString$ByteArrayCopier
instanceKlass com/google/protobuf/ByteString
instanceKlass com/android/aaptcompiler/buffer/BigBuffer$BlockRef
instanceKlass com/android/aaptcompiler/buffer/BigBuffer$Block
instanceKlass org/gradle/internal/snapshot/impl/GradleSerializedValueSnapshot
instanceKlass com/android/aaptcompiler/android/ResChunkHeader
instanceKlass com/android/aaptcompiler/android/ResStringPoolHeader$Companion
instanceKlass com/android/aaptcompiler/android/ResStringPoolHeader
instanceKlass com/android/aaptcompiler/buffer/BigBuffer
instanceKlass com/google/common/io/Java8Compatibility
instanceKlass com/android/aapt/Resources$Styleable$EntryOrBuilder
instanceKlass com/google/common/io/CharStreams
instanceKlass com/google/common/io/LineBuffer
instanceKlass com/google/common/io/LineReader
instanceKlass com/android/ide/common/xml/XmlAttributeSortOrder$3
instanceKlass com/android/ide/common/xml/XmlPrettyPrinter
instanceKlass com/android/ide/common/xml/XmlAttributeSortOrder$2
instanceKlass com/android/ide/common/xml/XmlAttributeSortOrder$1
instanceKlass com/android/ide/common/xml/XmlFormatPreferences
instanceKlass com/sun/org/apache/xerces/internal/dom/DeepNodeListImpl
instanceKlass com/google/common/base/Optional
instanceKlass com/android/manifmerger/ToolsInstructionsCleaner
instanceKlass com/android/manifmerger/PostValidator$1
instanceKlass com/android/manifmerger/PostValidator
instanceKlass java/util/TreeMap$NavigableSubMap$SubMapIterator
instanceKlass com/android/manifmerger/ElementsTrimmer
instanceKlass com/android/manifmerger/NavGraphExpander
instanceKlass com/android/manifmerger/DeepLink$Companion
instanceKlass com/android/manifmerger/DeepLink
instanceKlass com/google/gson/internal/$Gson$Types$GenericArrayTypeImpl
instanceKlass com/android/manifmerger/NavigationXmlDocumentData
instanceKlass com/android/aapt/Resources$Style$EntryOrBuilder
instanceKlass com/android/aapt/Resources$Plural$Arity$1
instanceKlass com/android/aapt/Resources$Plural$EntryOrBuilder
instanceKlass com/android/aapt/Resources$StyleString$SpanOrBuilder
instanceKlass com/google/protobuf/GeneratedMessageV3$1
instanceKlass com/google/protobuf/GeneratedMessageV3$Builder$BuilderParentImpl
instanceKlass com/google/protobuf/SingleFieldBuilderV3
instanceKlass com/android/manifmerger/XmlDocument$KeyAndReason
instanceKlass com/android/manifmerger/XmlElement$1
instanceKlass com/android/aapt/Resources$UntranslatableSectionOrBuilder
instanceKlass com/android/aapt/Resources$NamespaceAliasOrBuilder
instanceKlass com/android/manifmerger/ManifestSystemPropertyKt$createOrGetElement$1
instanceKlass com/android/manifmerger/ManifestSystemPropertyKt
instanceKlass com/android/aapt/Resources$StyleStringOrBuilder
instanceKlass com/android/manifmerger/ManifestSystemProperty$Companion
instanceKlass com/android/manifmerger/PreValidator
instanceKlass com/google/common/collect/CollectSpliterators$1
instanceKlass com/google/common/collect/CollectSpliterators
instanceKlass com/android/aapt/Resources$Primitive$EmptyTypeOrBuilder
instanceKlass com/android/aapt/Resources$Primitive$NullTypeOrBuilder
instanceKlass com/android/aapt/Resources$IdOrBuilder
instanceKlass com/android/aapt/Resources$FileReferenceOrBuilder
instanceKlass com/android/aapt/Resources$PrimitiveOrBuilder
instanceKlass com/android/aapt/Resources$StringOrBuilder
instanceKlass com/android/aapt/Resources$RawStringOrBuilder
instanceKlass com/android/aapt/Resources$StyledStringOrBuilder
instanceKlass com/android/aapt/Resources$Reference$Type$1
instanceKlass com/android/aapt/Resources$BooleanOrBuilder
instanceKlass com/android/aapt/Resources$ReferenceOrBuilder
instanceKlass com/android/aapt/Resources$Attribute$SymbolOrBuilder
instanceKlass com/android/aapt/Resources$StyleableOrBuilder
instanceKlass com/android/aapt/Resources$StyleOrBuilder
instanceKlass com/android/aapt/Resources$PluralOrBuilder
instanceKlass com/android/aapt/Resources$MacroBodyOrBuilder
instanceKlass com/android/aapt/Resources$AttributeOrBuilder
instanceKlass com/android/aapt/Resources$ArrayOrBuilder
instanceKlass com/android/aapt/Resources$CompoundValueOrBuilder
instanceKlass com/android/aapt/Resources$ValueOrBuilder
instanceKlass com/android/aapt/Resources$Visibility$Level$1
instanceKlass com/android/aapt/Resources$SourceOrBuilder
instanceKlass com/android/aapt/Resources$ConfigValueOrBuilder
instanceKlass com/android/aapt/Resources$VisibilityOrBuilder
instanceKlass com/android/aapt/Resources$OverlayableItemOrBuilder
instanceKlass com/android/aapt/Resources$StagedIdOrBuilder
instanceKlass com/android/aapt/Resources$AllowNewOrBuilder
instanceKlass com/android/aapt/Resources$EntryIdOrBuilder
instanceKlass com/android/aapt/Resources$EntryOrBuilder
instanceKlass com/android/aapt/Resources$TypeIdOrBuilder
instanceKlass com/android/aapt/Resources$TypeOrBuilder
instanceKlass com/android/manifmerger/OverrideLibrarySelector
instanceKlass com/android/aapt/Resources$PackageIdOrBuilder
instanceKlass com/android/aaptcompiler/ToolFingerprint
instanceKlass com/android/aapt/Resources$DynamicRefTableOrBuilder
instanceKlass com/android/aapt/Resources$ToolFingerprintOrBuilder
instanceKlass com/android/aapt/Resources$OverlayableOrBuilder
instanceKlass com/android/aapt/Resources$PackageOrBuilder
instanceKlass com/android/aapt/Resources$StringPoolOrBuilder
instanceKlass com/android/aapt/Resources$ResourceTableOrBuilder
instanceKlass com/android/manifmerger/ManifestMerger2$ManifestDocumentProvider
instanceKlass com/android/manifmerger/Actions
instanceKlass com/android/manifmerger/ConvertibleName
instanceKlass com/android/manifmerger/Actions$Record
instanceKlass com/android/manifmerger/Actions$DecisionTreeRecord
instanceKlass com/android/manifmerger/XmlNode$Name
instanceKlass com/android/manifmerger/PlaceholderHandler
instanceKlass com/android/manifmerger/XmlElement$ElementOperationsAndMergeRuleMarkers
instanceKlass com/android/manifmerger/AttributeModel$Hexadecimal32Bits
instanceKlass com/android/manifmerger/ManifestModel$TwoAttributesBasedKeyResolver
instanceKlass com/android/manifmerger/AttributeModel$SeparatedValuesValidator
instanceKlass com/android/manifmerger/CompositeNodeKeyResolver
instanceKlass com/android/manifmerger/ManifestModel$NodeTypes$1
instanceKlass com/android/manifmerger/XmlNode$NamespaceAwareName
instanceKlass com/android/manifmerger/AttributeModel$5
instanceKlass com/android/manifmerger/AttributeModel$4
instanceKlass com/android/manifmerger/AttributeModel$3
instanceKlass com/android/manifmerger/AttributeModel$2
instanceKlass com/android/manifmerger/AttributeModel$1
instanceKlass com/android/manifmerger/AttributeModel
instanceKlass com/android/manifmerger/AttributeModel$Builder
instanceKlass com/android/manifmerger/AttributeModel$MergingPolicy
instanceKlass com/android/ide/common/symbols/SymbolTable$getSymbolByResourceType$$inlined$sortedBy$1
instanceKlass com/google/common/base/Suppliers$MemoizingSupplier
instanceKlass com/google/common/base/Suppliers$NonSerializableMemoizingSupplier
instanceKlass com/android/manifmerger/XmlNode$NodeKey
instanceKlass com/android/manifmerger/XmlNode$NodeName
instanceKlass com/android/manifmerger/XmlNode
instanceKlass com/android/ide/common/symbols/ResourceValuesXmlParser$WhenMappings
instanceKlass com/android/ide/common/symbols/ResourceValuesXmlParser
instanceKlass com/android/manifmerger/XmlDocument
instanceKlass com/android/manifmerger/XmlLoader
instanceKlass com/android/manifmerger/ManifestMerger2$SelectorResolver
instanceKlass com/android/manifmerger/ActionRecorder
instanceKlass com/android/manifmerger/MergingReport$Builder
instanceKlass com/android/manifmerger/AttributeModel$BooleanValidator
instanceKlass com/android/manifmerger/AttributeModel$Validator
instanceKlass com/android/manifmerger/ManifestModel$2
instanceKlass com/android/manifmerger/ManifestModel$1
instanceKlass com/android/manifmerger/ManifestModel$NoKeyNodeResolver
instanceKlass com/android/manifmerger/ManifestModel$AttributeBasedNodeKeyResolver
instanceKlass com/android/manifmerger/NodeKeyResolver
instanceKlass com/android/manifmerger/ManifestModel
instanceKlass com/android/manifmerger/ManifestMerger2$MapBasedKeyBasedValueResolver
instanceKlass com/android/manifmerger/ManifestMerger2$ProcessCancellationChecker
instanceKlass com/android/manifmerger/ManifestMerger2$FileStreamProvider
instanceKlass com/android/manifmerger/ManifestSystemProperty
instanceKlass com/android/manifmerger/ManifestMerger2$AutoAddingProperty
instanceKlass com/android/manifmerger/ManifestMerger2$ManifestInfo
instanceKlass com/android/manifmerger/PlaceholderHandler$KeyBasedValueResolver
instanceKlass com/android/manifmerger/KeyResolver
instanceKlass com/android/manifmerger/DocumentModel
instanceKlass com/android/manifmerger/ManifestMerger2
instanceKlass com/android/build/gradle/internal/tasks/manifest/ManifestHelperKt
instanceKlass com/android/build/gradle/internal/tasks/manifest/ManifestProviderImpl
instanceKlass com/android/manifmerger/ManifestProvider
instanceKlass com/android/ide/common/symbols/ResourceExtraXmlParser
instanceKlass sun/net/DefaultProgressMeteringPolicy
instanceKlass sun/net/ProgressMeteringPolicy
instanceKlass sun/net/ProgressMonitor
instanceKlass com/sun/org/apache/xerces/internal/util/URI
instanceKlass com/android/ide/common/symbols/ResourceDirectoryParser$parseResourceDirectory$$inlined$sortedBy$1
instanceKlass com/android/ide/common/symbols/ResourceDirectoryParser$parseResourceSourceSetDirectory$$inlined$sortedBy$1
instanceKlass com/android/ide/common/symbols/ResourceDirectoryParser
instanceKlass com/google/common/collect/StandardTable$CellIterator
instanceKlass com/android/ide/common/symbols/SymbolTable$Builder$symbols$1
instanceKlass com/android/ide/common/symbols/SymbolTable$Builder
instanceKlass com/android/ide/common/symbols/SymbolTable$Companion
instanceKlass com/android/ide/common/symbols/SymbolTable
instanceKlass com/android/ide/common/symbols/SymbolTableKt
instanceKlass com/google/common/collect/Tables$AbstractCell
instanceKlass com/google/common/collect/Tables$1
instanceKlass com/google/common/collect/Table$Cell
instanceKlass com/google/common/collect/RowSortedTable
instanceKlass com/google/common/collect/Tables
instanceKlass com/android/ide/common/symbols/Symbol$Companion
instanceKlass com/android/ide/common/symbols/SymbolUtils
instanceKlass java/nio/file/FileChannelLinesSpliterator$1
instanceKlass com/google/common/collect/ImmutableTable$Builder
instanceKlass com/android/ide/common/symbols/SymbolTable$FastBuilder
instanceKlass com/android/ide/common/symbols/SymbolIo$SymbolData
instanceKlass com/android/ide/common/symbols/Symbol
instanceKlass com/android/ide/common/symbols/SymbolIo$SymbolLineReader
instanceKlass java/util/stream/Streams$1
instanceKlass java/nio/file/FileChannelLinesSpliterator
instanceKlass com/android/aaptcompiler/Style$Entry
instanceKlass com/android/aaptcompiler/ParsedParentInfo$Companion
instanceKlass com/android/aaptcompiler/ParsedParentInfo
instanceKlass com/google/common/collect/MapMakerInternalMap$AbstractStrongKeyEntry
instanceKlass com/google/common/collect/MapMakerInternalMap$StrongValueEntry
instanceKlass com/google/common/collect/MapMakerInternalMap$StrongKeyDummyValueEntry$Helper
instanceKlass com/google/common/collect/MapMakerInternalMap$InternalEntry
instanceKlass com/google/common/collect/MapMakerInternalMap$1
instanceKlass com/google/common/collect/MapMakerInternalMap$InternalEntryHelper
instanceKlass com/google/common/collect/MapMakerInternalMap$WeakValueReference
instanceKlass com/google/common/collect/Interners$InternerImpl
instanceKlass com/google/common/collect/MapMaker
instanceKlass com/google/common/collect/Interner
instanceKlass com/google/common/collect/Interners$InternerBuilder
instanceKlass com/google/common/collect/Interners
instanceKlass com/android/ide/common/symbols/SymbolListVisitor
instanceKlass com/android/ide/common/symbols/SymbolIo
instanceKlass java/lang/StringUTF16$CodePointsSpliterator
instanceKlass com/android/ide/common/symbols/IdProvider$Companion$constant$1
instanceKlass com/android/ide/common/symbols/IdProvider$Companion
instanceKlass com/android/aaptcompiler/UntranslatableSection
instanceKlass com/android/ide/common/symbols/IdProvider
instanceKlass com/android/build/gradle/internal/res/ParseLibraryResourcesTaskKt
instanceKlass com/android/aaptcompiler/StringPool$Ref
instanceKlass com/android/aaptcompiler/StringPool$Entry
instanceKlass com/android/aaptcompiler/StringPool$Context
instanceKlass com/android/build/gradle/internal/res/ParseLibraryResourcesTask$doTaskAction$1
instanceKlass com/android/builder/files/SerializableChange$Companion
instanceKlass com/android/builder/files/SerializableChange
instanceKlass org/gradle/internal/execution/history/changes/DefaultFileChange$1
instanceKlass com/android/builder/files/SerializableInputChanges$Companion
instanceKlass com/android/aaptcompiler/ResourceUtilsKt$WhenMappings
instanceKlass kotlin/jvm/internal/FloatCompanionObject
instanceKlass com/android/aaptcompiler/FloatConstantsKt
instanceKlass com/android/aaptcompiler/FloatParsingKt
instanceKlass com/android/aapt/ConfigurationOuterClass$Configuration$GrammaticalGender$1
instanceKlass com/android/aapt/ConfigurationOuterClass$Configuration$Navigation$1
instanceKlass com/android/aapt/ConfigurationOuterClass$Configuration$NavHidden$1
instanceKlass com/android/aapt/ConfigurationOuterClass$Configuration$Keyboard$1
instanceKlass com/android/aapt/ConfigurationOuterClass$Configuration$KeysHidden$1
instanceKlass com/android/aapt/ConfigurationOuterClass$Configuration$Touchscreen$1
instanceKlass com/android/aapt/ConfigurationOuterClass$Configuration$UiModeNight$1
instanceKlass com/android/aapt/ConfigurationOuterClass$Configuration$UiModeType$1
instanceKlass com/android/aapt/ConfigurationOuterClass$Configuration$Orientation$1
instanceKlass com/android/aapt/ConfigurationOuterClass$Configuration$Hdr$1
instanceKlass com/android/aapt/ConfigurationOuterClass$Configuration$WideColorGamut$1
instanceKlass com/android/aapt/ConfigurationOuterClass$Configuration$ScreenRound$1
instanceKlass com/android/aapt/ConfigurationOuterClass$Configuration$ScreenLayoutLong$1
instanceKlass com/android/aapt/ConfigurationOuterClass$Configuration$ScreenLayoutSize$1
instanceKlass com/android/aapt/ConfigurationOuterClass$Configuration$LayoutDirection$1
instanceKlass com/android/aapt/ConfigurationOuterClass
instanceKlass com/android/aapt/Resources$FileReference$Type$1
instanceKlass com/android/aaptcompiler/Plural$Type$Companion
instanceKlass com/android/aaptcompiler/proto/ProtoSerializeKt$WhenMappings
instanceKlass com/android/aaptcompiler/StyleString
instanceKlass sun/nio/fs/WindowsFileCopy
instanceKlass android/aapt/pb/internal/ResourcesInternal
instanceKlass com/android/aaptcompiler/FlattenedXml
instanceKlass java/util/Spliterators$2Adapter
instanceKlass java/util/PrimitiveIterator$OfInt
instanceKlass java/util/PrimitiveIterator
instanceKlass com/android/aaptcompiler/XmlStringBuilder
instanceKlass android/aapt/pb/internal/ResourcesInternal$CompiledFile$SymbolOrBuilder
instanceKlass com/android/aapt/ConfigurationOuterClass$ConfigurationOrBuilder
instanceKlass com/android/ide/common/resources/CopyToOutputDirectoryResourceCompilationService
instanceKlass android/aapt/pb/internal/ResourcesInternal$CompiledFileOrBuilder
instanceKlass com/android/aaptcompiler/proto/ProtoSerializeKt
instanceKlass com/google/protobuf/Utf8$Processor
instanceKlass com/google/protobuf/Utf8
instanceKlass com/google/protobuf/WireFormat
instanceKlass com/google/protobuf/Android
instanceKlass com/google/protobuf/UnsafeUtil$1
instanceKlass com/google/protobuf/UnsafeUtil$MemoryAccessor
instanceKlass com/google/protobuf/UnsafeUtil
instanceKlass com/google/protobuf/Writer
instanceKlass com/android/aaptcompiler/ResourceTable$WhenMappings
instanceKlass com/google/protobuf/ByteOutput
instanceKlass com/android/aaptcompiler/Container$Companion
instanceKlass com/android/aaptcompiler/Container
instanceKlass com/android/aaptcompiler/XmlProcessor$process$3
instanceKlass com/android/aaptcompiler/ResourceConfigValue
instanceKlass kotlin/comparisons/NaturalOrderComparator
instanceKlass com/android/aaptcompiler/XmlProcessor$process$$inlined$sortedBy$1
instanceKlass com/android/aaptcompiler/XmlResource
instanceKlass com/android/aaptcompiler/Visibility
instanceKlass com/android/aaptcompiler/ResourceEntry
instanceKlass com/android/aaptcompiler/ResourceGroup
instanceKlass com/android/aaptcompiler/ResourceFileKt
instanceKlass com/android/aaptcompiler/ResourceTablePackage
instanceKlass com/android/aaptcompiler/SourcedResourceName
instanceKlass com/android/aapt/Resources$ItemOrBuilder
instanceKlass javax/xml/stream/events/Comment
instanceKlass com/android/aaptcompiler/UnicodeUtilKt
instanceKlass com/android/aaptcompiler/AttributeResource$Symbol
instanceKlass com/android/aapt/Resources$SourcePositionOrBuilder
instanceKlass com/android/aaptcompiler/android/ResValue
instanceKlass com/android/aaptcompiler/android/ResValue$DataType$Companion
instanceKlass com/android/aapt/Resources
instanceKlass com/android/aaptcompiler/android/UnitEntry
instanceKlass com/android/aaptcompiler/android/ResourceTypesKt
instanceKlass com/android/aaptcompiler/TableExtractorKt
instanceKlass com/android/aapt/Resources$XmlNamespaceOrBuilder
instanceKlass com/android/aaptcompiler/android/UtilKt
instanceKlass com/android/aapt/Resources$XmlNodeOrBuilder
instanceKlass com/android/aaptcompiler/ParsedResource
instanceKlass com/android/aapt/Resources$XmlAttributeOrBuilder
instanceKlass com/android/aaptcompiler/TableExtractor
instanceKlass com/android/aaptcompiler/ReferenceInfo
instanceKlass com/android/aaptcompiler/TableExtractorOptions
instanceKlass com/android/aaptcompiler/StringPool$special$$inlined$compareBy$2
instanceKlass com/android/aaptcompiler/StringPool$special$$inlined$compareBy$1
instanceKlass com/android/aaptcompiler/Value
instanceKlass com/android/aapt/Resources$XmlElementOrBuilder
instanceKlass com/android/aaptcompiler/StringPool$Companion
instanceKlass com/android/aaptcompiler/ResourceNameInfo
instanceKlass com/android/aaptcompiler/StringPool
instanceKlass com/android/aaptcompiler/PossibleResourceName
instanceKlass com/android/aaptcompiler/ResourceUtilsKt
instanceKlass com/android/aaptcompiler/ResourceTable$Companion
instanceKlass com/android/aaptcompiler/ResourceTable
instanceKlass com/sun/xml/internal/stream/util/ReadOnlyIterator
instanceKlass com/android/aaptcompiler/NamespaceContext
instanceKlass com/android/aaptcompiler/XmlResourceBuilder
instanceKlass com/android/aaptcompiler/ExtractedPackage
instanceKlass com/android/aaptcompiler/XmlUtilKt
instanceKlass com/android/aaptcompiler/XmlProcessor
instanceKlass com/android/aaptcompiler/ResourceName$Companion
instanceKlass com/android/aaptcompiler/ResourceName
instanceKlass com/android/aaptcompiler/ResourceFile
instanceKlass com/android/aaptcompiler/BlameLogger
instanceKlass com/android/build/gradle/internal/res/Aapt2ErrorUtils
instanceKlass com/android/aaptcompiler/ResourceCompilerOptions
instanceKlass com/android/build/gradle/internal/res/ResourceCompilerRunnable$Companion
instanceKlass org/gradle/workers/internal/ProvidesWorkResult
instanceKlass org/gradle/workers/internal/SimpleActionExecutionSpec
instanceKlass org/gradle/internal/work/DefaultAsyncWorkTracker$1
instanceKlass org/gradle/workers/internal/NoIsolationWorkerFactory$1$1
instanceKlass org/gradle/workers/internal/AbstractWorker$Details
instanceKlass org/gradle/workers/internal/AbstractWorker$1
instanceKlass org/gradle/workers/internal/AbstractWorker$Work
instanceKlass org/gradle/workers/internal/AbstractWorker$Result
instanceKlass org/gradle/workers/internal/ExecuteWorkItemBuildOperationType$Result
instanceKlass org/gradle/workers/internal/AbstractWorker
instanceKlass org/gradle/internal/work/DefaultConditionalExecutionQueue$ExecutionRunner$1
instanceKlass org/gradle/internal/work/DefaultConditionalExecutionQueue$ExecutionRunner
instanceKlass org/gradle/internal/work/AbstractConditionalExecution
instanceKlass com/google/common/collect/ImmutableMap$SerializedForm
instanceKlass com/google/common/collect/SetMultimap
instanceKlass org/gradle/workers/internal/AbstractWorkerRequirement
instanceKlass org/gradle/workers/ProcessWorkerSpec
instanceKlass org/gradle/workers/ClassLoaderWorkerSpec
instanceKlass org/gradle/workers/ForkingWorkerSpec
instanceKlass com/android/build/gradle/internal/aapt/WorkerExecutorResourceCompilationService$close$1$1
instanceKlass com/android/build/gradle/internal/profile/ProfileAwareWorkAction
instanceKlass org/gradle/workers/internal/DefaultWorkerExecutor$DefaultWorkQueue
instanceKlass org/gradle/workers/internal/DefaultWorkerSpec
instanceKlass com/android/aaptcompiler/AaptResourceTypeKt
instanceKlass com/android/aaptcompiler/ResourcePathData
instanceKlass com/android/aaptcompiler/LocaleValue
instanceKlass com/android/aaptcompiler/android/ResTableConfig$Companion
instanceKlass com/android/aaptcompiler/android/ResTableConfig
instanceKlass com/android/aaptcompiler/ConfigDescriptionKt
instanceKlass com/android/aaptcompiler/Source$Companion
instanceKlass com/android/aaptcompiler/Source
instanceKlass com/android/aaptcompiler/ResourcePathDataKt
instanceKlass com/android/aaptcompiler/ResourceCompiler
instanceKlass com/android/ide/common/blame/MergingLogPersistUtil$SourcePositionsSerializer
instanceKlass com/google/common/cache/LocalCache$WriteThroughEntry
instanceKlass com/google/common/cache/LocalCache$HashIterator
instanceKlass com/android/ide/common/blame/SourceFileJsonTypeAdapter$1
instanceKlass com/android/ide/common/blame/MergingLogPersistUtil
instanceKlass com/android/builder/internal/aapt/v2/Aapt2RenamingConventions
instanceKlass com/google/common/io/Closer$SuppressingSuppressor
instanceKlass com/google/common/io/Closer$Suppressor
instanceKlass com/google/common/io/Closer
instanceKlass com/google/common/io/CharSink
instanceKlass com/google/common/io/Files$2
instanceKlass com/google/common/io/ByteSink
instanceKlass com/google/common/io/ByteSource
instanceKlass com/google/common/io/LineProcessor
instanceKlass com/google/common/graph/SuccessorsFunction
instanceKlass com/google/common/io/Files
instanceKlass com/android/utils/XmlUtils$PositionAwareStringBuilder
instanceKlass com/sun/org/apache/xerces/internal/dom/CoreDOMImplementationImpl
instanceKlass org/w3c/dom/ls/DOMImplementationLS
instanceKlass org/w3c/dom/DOMImplementation
instanceKlass com/google/common/collect/AbstractMapBasedMultimap$WrappedCollection$WrappedIterator
instanceKlass com/android/ide/common/resources/CompileResourceRequest
instanceKlass com/android/utils/Pair
instanceKlass com/google/common/collect/LinkedListMultimap$NodeIterator
instanceKlass com/google/common/collect/HashBasedTable$Factory
instanceKlass com/google/common/collect/AbstractTable
instanceKlass java/util/concurrent/ConcurrentLinkedDeque$Node
instanceKlass com/android/ide/common/resources/MergedResourceWriterRequest
instanceKlass com/android/ide/common/workers/WorkerExecutorFacade$WorkAction
instanceKlass com/android/ide/common/resources/MergeWriter
instanceKlass com/android/ide/common/resources/MergeConsumer
instanceKlass com/android/build/gradle/internal/aapt/WorkerExecutorResourceCompilationService
instanceKlass com/android/ide/common/resources/ResourceCompilationService
instanceKlass com/android/build/gradle/internal/tasks/Workers$WorkerExecutorAdapter
instanceKlass com/android/build/gradle/internal/tasks/Workers
instanceKlass com/android/ide/common/blame/MergingLog
instanceKlass com/android/resources/FolderTypeRelationship
instanceKlass org/w3c/dom/Comment
instanceKlass com/android/utils/PositionXmlParser$Position
instanceKlass com/sun/org/apache/xerces/internal/util/EntityResolver2Wrapper
instanceKlass com/sun/org/apache/xerces/internal/dom/ParentNode$UserDataRecord
instanceKlass org/xml/sax/ext/DeclHandler
instanceKlass org/xml/sax/ext/LexicalHandler
instanceKlass com/android/utils/PositionXmlParser
instanceKlass com/android/ide/common/resources/ResourceSet$1
instanceKlass com/android/ide/common/resources/ResourceSet$FolderData
instanceKlass com/android/ide/common/resources/DataSet$1
instanceKlass com/android/build/gradle/tasks/IncrementalChangesUtils$WhenMappings
instanceKlass com/android/build/gradle/tasks/IncrementalChangesUtils
instanceKlass com/google/common/collect/LinkedListMultimap$ValueForKeyIterator
instanceKlass com/google/common/collect/LinkedListMultimap$DistinctKeyIterator
instanceKlass com/google/common/collect/TransformedIterator
instanceKlass java/util/stream/Nodes$IntArrayNode
instanceKlass java/util/stream/Node$Builder$OfInt
instanceKlass com/android/utils/SdkUtils
instanceKlass com/android/ide/common/resources/FileResourceNameValidator
instanceKlass com/sun/org/apache/xerces/internal/dom/CharacterDataImpl$1
instanceKlass org/w3c/dom/Text
instanceKlass org/w3c/dom/CharacterData
instanceKlass com/google/common/collect/LinkedListMultimap$KeyList
instanceKlass com/android/ide/common/rendering/api/StyleItemResourceValue
instanceKlass com/android/ide/common/rendering/api/ResourceNamespace$Resolver
instanceKlass com/android/ide/common/rendering/api/TextResourceValue
instanceKlass com/android/ide/common/rendering/api/AttrResourceValue
instanceKlass com/android/ide/common/rendering/api/PluralsResourceValue
instanceKlass com/android/ide/common/rendering/api/ArrayResourceValue
instanceKlass com/android/ide/common/rendering/api/StyleableResourceValue
instanceKlass com/android/ide/common/rendering/api/StyleResourceValue
instanceKlass com/android/ide/common/rendering/api/ResourceValueImpl
instanceKlass com/android/ide/common/rendering/api/ResourceValue
instanceKlass com/android/ide/common/resources/ValueResourceNameValidator
instanceKlass com/google/common/collect/CollectCollectors$EnumSetAccumulator
instanceKlass com/google/common/collect/RangeGwtSerializationDependencies
instanceKlass com/google/common/collect/ImmutableRangeSet$Builder
instanceKlass com/google/common/collect/SortedIterable
instanceKlass com/google/common/collect/AbstractRangeSet
instanceKlass com/google/common/collect/RangeSet
instanceKlass com/google/common/collect/CollectCollectors
instanceKlass com/android/ide/common/resources/ValueResourceParser2
instanceKlass com/android/ide/common/resources/configuration/FolderConfiguration
instanceKlass com/android/ide/common/resources/NoOpResourcePreprocessor
instanceKlass com/android/ide/common/resources/AndroidAaptIgnore
instanceKlass com/android/ide/common/resources/PatternBasedFileFilter
instanceKlass com/android/ide/common/resources/DataFile
instanceKlass com/android/ide/common/rendering/api/ResourceNamespace
instanceKlass com/android/ide/common/resources/NodeUtils
instanceKlass com/sun/org/apache/xerces/internal/dom/NamedNodeMapImpl
instanceKlass com/sun/org/apache/xerces/internal/dom/DeferredDocumentImpl$RefCount
instanceKlass com/sun/org/apache/xerces/internal/dom/NodeListCache
instanceKlass org/w3c/dom/ElementTraversal
instanceKlass org/w3c/dom/DocumentType
instanceKlass com/sun/org/apache/xerces/internal/dom/NodeImpl
instanceKlass org/w3c/dom/events/EventTarget
instanceKlass org/w3c/dom/ranges/DocumentRange
instanceKlass org/w3c/dom/events/DocumentEvent
instanceKlass org/w3c/dom/traversal/DocumentTraversal
instanceKlass com/sun/org/apache/xerces/internal/dom/DeferredNode
instanceKlass javax/xml/parsers/DocumentBuilder
instanceKlass com/android/utils/XmlUtils
instanceKlass com/android/ide/common/resources/DataItem
instanceKlass com/android/ide/common/resources/ResourceItem
instanceKlass com/android/ide/common/resources/configuration/Configurable
instanceKlass com/google/common/collect/Table
instanceKlass org/gradle/internal/execution/history/changes/CollectingChangeVisitor
instanceKlass com/android/build/gradle/internal/LoggerWrapper$LoggerSupplier
instanceKlass com/android/ide/common/resources/configuration/ResourceQualifier
instanceKlass com/android/builder/png/VectorDrawableRenderer
instanceKlass com/android/build/gradle/tasks/MergeResources$preprocessor$densities$1
instanceKlass com/android/build/gradle/internal/tasks/NewIncrementalTask$taskAction$$inlined$recordTaskAction$1
instanceKlass org/gradle/internal/execution/history/changes/IncrementalInputChanges
instanceKlass com/google/common/base/Predicates$CompositionPredicate
instanceKlass org/gradle/internal/execution/history/changes/DefaultIncrementalInputProperties
instanceKlass org/gradle/internal/execution/steps/ResolveChangesStep$1
instanceKlass com/android/build/gradle/tasks/MergeResources$getFlags$1
instanceKlass org/gradle/internal/execution/history/impl/DefaultOutputFilesRepository$1
instanceKlass org/gradle/api/internal/tasks/execution/TaskExecution$2
instanceKlass com/google/wireless/android/sdk/stats/GradleTaskExecutionOrBuilder
instanceKlass kotlin/collections/AbstractIterator$WhenMappings
instanceKlass kotlin/collections/AbstractIterator
instanceKlass kotlin/sequences/SequencesKt___SequencesKt$sortedWith$1
instanceKlass com/android/ide/common/resources/RelativeResourceUtils$getIdentifiedSourceSetMap$$inlined$sortedBy$1
instanceKlass kotlin/sequences/DistinctSequence
instanceKlass com/android/ide/common/resources/RelativeResourceUtils
instanceKlass com/android/utils/PathUtils
instanceKlass com/android/build/gradle/internal/tasks/NonIncrementalTaskKt
instanceKlass com/android/build/gradle/internal/profile/TaskProfilingRecord$Companion
instanceKlass com/android/build/gradle/internal/tasks/Blocks
instanceKlass com/android/build/gradle/internal/tasks/NonIncrementalTask$taskAction$$inlined$recordTaskAction$1
instanceKlass com/android/build/gradle/internal/tasks/Blocks$ThrowingBlock
instanceKlass org/gradle/api/internal/tasks/execution/ExecuteTaskActionBuildOperationType$2
instanceKlass org/gradle/api/internal/tasks/execution/ExecuteTaskActionBuildOperationType$1
instanceKlass org/gradle/api/internal/tasks/execution/ExecuteTaskActionBuildOperationType$Result
instanceKlass org/gradle/api/internal/tasks/execution/ExecuteTaskActionBuildOperationType$Details
instanceKlass org/gradle/api/internal/tasks/execution/ExecuteTaskActionBuildOperationType
instanceKlass org/gradle/api/internal/tasks/execution/TaskExecution$3
instanceKlass org/gradle/internal/execution/history/changes/DefaultFileChange
instanceKlass org/gradle/api/tasks/incremental/InputFileDetails
instanceKlass com/google/common/collect/CollectSpliterators$1
instanceKlass com/google/common/collect/CollectSpliterators$FlatMapSpliterator$Factory
instanceKlass com/google/common/collect/CollectSpliterators$FlatMapSpliterator
instanceKlass org/gradle/internal/execution/history/changes/FilePathWithType
instanceKlass org/gradle/api/internal/file/collections/ListBackedFileSet
instanceKlass org/gradle/internal/Try$1
instanceKlass org/gradle/execution/plan/MissingTaskDependencyDetector$1
instanceKlass org/gradle/api/internal/tasks/properties/DefaultPropertyValidationContext
instanceKlass org/gradle/tooling/events/task/internal/DefaultTaskSkippedResult
instanceKlass org/gradle/tooling/events/task/TaskSkippedResult
instanceKlass org/gradle/tooling/events/SkippedResult
instanceKlass org/gradle/api/internal/tasks/properties/InputPropertySpec
instanceKlass org/gradle/api/internal/tasks/execution/statistics/TaskExecutionStatisticsEventAdapter$1
instanceKlass org/gradle/api/internal/tasks/execution/ExecuteActionsTaskExecuter$1
instanceKlass org/gradle/api/internal/tasks/execution/ExecuteActionsTaskExecuter$2
instanceKlass org/gradle/internal/execution/steps/SkipEmptyWorkStep$2
instanceKlass org/gradle/api/internal/file/collections/DefaultConfigurableFileCollection$ResolvedItemsCollector
instanceKlass org/gradle/api/internal/file/FileCollectionBackedFileTree$2
instanceKlass org/gradle/api/internal/file/FileCollectionBackedFileTree$1
instanceKlass org/gradle/api/internal/file/collections/DefaultConfigurableFileCollection$2
instanceKlass com/google/common/collect/Streams
instanceKlass org/gradle/internal/execution/steps/CleanupStaleOutputsStep$1
instanceKlass org/gradle/api/internal/tasks/execution/TaskExecution$4
instanceKlass org/gradle/api/internal/tasks/execution/TaskExecution$1
instanceKlass org/gradle/api/internal/tasks/properties/PropertyValidationContext
instanceKlass org/gradle/api/internal/tasks/SnapshotTaskInputsBuildOperationType$Details
instanceKlass org/gradle/api/internal/tasks/execution/TaskExecution
instanceKlass org/gradle/api/internal/changedetection/changes/DefaultTaskExecutionMode
instanceKlass org/gradle/api/internal/changedetection/TaskExecutionMode
instanceKlass org/gradle/execution/plan/ValuedVfsHierarchy$1
instanceKlass com/android/build/gradle/internal/attribution/BuildAnalyzerService$Companion
instanceKlass org/gradle/execution/plan/ValuedVfsHierarchy$2
instanceKlass org/gradle/execution/plan/ExecutionNodeAccessHierarchy$DefaultNodeAccess
instanceKlass org/gradle/execution/plan/ExecutionNodeAccessHierarchy$NodeAccess
instanceKlass com/android/build/gradle/internal/attribution/BuildAnalyzerService$Parameters$Inject
instanceKlass org/gradle/api/internal/tasks/properties/DefaultTaskProperties$ResolvingValue
instanceKlass org/gradle/api/internal/tasks/properties/ValidationActions$7
instanceKlass org/gradle/api/internal/tasks/properties/AbstractValidatingProperty
instanceKlass org/gradle/api/internal/tasks/properties/ValidatingProperty
instanceKlass org/gradle/api/internal/tasks/properties/LifecycleAwareValue
instanceKlass com/android/build/gradle/internal/attribution/BuildAnalyzerConfiguratorService$initBuildAnalyzerService$1$1$1$1
instanceKlass com/android/buildanalyzer/common/AndroidGradlePluginAttributionData$TaskCategoryInfo
instanceKlass org/gradle/execution/plan/FinalizerGroup$ElementSuccessors
instanceKlass org/gradle/execution/plan/FinalizerGroup$WaitForNodesToComplete
instanceKlass org/gradle/execution/plan/FinalizerGroup$DoNotBlock
instanceKlass org/gradle/execution/plan/FinalizerGroup$MemberSuccessors
instanceKlass com/android/build/gradle/internal/tasks/MergeNativeLibsTaskKt$getSubProjectNativeLibs$1
instanceKlass com/android/build/gradle/internal/tasks/MergeNativeLibsTaskKt$getExternalNativeLibs$1
instanceKlass com/android/build/gradle/internal/tasks/MergeNativeLibsTaskKt
instanceKlass com/android/build/gradle/internal/tasks/MergeNativeLibsTask$Companion$predicate$1
instanceKlass com/android/build/gradle/internal/tasks/MergeNativeLibsTask$Companion
instanceKlass com/android/build/gradle/internal/BuildToolsExecutableInput
instanceKlass com/android/build/gradle/internal/tasks/DexArchiveBuilderTask$CreationAction$configure$1
instanceKlass com/android/build/gradle/internal/dexing/DexParameters
instanceKlass com/android/build/gradle/internal/tasks/DexArchiveBuilderTask$Companion
instanceKlass com/android/build/gradle/internal/tasks/DexParameterInputs
instanceKlass com/android/build/gradle/internal/tasks/DexArchiveBuilderTask$DexingOutputs
instanceKlass com/android/build/gradle/internal/dependency/VariantDependencies$Companion$getComponentFilter$4
instanceKlass com/android/build/api/variant/impl/FileBasedDirectoryEntryImpl$asFileTree$1$1
instanceKlass com/android/build/api/artifact/impl/InternalScopedArtifacts
instanceKlass com/android/build/gradle/internal/core/dsl/impl/features/ShadersDslInfoImpl
instanceKlass com/android/build/gradle/internal/core/dsl/features/ShadersDslInfo
instanceKlass com/android/build/api/component/impl/features/ShadersCreationConfigImpl
instanceKlass com/android/build/gradle/internal/profile/ProfileAwareWorkAction$Parameters
instanceKlass com/android/manifmerger/ManifestMerger2$Invoker
instanceKlass com/android/build/gradle/tasks/CompatibleScreensManifest$CreationAction$configure$1
instanceKlass org/gradle/api/internal/provider/AbstractProperty$1
instanceKlass com/android/build/gradle/internal/utils/CompileData
instanceKlass com/android/build/gradle/tasks/ProcessApplicationManifest$Companion
instanceKlass com/android/build/gradle/internal/tasks/ValidateResourcesTask$Companion
instanceKlass org/gradle/api/internal/file/DefaultFilePropertyFactory$PathToFileTransformer
instanceKlass com/google/gms/googleservices/GoogleServicesPlugin$Companion$getJsonLocations$$inlined$sortedByDescending$1
instanceKlass kotlin/text/_OneToManyTitlecaseMappingsKt
instanceKlass com/google/gms/googleservices/GoogleServicesPluginKt
instanceKlass com/google/gms/googleservices/GoogleServicesTask$Companion
instanceKlass org/gradle/api/internal/provider/BuildableBackedProvider$1
instanceKlass com/android/build/gradle/internal/tasks/CheckAarMetadataTask$CreationAction$configure$2$1
instanceKlass com/android/build/gradle/internal/tasks/CheckAarMetadataTask$CreationAction$configure$1$1
instanceKlass com/android/build/gradle/internal/tasks/CheckAarMetadataTask$CreationAction$configure$2
instanceKlass com/android/build/gradle/internal/tasks/CheckAarMetadataTask$CreationAction$configure$1
instanceKlass com/android/build/gradle/internal/AndroidJarInput$getAndroidJar$1
instanceKlass com/android/build/gradle/internal/AndroidJarInput$sdkLoader$1
instanceKlass com/android/build/gradle/tasks/MergeResources$CreationAction$configure$2
instanceKlass org/gradle/api/internal/provider/MapCollectors$SingleEntry
instanceKlass com/android/build/gradle/internal/DependencyResourcesComputer$ResourceSourceSetInput
instanceKlass com/android/build/gradle/tasks/MergeResources$CreationAction$configure$1
instanceKlass com/android/build/gradle/tasks/MergeResources$Companion
instanceKlass com/android/build/gradle/internal/DependencyResourcesComputer
instanceKlass com/android/ide/common/resources/SingleFileProcessor
instanceKlass com/android/ide/common/resources/ResourcePreprocessor
instanceKlass org/gradle/work/FileChange
instanceKlass com/android/ide/common/resources/DataMerger
instanceKlass com/android/build/gradle/internal/tasks/factory/GlobalTaskCreationConfigImpl$platformAttrs$2$1
instanceKlass com/android/build/gradle/internal/tasks/factory/GlobalTaskCreationConfigImpl$platformAttrs$2$attributes$1
instanceKlass com/android/build/gradle/tasks/ManifestProcessorTask$Companion
instanceKlass com/android/manifmerger/MergingReport
instanceKlass com/android/build/gradle/tasks/MapSourceSetPathsTask$CreateAction$configure$8
instanceKlass com/android/build/api/variant/impl/LayeredSourceDirectoriesImpl$getVariantSourcesWithFilter$2$2
instanceKlass com/android/build/api/variant/impl/LayeredSourceDirectoriesImpl$getVariantSourcesWithFilter$2$projectDir$1
instanceKlass com/android/build/gradle/tasks/MapSourceSetPathsTask$CreateAction$configure$7$1$2$asFiles$2
instanceKlass com/android/build/gradle/tasks/MapSourceSetPathsTask$CreateAction$configure$7$1$2$asFiles$1
instanceKlass com/android/build/gradle/tasks/MapSourceSetPathsTask$CreateAction$configure$6
instanceKlass com/android/build/gradle/tasks/MapSourceSetPathsTask$CreateAction$configure$5
instanceKlass com/android/build/gradle/tasks/MapSourceSetPathsTask$CreateAction$configure$4$1
instanceKlass com/android/build/gradle/tasks/MapSourceSetPathsTask$CreateAction$configure$3
instanceKlass com/android/build/gradle/tasks/MapSourceSetPathsTask$CreateAction$configure$2
instanceKlass com/android/build/gradle/tasks/MapSourceSetPathsTask$CreateAction$configure$1
instanceKlass org/jetbrains/kotlin/gradle/plugin/KaptJavacOptionsDelegate
instanceKlass org/jetbrains/kotlin/gradle/dsl/KaptJavacOption
instanceKlass org/gradle/api/internal/artifacts/ivyservice/dependencysubstitution/DefaultDependencySubstitutions$AbstractDependencySubstitutionAction
instanceKlass org/gradle/api/internal/artifacts/ivyservice/dependencysubstitution/ArtifactSelectionDetailsInternal
instanceKlass org/gradle/api/artifacts/ArtifactSelectionDetails
instanceKlass org/gradle/api/internal/artifacts/ivyservice/dependencysubstitution/DefaultDependencySubstitution
instanceKlass org/gradle/api/internal/artifacts/ivyservice/dependencysubstitution/DefaultDependencySubstitutions$1
instanceKlass org/gradle/api/internal/artifacts/ivyservice/dependencysubstitution/UnversionedModuleComponentSelector
instanceKlass org/gradle/api/internal/notations/ModuleNotationValidation
instanceKlass kotlin/jvm/internal/Ref$IntRef
instanceKlass org/jetbrains/kotlin/gradle/targets/js/npm/SemverKt
instanceKlass org/jetbrains/kotlin/gradle/internal/Kapt3GradleSubplugin$applyToCompilation$1$1
instanceKlass org/jetbrains/kotlin/gradle/tasks/configuration/KaptGenerateStubsConfig$buildOptions$1
instanceKlass org/jetbrains/kotlin/gradle/tasks/configuration/KaptGenerateStubsConfig$buildOptions$javacOptions$1
instanceKlass org/jetbrains/kotlin/gradle/tasks/configuration/KaptGenerateStubsConfig$sam$org_gradle_api_Transformer$0
instanceKlass org/jetbrains/kotlin/gradle/plugin/android/AndroidGradleWrapperKt
instanceKlass org/jetbrains/kotlin/gradle/plugin/android/AndroidGradleWrapper
instanceKlass org/jetbrains/kotlin/gradle/plugin/SubpluginOption
instanceKlass javax/annotation/CheckForNull
instanceKlass org/jetbrains/kotlin/gradle/tasks/KotlinCompilerPluginData$InputsOutputsState
instanceKlass com/google/gson/internal/Streams
instanceKlass com/android/build/gradle/internal/errors/MessageReceiverImpl$WhenMappings
instanceKlass org/jetbrains/kotlin/gradle/tasks/CompilerPluginOptionsKt$sam$org_gradle_api_Transformer$0
instanceKlass org/jetbrains/kotlin/gradle/internal/Kapt3GradleSubplugin$getDslKaptApOptions$1
instanceKlass org/jetbrains/kotlin/gradle/internal/Kapt3KotlinGradleSubpluginKt$sam$org_gradle_api_specs_Spec$0
instanceKlass org/jetbrains/kotlin/gradle/tasks/configuration/KaptWithoutKotlincConfig$3$1
instanceKlass org/jetbrains/kotlin/gradle/tasks/configuration/KaptConfig$getJavaOptions$1
instanceKlass org/jetbrains/kotlin/gradle/tasks/configuration/KaptWithoutKotlincConfig$1$2
instanceKlass org/jetbrains/kotlin/gradle/tasks/configuration/KaptWithoutKotlincConfig$1$1
instanceKlass org/jetbrains/kotlin/gradle/tasks/configuration/KaptConfigKt$sam$org_gradle_api_Transformer$0
instanceKlass org/gradle/api/internal/AbstractTask$5
instanceKlass org/jetbrains/kotlin/gradle/tasks/configuration/KaptConfigKt$sam$org_gradle_api_specs_Spec$0
instanceKlass org/jetbrains/kotlin/gradle/internal/KaptTask$sam$org_gradle_api_Transformer$0
instanceKlass org/jetbrains/kotlin/gradle/internal/KaptTask$sam$org_gradle_api_specs_Spec$0
instanceKlass org/jetbrains/kotlin/gradle/internal/KaptTask$Companion
instanceKlass org/jetbrains/kotlin/gradle/internal/kapt/incremental/ClasspathSnapshot
instanceKlass org/jetbrains/kotlin/gradle/internal/kapt/incremental/KaptIncrementalChanges
instanceKlass org/jetbrains/kotlin/gradle/internal/KaptOptionsForWorker
instanceKlass com/android/build/gradle/tasks/JavaPreCompileTask$CreationAction$configure$1$1
instanceKlass com/android/build/gradle/tasks/JavaPreCompileTask$CreationAction$configure$1
instanceKlass org/gradle/jvm/toolchain/internal/operations/JavaToolchainUsageProgressDetails$JavaToolchain
instanceKlass org/gradle/jvm/toolchain/internal/DefaultJavaToolchainUsageProgressDetails
instanceKlass org/gradle/jvm/toolchain/internal/operations/JavaToolchainUsageProgressDetails
instanceKlass org/gradle/jvm/toolchain/internal/DefaultToolchainJavaCompiler
instanceKlass org/gradle/jvm/toolchain/internal/JavaToolchainInput
instanceKlass org/gradle/api/internal/tasks/compile/JavaCompileExecutableUtils
instanceKlass org/gradle/execution/plan/edges/ComplexDependentNodesSet
instanceKlass com/android/build/gradle/internal/tasks/AppMetadataTask$Companion
instanceKlass org/gradle/api/internal/provider/ValueSupplier$PlusProducer
instanceKlass com/android/build/gradle/internal/dependency/VariantDependencies$Companion$getComponentFilter$3
instanceKlass com/android/build/gradle/internal/tasks/DexMergingTask$CreationAction$configure$1
instanceKlass com/android/build/gradle/internal/tasks/DexMergingTask$SharedParams$MainDexListConfig
instanceKlass com/android/build/gradle/internal/tasks/DexMergingTask$SharedParams
instanceKlass com/android/build/gradle/internal/tasks/MergeJavaResourceTaskKt
instanceKlass com/android/builder/files/SerializableInputChanges
instanceKlass com/android/build/gradle/internal/tasks/ValidateSigningTask$CreationAction$configure$2
instanceKlass com/android/build/api/variant/impl/LayeredSourceDirectoriesImpl$getAscendingOrderAssetSets$1
instanceKlass com/android/ide/common/resources/DataSet
instanceKlass com/android/ide/common/resources/DataMap
instanceKlass com/android/ide/common/resources/SourceSet
instanceKlass com/android/ide/common/resources/FileValidity
instanceKlass com/android/build/gradle/internal/signing/SigningConfigData$Companion
instanceKlass com/android/build/gradle/internal/signing/SigningConfigProviderParams
instanceKlass org/gradle/internal/properties/bean/DefaultPropertyWalker$ImplementationPropertyValue
instanceKlass org/gradle/internal/scripts/ScriptOriginUtil
instanceKlass org/gradle/internal/properties/annotations/NestedValidationUtil
instanceKlass com/android/build/api/variant/impl/BuiltArtifactImpl
instanceKlass com/android/build/api/variant/BuiltArtifact
instanceKlass com/android/build/api/variant/impl/VariantOutputImpl$SerializedForm
instanceKlass org/gradle/api/SupportsKotlinAssignmentOverloading
instanceKlass com/android/build/gradle/internal/tasks/MergeNativeDebugMetadataTask$Companion$WhenMappings
instanceKlass com/android/build/gradle/internal/tasks/MergeNativeDebugMetadataTask$Companion
instanceKlass com/android/build/gradle/tasks/PackageAndroidArtifact$CreationAction$Companion$firstValidInjectedAbi$2
instanceKlass com/android/build/gradle/tasks/PackageAndroidArtifact$CreationAction$Companion$firstValidInjectedAbi$1
instanceKlass com/android/build/gradle/tasks/PackageAndroidArtifact$CreationAction$Companion$firstValidInjectedAbi$firstValidAbi$3
instanceKlass com/android/build/gradle/tasks/PackageAndroidArtifact$CreationAction$Companion$firstValidInjectedAbi$firstValidAbi$2
instanceKlass com/android/build/gradle/tasks/PackageAndroidArtifact$CreationAction$Companion$firstValidInjectedAbi$allowedAbis$1
instanceKlass org/gradle/execution/TaskNameResolver$1
instanceKlass org/gradle/api/attributes/VerificationType$Impl
instanceKlass com/android/build/gradle/internal/lint/LintTaskManager$createLintTasks$6
instanceKlass com/android/build/gradle/internal/lint/LintTaskManager$createLintTasks$5
instanceKlass com/android/build/gradle/internal/lint/LintTaskManager$createLintTasks$4
instanceKlass com/android/build/gradle/internal/lint/LintTaskManager$createLintTasks$3
instanceKlass com/android/build/gradle/internal/lint/LintTaskManager$createLintTasks$lintVitalTask$1$1
instanceKlass com/android/build/gradle/internal/lint/LintTaskManager$createLintTasks$2$1
instanceKlass com/android/build/gradle/internal/lint/LintTaskManager$createLintTasks$variantLintTask$1$1
instanceKlass com/android/build/gradle/internal/lint/AndroidLintTask$SingleVariantCreationAction$Companion
instanceKlass com/android/build/gradle/internal/lint/AndroidLintTask$VariantCreationAction$Companion
instanceKlass com/android/build/gradle/internal/lint/VariantWithTests
instanceKlass com/android/build/gradle/internal/utils/SdkUtilsKt
instanceKlass com/android/build/gradle/internal/variant/DefaultFlavorComparator
instanceKlass com/android/build/gradle/internal/variant/DefaultBuildTypeComparator
instanceKlass com/android/build/gradle/internal/variant/BuildAuthorSpecifiedDefaultsFlavorComparator
instanceKlass com/android/build/gradle/internal/variant/BuildAuthorSpecifiedDefaultBuildTypeComparator
instanceKlass com/google/common/collect/AbstractMapBasedMultimap$KeySet$1
instanceKlass com/android/build/gradle/internal/lint/LintModelWriterTask$Companion
instanceKlass com/android/build/gradle/internal/lint/AndroidLintAnalysisTask$Companion
instanceKlass com/android/build/gradle/internal/variant/ApplicationVariantFactory$restrictEnabledOutputs$1
instanceKlass com/android/ide/common/build/GenericBuiltArtifactsSplitOutputMatcher$computeBestArtifact$match$1
instanceKlass com/android/ide/common/build/GenericBuiltArtifactsSplitOutputMatcher
instanceKlass com/android/ide/common/build/GenericBuiltArtifact
instanceKlass com/android/ide/common/build/CommonBuiltArtifact
instanceKlass com/android/build/api/variant/impl/FilterConfigurationImpl
instanceKlass com/android/build/gradle/internal/attribution/BuildAnalyzerIssueReporter$Companion
instanceKlass com/android/build/gradle/internal/attribution/BuildAnalyzerIssueReporter
instanceKlass com/android/build/gradle/internal/DependencyResolutionChecks$registerDependencyCheck$4$1
instanceKlass com/android/build/gradle/internal/attribution/BuildAnalyzerConfiguratorService$initBuildAnalyzerService$1
instanceKlass com/android/build/gradle/internal/attribution/BuildAnalyzerService$Parameters_Decorated
instanceKlass com/android/buildanalyzer/common/AndroidGradlePluginAttributionData$TaskInfo
instanceKlass com/android/buildanalyzer/common/AndroidGradlePluginAttributionData$JavaInfo
instanceKlass com/android/buildanalyzer/common/AndroidGradlePluginAttributionData$BuildInfo
instanceKlass com/android/build/gradle/internal/attribution/BuildAnalyzerService
instanceKlass com/android/build/gradle/internal/attribution/BuildAnalyzerService$Parameters
instanceKlass com/android/build/gradle/internal/attribution/BuildAnalyzerConfiguratorService
instanceKlass com/android/build/gradle/internal/DependencyResolutionChecks$registerDependencyCheck$4
instanceKlass com/android/build/gradle/internal/DependencyResolutionChecks$registerDependencyCheck$3
instanceKlass java/time/Ser
instanceKlass org/gradle/internal/build/event/types/DefaultPluginApplicationResult
instanceKlass org/gradle/tooling/internal/protocol/events/InternalProjectConfigurationResult$InternalPluginApplicationResult
instanceKlass org/gradle/tooling/internal/provider/runner/ProjectConfigurationTracker$PluginApplicationResult
instanceKlass org/gradle/tooling/internal/provider/runner/ProjectConfigurationTracker$ProjectConfigurationResult
instanceKlass org/gradle/tooling/internal/provider/runner/BuildModelActionRunner$ModelCreateAction
instanceKlass org/gradle/internal/buildtree/RunTasksRequirements
instanceKlass org/gradle/internal/operations/BuildOperationDescriptor$1
instanceKlass org/gradle/api/internal/artifacts/ivyservice/resolveengine/graph/builder/ResolveState$1
instanceKlass org/gradle/api/internal/artifacts/ivyservice/resolutionstrategy/DefaultCachePolicy$1
instanceKlass java/time/LocalTime$1
instanceKlass java/time/format/DateTimeFormatterBuilder$2
instanceKlass java/time/Month$1
instanceKlass java/time/LocalDate$1
instanceKlass java/time/temporal/WeekFields$ComputedDayOfField
instanceKlass java/time/temporal/WeekFields
instanceKlass java/time/Clock
instanceKlass java/time/InstantSource
instanceKlass jdk/internal/math/FormattedFloatingDecimal$2
instanceKlass jdk/internal/math/FormattedFloatingDecimal
instanceKlass org/gradle/internal/remote/internal/inet/SocketConnection$1
instanceKlass java/util/Locale$1
instanceKlass org/gradle/internal/work/DefaultWorkerLeaseService$1
instanceKlass org/gradle/cache/internal/VersionSpecificCacheCleanupAction$CleanupCondition
instanceKlass org/gradle/cache/internal/VersionSpecificCacheDirectory
instanceKlass org/apache/commons/io/filefilter/ConditionalFileFilter
instanceKlass org/apache/commons/io/filefilter/AbstractFileFilter
instanceKlass org/apache/commons/io/file/PathVisitor
instanceKlass org/apache/commons/io/filefilter/FileFilterUtils
instanceKlass org/gradle/cache/internal/VersionSpecificCacheCleanupAction
instanceKlass org/gradle/cache/internal/SingleDepthFilesFinder$1
instanceKlass org/gradle/cache/internal/NonReservedFileFilter
instanceKlass org/gradle/cache/internal/BuildOperationCleanupActionDecorator$BuildOperationCacheCleanupDecorator$1
instanceKlass org/gradle/cache/internal/DefaultCleanupProgressMonitor
instanceKlass org/gradle/launcher/exec/BuildActionResult
instanceKlass org/gradle/api/internal/cache/DefaultCacheConfigurations$MustBeConfiguredCleanupFrequency
instanceKlass org/gradle/execution/PassThruCancellableOperationManager
instanceKlass org/gradle/internal/work/DefaultWorkerLeaseService$ConfiguredRegistries$1
instanceKlass org/gradle/internal/watch/vfs/impl/WatchingVirtualFileSystem$2$1
instanceKlass org/gradle/internal/watch/vfs/BuildFinishedFileSystemWatchingBuildOperationType$Result
instanceKlass org/gradle/internal/watch/vfs/impl/DefaultFileSystemWatchingStatistics$VirtualFileSystemStatistics
instanceKlass org/gradle/internal/watch/vfs/impl/DefaultFileSystemWatchingStatistics
instanceKlass org/gradle/internal/snapshot/SnapshotHierarchy$NodeDiffListener$1
instanceKlass org/gradle/internal/watch/registry/impl/WatchableHierarchies$RemoveUnwatchedFiles
instanceKlass org/gradle/internal/watch/registry/impl/DefaultFileWatcherRegistry$2
instanceKlass org/gradle/internal/watch/vfs/BuildFinishedFileSystemWatchingBuildOperationType$Details$1
instanceKlass org/gradle/internal/watch/vfs/BuildFinishedFileSystemWatchingBuildOperationType$Details
instanceKlass org/gradle/internal/watch/vfs/impl/WatchingVirtualFileSystem$2
instanceKlass org/gradle/api/internal/tasks/execution/statistics/TaskExecutionStatistics
instanceKlass org/gradle/internal/buildevents/TaskExecutionStatisticsReporter
instanceKlass org/gradle/internal/serialize/Message
instanceKlass org/gradle/internal/logging/text/AbstractStyledTextOutput$StyleOverrideTextOutput
instanceKlass org/jetbrains/kotlin/gradle/plugin/internal/state/TaskExecutionResults
instanceKlass org/jetbrains/kotlin/gradle/plugin/internal/state/TaskLoggers
instanceKlass org/jetbrains/kotlin/gradle/plugin/statistics/BuildFlowService$Parameters$Inject
instanceKlass org/jetbrains/kotlin/gradle/plugin/statistics/KotlinBuildStatHandler$sam$org_gradle_api_Action$0
instanceKlass org/jetbrains/kotlin/gradle/plugin/statistics/KotlinBuildStatHandler$collectConfigurationTimeMetrics$1
instanceKlass org/gradle/configurationcache/flow/BuildFlowScope$setBuildWorkResult$1$1
instanceKlass org/gradle/api/flow/BuildWorkResult
instanceKlass org/gradle/composite/internal/OperationFiringBuildTreeFinishExecutor$1
instanceKlass org/gradle/tooling/internal/provider/runner/AbstractClientProvidedBuildActionRunner$ActionResults
instanceKlass com/google/common/collect/ImmutableSet$SerializedForm
instanceKlass com/android/tools/idea/gradle/model/impl/IdePrivacySandboxSdkInfoImpl
instanceKlass com/android/tools/idea/gradle/model/IdePrivacySandboxSdkInfo
instanceKlass com/google/common/collect/ImmutableMap$SerializedForm
instanceKlass com/google/common/collect/ImmutableMap$Builder
instanceKlass com/google/common/collect/AbstractMultimap
instanceKlass com/google/common/collect/SetMultimap
instanceKlass com/google/common/collect/Multimap
instanceKlass com/google/common/collect/Platform
instanceKlass com/google/common/collect/ImmutableList$SerializedForm
instanceKlass com/google/common/collect/ImmutableCollection$Builder
instanceKlass com/android/tools/idea/gradle/model/ndk/v1/IdeNativeVariantAbi
instanceKlass com/android/tools/idea/gradle/model/ndk/v1/IdeNativeAndroidProject
instanceKlass com/android/tools/idea/gradle/model/ndk/v2/IdeNativeModule
instanceKlass com/amazon/ion/impl/bin/IonRawBinaryWriter$PatchList$1
instanceKlass com/intellij/openapi/util/Comparing
instanceKlass org/jetbrains/plugins/gradle/tooling/serialization/internal/IdeaProjectSerializationService$WriteContext$FilePathComparator
instanceKlass org/jetbrains/plugins/gradle/tooling/serialization/internal/IdeaProjectSerializationService$3
instanceKlass org/jetbrains/plugins/gradle/tooling/serialization/internal/IdeaProjectSerializationService$TestResourceDirectoriesGetter
instanceKlass org/jetbrains/plugins/gradle/tooling/serialization/internal/IdeaProjectSerializationService$ResourceDirectoriesGetter
instanceKlass org/jetbrains/plugins/gradle/tooling/serialization/internal/IdeaProjectSerializationService$7
instanceKlass org/jetbrains/plugins/gradle/tooling/serialization/internal/IdeaProjectSerializationService$11
instanceKlass org/jetbrains/plugins/gradle/tooling/serialization/internal/IdeaProjectSerializationService$10
instanceKlass org/jetbrains/plugins/gradle/tooling/serialization/internal/IdeaProjectSerializationService$8
instanceKlass org/jetbrains/plugins/gradle/tooling/serialization/internal/IdeaProjectSerializationService$2
instanceKlass com/amazon/ion/impl/bin/IonRawBinaryWriter$PatchList$Node
instanceKlass com/amazon/ion/impl/bin/IonRawBinaryWriter$PatchPoint
instanceKlass org/jetbrains/plugins/gradle/tooling/serialization/internal/IdeaProjectSerializationService$JdkGetter
instanceKlass org/jetbrains/plugins/gradle/tooling/serialization/internal/IdeaProjectSerializationService$JavaHomePathGetter
instanceKlass org/jetbrains/plugins/gradle/tooling/serialization/internal/IdeaProjectSerializationService$TargetBytecodeVersionGetter
instanceKlass org/jetbrains/plugins/gradle/tooling/serialization/internal/IdeaProjectSerializationService$6
instanceKlass org/gradle/internal/impldep/gnu/trove/PrimeFinder
instanceKlass org/jetbrains/plugins/gradle/tooling/serialization/internal/IdeaProjectSerializationService$1
instanceKlass com/amazon/ion/impl/bin/IonRawBinaryWriter$ContainerInfo
instanceKlass org/jetbrains/plugins/gradle/tooling/util/GradleVersionComparator
instanceKlass com/amazon/ion/impl/bin/IonManagedBinaryWriter$ImportDescriptor
instanceKlass com/amazon/ion/impl/bin/IonRawBinaryWriter$1
instanceKlass com/amazon/ion/impl/bin/IonRawBinaryWriter$RecyclingStack
instanceKlass com/amazon/ion/impl/bin/IonRawBinaryWriter$PatchList
instanceKlass com/amazon/ion/impl/bin/WriteBuffer
instanceKlass com/amazon/ion/impl/bin/Block
instanceKlass com/amazon/ion/impl/_Private_SymtabExtendsCache
instanceKlass com/amazon/ion/impl/lite/ContainerlessContext
instanceKlass com/amazon/ion/impl/lite/IonLoaderLite
instanceKlass com/amazon/ion/impl/LocalSymbolTable
instanceKlass com/amazon/ion/impl/LocalSymbolTableAsStruct$Factory
instanceKlass com/amazon/ion/IonDatagram
instanceKlass com/amazon/ion/IonLoader
instanceKlass com/amazon/ion/impl/lite/IonContext
instanceKlass com/amazon/ion/impl/_Private_IonContainer
instanceKlass com/amazon/ion/impl/_Private_IonSymbol
instanceKlass com/amazon/ion/impl/lite/IonValueLite
instanceKlass com/amazon/ion/impl/_Private_IonValue
instanceKlass com/amazon/ion/IonNull
instanceKlass com/amazon/ion/IonTimestamp
instanceKlass com/amazon/ion/IonInt
instanceKlass com/amazon/ion/IonStruct
instanceKlass com/amazon/ion/IonFloat
instanceKlass com/amazon/ion/IonSexp
instanceKlass com/amazon/ion/IonClob
instanceKlass com/amazon/ion/IonBlob
instanceKlass com/amazon/ion/IonLob
instanceKlass com/amazon/ion/IonBool
instanceKlass com/amazon/ion/IonDecimal
instanceKlass com/amazon/ion/IonNumber
instanceKlass com/amazon/ion/IonSymbol
instanceKlass com/amazon/ion/IonList
instanceKlass com/amazon/ion/IonSequence
instanceKlass com/amazon/ion/IonContainer
instanceKlass com/amazon/ion/IonString
instanceKlass com/amazon/ion/IonText
instanceKlass com/amazon/ion/impl/lite/ValueFactoryLite
instanceKlass com/amazon/ion/impl/_Private_ValueFactory
instanceKlass com/amazon/ion/impl/_Private_IonSystem
instanceKlass com/amazon/ion/IonSystem
instanceKlass com/amazon/ion/impl/lite/_Private_LiteDomTrampoline
instanceKlass com/amazon/ion/system/IonReaderBuilder
instanceKlass com/amazon/ion/IonValue
instanceKlass com/amazon/ion/IonReader
instanceKlass com/amazon/ion/impl/SharedSymbolTable
instanceKlass com/amazon/ion/impl/_Private_IonWriterBase
instanceKlass com/amazon/ion/impl/_Private_ReaderWriter
instanceKlass com/amazon/ion/util/_Private_FastAppendable
instanceKlass com/amazon/ion/impl/_Private_Utils$1
instanceKlass com/amazon/ion/impl/_Private_Utils
instanceKlass com/amazon/ion/system/IonSystemBuilder
instanceKlass com/amazon/ion/system/SimpleCatalog
instanceKlass com/amazon/ion/IonMutableCatalog
instanceKlass com/amazon/ion/impl/bin/IonRawBinaryWriter$RecyclingStack$ElementFactory
instanceKlass com/amazon/ion/impl/bin/IonManagedBinaryWriter$ImportedSymbolResolverMode$1$1$1
instanceKlass com/amazon/ion/impl/bin/IonManagedBinaryWriter$SymbolResolver
instanceKlass com/amazon/ion/impl/bin/IonManagedBinaryWriter$ImportedSymbolResolverMode$1$1
instanceKlass com/amazon/ion/impl/bin/AbstractSymbolTable
instanceKlass com/amazon/ion/impl/bin/Symbols$1
instanceKlass com/amazon/ion/SymbolToken
instanceKlass com/amazon/ion/impl/bin/Symbols
instanceKlass com/amazon/ion/impl/bin/IonManagedBinaryWriter$SymbolResolverBuilder
instanceKlass com/amazon/ion/impl/bin/IonManagedBinaryWriter$ImportedSymbolContext
instanceKlass com/amazon/ion/impl/bin/_Private_IonRawWriter
instanceKlass com/amazon/ion/impl/bin/AbstractIonWriter
instanceKlass com/amazon/ion/impl/_Private_ByteTransferSink
instanceKlass com/amazon/ion/impl/_Private_IonWriter
instanceKlass com/amazon/ion/impl/bin/_Private_IonManagedWriter
instanceKlass com/amazon/ion/impl/bin/IonBinaryWriterAdapter$Factory
instanceKlass com/amazon/ion/IonCatalog
instanceKlass com/amazon/ion/impl/bin/_Private_IonManagedBinaryWriterBuilder
instanceKlass com/amazon/ion/impl/bin/BlockAllocator
instanceKlass com/amazon/ion/impl/_Private_LocalSymbolTableFactory
instanceKlass com/amazon/ion/ValueFactory
instanceKlass com/amazon/ion/SymbolTable
instanceKlass com/amazon/ion/IonBinaryWriter
instanceKlass com/amazon/ion/IonWriter
instanceKlass com/amazon/ion/facet/Faceted
instanceKlass com/amazon/ion/impl/bin/BlockAllocatorProvider
instanceKlass com/amazon/ion/system/IonWriterBuilder
instanceKlass org/jetbrains/plugins/gradle/tooling/serialization/ToolingStreamApiUtils
instanceKlass org/jetbrains/plugins/gradle/tooling/serialization/ExternalProjectSerializationService$8
instanceKlass org/jetbrains/plugins/gradle/tooling/serialization/ExternalProjectSerializationService$7
instanceKlass org/jetbrains/plugins/gradle/tooling/serialization/ExternalProjectSerializationService$1
instanceKlass org/jetbrains/plugins/gradle/ExternalDependencyId
instanceKlass org/jetbrains/plugins/gradle/model/ExternalFilter
instanceKlass org/jetbrains/plugins/gradle/model/ExternalSourceDirectorySet
instanceKlass com/intellij/openapi/externalSystem/model/project/IExternalSystemSourceType
instanceKlass org/jetbrains/plugins/gradle/model/ExternalSourceSet
instanceKlass org/gradle/api/tasks/SourceSetOutput
instanceKlass org/gradle/model/internal/core/ModelView
instanceKlass org/gradle/model/internal/inspect/ExtractedRuleSource
instanceKlass org/gradle/model/internal/core/NodePredicate
instanceKlass org/gradle/api/java/archives/internal/ManifestInternal
instanceKlass org/gradle/api/internal/file/copy/ZipCompressor
instanceKlass org/gradle/api/internal/file/archive/compression/ArchiveOutputStreamFactory
instanceKlass org/codehaus/groovy/runtime/ConversionHandler
instanceKlass groovy/transform/SelfType
instanceKlass groovy/lang/GeneratedGroovyProxy
instanceKlass groovy/transform/Trait
instanceKlass org/codehaus/groovy/transform/trait/Traits$TraitBridge
instanceKlass org/codehaus/groovy/transform/trait/Traits
instanceKlass org/gradle/internal/classpath/intercept/InvocationUtils
instanceKlass org/gradle/plugins/ide/idea/model/Dependency
instanceKlass org/gradle/api/plugins/jvm/JvmComponentDependencies
instanceKlass org/gradle/api/artifacts/dsl/GradleDependencies
instanceKlass org/gradle/api/plugins/jvm/TestFixturesDependencyModifiers
instanceKlass org/gradle/api/plugins/jvm/PlatformDependencyModifiers
instanceKlass com/google/common/base/ParametricNullness
instanceKlass org/jetbrains/plugins/gradle/tooling/builder/ModelBuildersDataProviders$1
instanceKlass org/jetbrains/plugins/gradle/tooling/builder/ModelBuildersDataProviders
instanceKlass com/android/tools/idea/gradle/project/sync/GradleProject$ModelConsumer
instanceKlass com/android/tools/idea/gradle/project/sync/IdeAndroidModels
instanceKlass com/android/tools/idea/gradle/project/sync/IdeAndroidSyncIssuesAndExceptions
instanceKlass com/android/tools/idea/gradle/project/sync/DeliverableGradleModule$ModelConsumer
instanceKlass com/android/tools/idea/gradle/project/sync/StandaloneDeliverableModel$Companion
instanceKlass com/android/tools/idea/gradle/project/sync/StandaloneDeliverableModel
instanceKlass com/android/tools/idea/gradle/project/sync/IdeSyncExecutionReport
instanceKlass com/android/tools/idea/gradle/project/sync/GradleProject
instanceKlass com/android/tools/idea/gradle/project/sync/DeliverableGradleModule
instanceKlass com/android/tools/idea/gradle/project/sync/GradleModelCollection
instanceKlass com/android/tools/idea/gradle/project/sync/IndexedModels
instanceKlass com/android/tools/idea/gradle/model/impl/IdeUnresolvedLibraryTableImpl
instanceKlass com/android/tools/idea/gradle/model/impl/IdeUnresolvedLibraryTable
instanceKlass com/android/tools/idea/gradle/project/sync/InternedModels$nameLibraries$IdeModelAndReferenceAndIdentity
instanceKlass com/android/tools/idea/gradle/project/sync/ModelCacheV1ImplKt
instanceKlass com/android/tools/idea/gradle/model/impl/IdeSyncIssueImpl
instanceKlass com/android/tools/idea/gradle/model/IdeSyncIssue
instanceKlass com/android/builder/model/v2/ide/SyncIssue$Companion
instanceKlass com/android/builder/model/v2/ide/SyncIssue$Companion
instanceKlass com/android/builder/model/v2/ide/SyncIssue
instanceKlass com/android/build/gradle/internal/ide/v2/ProjectSyncIssuesImpl$Companion
instanceKlass com/android/build/gradle/internal/ide/v2/ProjectSyncIssuesImpl
instanceKlass com/android/build/gradle/internal/ide/v2/SyncIssueImpl$Companion
instanceKlass com/android/build/gradle/internal/ide/v2/SyncIssueImpl
instanceKlass com/android/builder/model/v2/ide/SyncIssue
instanceKlass com/android/ide/gradle/model/artifacts/AdditionalClassifierArtifacts
instanceKlass com/android/ide/gradle/model/artifacts/impl/AdditionalClassifierArtifactsModelImpl
instanceKlass com/android/ide/gradle/model/artifacts/impl/AdditionalClassifierArtifactsImpl
instanceKlass com/android/ide/gradle/model/artifacts/AdditionalClassifierArtifacts
instanceKlass org/gradle/api/internal/artifacts/ivyservice/DefaultUnresolvedDependency
instanceKlass org/gradle/api/artifacts/UnresolvedDependency
instanceKlass org/gradle/api/internal/artifacts/ivyservice/resolveengine/graph/DependencyGraphPathResolver
instanceKlass org/gradle/api/internal/artifacts/ivyservice/resolveengine/oldresult/ResolutionFailureCollector$BrokenDependency
instanceKlass org/gradle/internal/component/model/DescriberSelector$DefaultDescriber
instanceKlass org/gradle/internal/component/CapabilitiesSupport
instanceKlass org/gradle/internal/logging/text/TreeFormatter$Node
instanceKlass org/gradle/internal/logging/text/TreeFormatter$DefaultPrefixer
instanceKlass org/gradle/internal/logging/text/TreeFormatter$Prefixer
instanceKlass org/gradle/internal/component/StyledDescriber
instanceKlass org/gradle/internal/component/model/DescriberSelector$FallbackDescriber
instanceKlass org/gradle/internal/component/model/DescriberSelector
instanceKlass com/android/ide/gradle/model/artifacts/builder/AdditionalClassifierArtifactsModelBuilder$getArtifacts$2$1
instanceKlass com/android/ide/gradle/model/artifacts/builder/AdditionalClassifierArtifactsModelBuilder$getArtifacts$2
instanceKlass com/android/ide/gradle/model/artifacts/builder/SourcesCompatibilityRule
instanceKlass com/android/ide/gradle/model/artifacts/builder/AdditionalClassifierArtifactsModelBuilder$buildAll$2
instanceKlass com/android/ide/gradle/model/artifacts/builder/AdditionalClassifierArtifactsModelBuilder$ArtifactsPaths
instanceKlass com/android/ide/gradle/model/ArtifactIdentifierImpl
instanceKlass com/android/ide/gradle/model/artifacts/impl/ModuleIdentifierImpl
instanceKlass com/android/ide/gradle/model/artifacts/builder/AdditionalClassifierArtifactsModelBuilder$ArtifactsCollector
instanceKlass com/android/ide/gradle/model/ArtifactIdentifier
instanceKlass com/android/ide/gradle/model/AdditionalClassifierArtifactsModelParameter
instanceKlass com/android/tools/idea/gradle/project/sync/AdditionalClassifierArtifactsModelCollectorKt$getAdditionalClassifierArtifactsModel$1$1$1
instanceKlass com/android/ide/gradle/model/AdditionalClassifierArtifactsModelParameter
instanceKlass com/android/ide/gradle/model/ArtifactIdentifierImpl
instanceKlass com/android/ide/gradle/model/ArtifactIdentifier
instanceKlass kotlin/jvm/internal/ArrayIterator
instanceKlass kotlin/jvm/internal/ArrayIteratorKt
instanceKlass kotlin/collections/ArraysKt___ArraysKt$asSequence$$inlined$Sequence$1
instanceKlass kotlin/collections/AbstractIterator$WhenMappings
instanceKlass kotlin/collections/AbstractIterator
instanceKlass kotlin/sequences/DistinctSequence
instanceKlass com/android/tools/idea/gradle/project/sync/GradleModulesKt
instanceKlass com/android/tools/idea/gradle/project/sync/AdditionalClassifierArtifactsModelCollectorKt
instanceKlass com/android/tools/idea/gradle/project/sync/AllKotlinModels
instanceKlass org/jetbrains/kotlin/idea/gradleTooling/model/kapt/KaptSourceSetModelImpl
instanceKlass org/jetbrains/kotlin/idea/gradleTooling/model/kapt/KaptSourceSetModel
instanceKlass com/android/tools/idea/gradle/project/sync/ModelFetchersKt$findKotlinModelsForAndroidProject$kaptModel$1
instanceKlass org/jetbrains/kotlin/idea/projectModel/KotlinTaskProperties
instanceKlass org/jetbrains/kotlin/idea/gradleTooling/KotlinGradleModelImpl
instanceKlass org/jetbrains/kotlin/tooling/core/ClosureKt
instanceKlass org/jetbrains/kotlin/gradle/dsl/KotlinProjectExtensionKt$WhenMappings
instanceKlass org/jetbrains/kotlin/tooling/core/KotlinToolingVersion
instanceKlass org/gradle/internal/featurelifecycle/DefaultDeprecatedUsageProgressDetails
instanceKlass org/gradle/internal/featurelifecycle/DeprecatedUsageProgressDetails
instanceKlass org/gradle/api/problems/internal/DefaultProblemProgressDetails
instanceKlass org/gradle/operations/problem/ProblemProgressDetails
instanceKlass org/gradle/api/problems/internal/DefaultProblem
instanceKlass org/gradle/api/problems/ProblemLocation
instanceKlass org/gradle/api/problems/internal/DefaultProblemBuilder
instanceKlass org/gradle/api/problems/ProblemBuilderDefiningType
instanceKlass org/gradle/api/problems/ProblemBuilderDefiningGroup
instanceKlass org/gradle/api/problems/ProblemBuilderDefiningLocation
instanceKlass org/gradle/api/problems/ProblemBuilderDefiningDocumentation
instanceKlass org/gradle/internal/problems/DefaultProblemDiagnosticsFactory$DefaultProblemDiagnostics
instanceKlass org/gradle/internal/featurelifecycle/StackTraceSanitizer
instanceKlass org/gradle/internal/featurelifecycle/FeatureUsage
instanceKlass org/gradle/internal/deprecation/DeprecationMessage
instanceKlass org/jetbrains/kotlin/idea/gradleTooling/KotlinTaskPropertiesImpl
instanceKlass org/jetbrains/kotlin/idea/projectModel/KotlinTaskProperties
instanceKlass org/jetbrains/kotlin/idea/gradleTooling/KotlinTasksPropertyUtilsKt
instanceKlass org/jetbrains/kotlin/gradle/plugin/sources/SourceSetsVisibilityInferenceKt
instanceKlass org/jetbrains/kotlin/idea/gradleTooling/reflect/KotlinSourceSetReflectionImpl$Companion
instanceKlass org/jetbrains/kotlin/idea/gradleTooling/reflect/KotlinSourceSetReflectionImpl
instanceKlass org/jetbrains/kotlin/idea/gradleTooling/reflect/KotlinSourceSetReflection
instanceKlass org/jetbrains/kotlin/idea/gradleTooling/reflect/KotlinSourceSetReflectionKt
instanceKlass org/jetbrains/kotlin/idea/gradleTooling/GetAdditionalVisibleSourceSetsKt
instanceKlass kotlin/reflect/jvm/KTypesJvm
instanceKlass org/jetbrains/kotlin/com/intellij/util/xmlb/annotations/Transient
instanceKlass kotlin/reflect/jvm/internal/impl/resolve/calls/inference/CapturedTypeConstructorImpl
instanceKlass kotlin/reflect/jvm/internal/impl/resolve/calls/inference/CapturedTypeConstructor
instanceKlass kotlin/reflect/jvm/internal/impl/types/model/CapturedTypeConstructorMarker
instanceKlass kotlin/reflect/jvm/internal/impl/types/model/CapturedTypeMarker
instanceKlass kotlin/reflect/jvm/internal/impl/load/kotlin/BinaryClassAnnotationAndConstantLoaderImpl$AbstractAnnotationArgumentVisitor$visitArray$1
instanceKlass org/jetbrains/kotlin/utils/IDEAPluginsCompatibilityAPI
instanceKlass org/jetbrains/kotlin/cli/common/arguments/GradleDeprecatedOption
instanceKlass org/jetbrains/kotlin/cli/common/arguments/ParseCommandLineArgumentsKt
instanceKlass kotlin/reflect/jvm/internal/KPropertyImplKt
instanceKlass kotlin/reflect/KProperty1$Getter
instanceKlass kotlin/reflect/jvm/internal/impl/load/kotlin/AbstractBinaryClassAnnotationLoader$AnnotationsContainer
instanceKlass org/jetbrains/kotlin/cli/common/arguments/GradleOption
instanceKlass kotlin/reflect/jvm/internal/impl/descriptors/annotations/AnnotationDescriptorImpl
instanceKlass kotlin/reflect/jvm/internal/impl/descriptors/annotations/AnnotationDescriptor
instanceKlass kotlin/reflect/jvm/internal/impl/resolve/constants/ConstantValueFactory
instanceKlass kotlin/reflect/jvm/internal/impl/load/kotlin/BinaryClassAnnotationAndConstantLoaderImpl$AbstractAnnotationArgumentVisitor
instanceKlass kotlin/reflect/jvm/internal/impl/SpecialJvmAnnotations
instanceKlass org/jetbrains/kotlin/cli/common/arguments/Argument
instanceKlass kotlin/reflect/jvm/internal/impl/load/kotlin/AbstractBinaryClassAnnotationAndConstantLoader$loadAnnotationsAndInitializers$1$MemberAnnotationVisitor
instanceKlass kotlin/reflect/jvm/internal/impl/load/kotlin/KotlinJvmBinaryClass$MethodAnnotationVisitor
instanceKlass kotlin/reflect/jvm/internal/impl/descriptors/runtime/components/SignatureSerializer
instanceKlass kotlin/reflect/jvm/internal/impl/load/kotlin/AbstractBinaryClassAnnotationAndConstantLoader$loadAnnotationsAndInitializers$1
instanceKlass kotlin/reflect/jvm/internal/impl/load/kotlin/KotlinJvmBinaryClass$MemberVisitor
instanceKlass kotlin/reflect/jvm/internal/impl/load/kotlin/MemberSignature$Companion
instanceKlass kotlin/reflect/jvm/internal/impl/load/kotlin/MemberSignature
instanceKlass kotlin/reflect/jvm/internal/impl/load/kotlin/AbstractBinaryClassAnnotationLoaderKt
instanceKlass kotlin/reflect/jvm/internal/impl/metadata/jvm/deserialization/JvmFlags
instanceKlass kotlin/reflect/jvm/internal/impl/metadata/jvm/deserialization/ClassMapperLite
instanceKlass kotlin/reflect/jvm/internal/JvmPropertySignature
instanceKlass kotlin/reflect/jvm/internal/impl/resolve/OverridingUtil$7
instanceKlass kotlin/reflect/jvm/internal/impl/resolve/OverridingUtil$6
instanceKlass kotlin/reflect/jvm/internal/impl/resolve/VisibilityUtilKt
instanceKlass kotlin/reflect/jvm/internal/impl/load/java/components/DescriptorResolverUtils$1$1
instanceKlass kotlin/reflect/jvm/internal/impl/load/java/components/DescriptorResolverUtils
instanceKlass kotlin/reflect/jvm/internal/impl/load/java/BuiltinSpecialPropertiesKt
instanceKlass kotlin/reflect/jvm/internal/impl/load/java/BuiltinSpecialProperties
instanceKlass kotlin/reflect/jvm/internal/impl/load/java/JvmAbi
instanceKlass kotlin/reflect/jvm/internal/impl/load/java/PropertiesConventionUtilKt
instanceKlass kotlin/reflect/jvm/internal/impl/resolve/scopes/receivers/AbstractReceiverValue
instanceKlass kotlin/reflect/jvm/internal/impl/descriptors/NotFoundClasses$ClassRequest
instanceKlass kotlin/reflect/jvm/internal/impl/resolve/OverridingUtil$3
instanceKlass kotlin/reflect/jvm/internal/impl/descriptors/impl/FunctionDescriptorImpl$CopyConfiguration
instanceKlass org/jetbrains/kotlin/config/AnalysisFlag
instanceKlass kotlin/reflect/jvm/internal/impl/serialization/deserialization/descriptors/DeserializedClassDescriptor$EnumEntryClassDescriptors
instanceKlass kotlin/reflect/jvm/internal/impl/utils/SmartSet$SingletonIterator
instanceKlass kotlin/reflect/jvm/internal/impl/load/java/descriptors/JavaCallableMemberDescriptor
instanceKlass kotlin/reflect/jvm/internal/impl/load/java/SpecialGenericSignatures$Companion$NameAndSignature
instanceKlass kotlin/reflect/jvm/internal/impl/load/java/SpecialGenericSignatures$Companion
instanceKlass kotlin/reflect/jvm/internal/impl/load/java/SpecialGenericSignatures
instanceKlass kotlin/reflect/jvm/internal/impl/resolve/OverridingUtil$OverrideCompatibilityInfo
instanceKlass kotlin/reflect/jvm/internal/impl/types/AbstractTypeChecker
instanceKlass kotlin/reflect/jvm/internal/impl/types/TypeCheckerState
instanceKlass kotlin/reflect/jvm/internal/impl/types/checker/ClassicTypeCheckerStateKt
instanceKlass kotlin/reflect/jvm/internal/impl/resolve/OverridingUtilTypeSystemContext
instanceKlass kotlin/reflect/jvm/internal/impl/builtins/jvm/CloneableClassScope$Companion
instanceKlass org/jetbrains/kotlin/cli/common/messages/MessageCollector
instanceKlass org/jetbrains/kotlin/config/LanguageVersionSettings
instanceKlass kotlin/reflect/jvm/internal/impl/name/CallableId$Companion
instanceKlass kotlin/reflect/jvm/internal/impl/name/CallableId
instanceKlass kotlin/reflect/jvm/internal/impl/serialization/deserialization/SuspendFunctionTypeUtilKt
instanceKlass kotlin/reflect/jvm/internal/impl/resolve/MemberComparator$NameAndTypeMemberComparator
instanceKlass org/jetbrains/kotlin/cli/common/arguments/InternalArgument
instanceKlass org/jetbrains/kotlin/cli/common/arguments/ArgumentParseErrors
instanceKlass kotlin/collections/builders/ListBuilderKt
instanceKlass kotlin/collections/builders/MapBuilder$Companion
instanceKlass kotlin/collections/builders/MapBuilder
instanceKlass kotlin/reflect/jvm/internal/impl/descriptors/Visibilities
instanceKlass kotlin/reflect/jvm/internal/impl/types/DisjointKeysUnionTypeSubstitution$Companion
instanceKlass kotlin/reflect/jvm/internal/impl/types/DescriptorSubstitutor
instanceKlass kotlin/reflect/jvm/internal/impl/descriptors/impl/PropertyDescriptorImpl$CopyConfiguration
instanceKlass kotlin/reflect/jvm/internal/impl/resolve/OverridingUtil$4
instanceKlass kotlin/reflect/jvm/internal/impl/resolve/OverridingUtil$8
instanceKlass kotlin/reflect/jvm/internal/impl/descriptors/impl/TypeAliasConstructorDescriptor
instanceKlass kotlin/reflect/jvm/internal/impl/resolve/OverridingUtil$5
instanceKlass kotlin/reflect/jvm/internal/impl/utils/SmartSet$Companion
instanceKlass kotlin/reflect/jvm/internal/impl/resolve/OverridingStrategy
instanceKlass kotlin/reflect/jvm/internal/impl/descriptors/impl/ValueParameterDescriptorImpl$Companion
instanceKlass kotlin/reflect/jvm/internal/impl/descriptors/SimpleFunctionDescriptor
instanceKlass kotlin/reflect/jvm/internal/impl/descriptors/ValueParameterDescriptor
instanceKlass kotlin/reflect/jvm/internal/impl/resolve/DescriptorFactory
instanceKlass kotlin/reflect/jvm/internal/impl/resolve/scopes/receivers/ImplicitClassReceiver
instanceKlass kotlin/reflect/jvm/internal/impl/resolve/scopes/receivers/ThisClassReceiver
instanceKlass kotlin/reflect/jvm/internal/impl/resolve/scopes/receivers/ImplicitReceiver
instanceKlass kotlin/sequences/GeneratorSequence$iterator$1
instanceKlass kotlin/sequences/ConstrainedOnceSequence
instanceKlass kotlin/sequences/GeneratorSequence
instanceKlass kotlin/reflect/jvm/internal/impl/load/java/typeEnhancement/JavaTypeEnhancement$Result
instanceKlass kotlin/reflect/jvm/internal/impl/load/java/typeEnhancement/JavaTypeEnhancement$SimpleResult
instanceKlass kotlin/reflect/jvm/internal/impl/load/java/typeEnhancement/TypeComponentPositionKt
instanceKlass kotlin/reflect/jvm/internal/impl/load/java/typeEnhancement/TypeEnhancementUtilsKt
instanceKlass kotlin/reflect/jvm/internal/impl/load/java/typeEnhancement/JavaTypeQualifiers$Companion
instanceKlass kotlin/reflect/jvm/internal/impl/load/java/typeEnhancement/JavaTypeQualifiers
instanceKlass kotlin/reflect/jvm/internal/impl/types/RawType
instanceKlass kotlin/reflect/jvm/internal/impl/types/checker/ClassicTypeSystemContext$DefaultImpls
instanceKlass kotlin/reflect/jvm/internal/impl/util/AbstractArrayMapOwner$AbstractArrayMapAccessor
instanceKlass kotlin/reflect/jvm/internal/impl/types/TypeAttribute
instanceKlass kotlin/reflect/jvm/internal/impl/types/AnnotationsTypeAttributeKt
instanceKlass kotlin/reflect/jvm/internal/impl/load/java/typeEnhancement/AbstractSignatureParts$TypeAndDefaultQualifiers
instanceKlass kotlin/reflect/jvm/internal/impl/types/checker/SimpleClassicTypeSystemContext
instanceKlass kotlin/reflect/jvm/internal/impl/types/checker/ClassicTypeSystemContext
instanceKlass kotlin/reflect/jvm/internal/impl/types/model/TypeSystemInferenceExtensionContext
instanceKlass kotlin/reflect/jvm/internal/impl/types/model/TypeSystemCommonSuperTypesContext
instanceKlass kotlin/reflect/jvm/internal/impl/types/TypeSystemCommonBackendContext
instanceKlass kotlin/reflect/jvm/internal/impl/types/model/TypeSystemContext
instanceKlass kotlin/reflect/jvm/internal/impl/types/model/TypeSystemOptimizationContext
instanceKlass kotlin/reflect/jvm/internal/impl/load/java/typeEnhancement/AbstractSignatureParts
instanceKlass kotlin/reflect/jvm/internal/impl/descriptors/DescriptorUtilKt
instanceKlass kotlin/reflect/jvm/internal/impl/types/TypeAttributeTranslator$DefaultImpls
instanceKlass kotlin/reflect/jvm/internal/impl/types/TypeAttributesKt
instanceKlass kotlin/reflect/jvm/internal/impl/load/java/structure/JavaPrimitiveType
instanceKlass kotlin/reflect/jvm/internal/impl/types/ErasureTypeAttributes
instanceKlass kotlin/reflect/jvm/internal/impl/load/java/lazy/types/JavaTypeAttributesKt
instanceKlass kotlin/reflect/jvm/internal/impl/load/java/FakePureImplementationsProvider
instanceKlass kotlin/reflect/jvm/internal/impl/load/java/components/JavaAnnotationMapper
instanceKlass kotlin/reflect/jvm/internal/impl/descriptors/runtime/structure/ReflectJavaType$Factory
instanceKlass kotlin/reflect/jvm/internal/impl/descriptors/runtime/structure/ReflectJavaType
instanceKlass kotlin/reflect/jvm/internal/impl/load/java/structure/JavaClassifierType
instanceKlass kotlin/reflect/jvm/internal/impl/load/java/structure/JavaType
instanceKlass kotlin/reflect/jvm/internal/impl/load/java/structure/ListBasedJavaAnnotationOwner
instanceKlass kotlin/reflect/jvm/internal/impl/load/java/lazy/descriptors/ClassDeclaredMemberIndex
instanceKlass kotlin/reflect/jvm/internal/impl/load/java/lazy/descriptors/DeclaredMemberIndex
instanceKlass kotlin/reflect/jvm/internal/impl/storage/SingleThreadValue
instanceKlass kotlin/reflect/jvm/internal/impl/load/kotlin/SignatureBuildingComponents
instanceKlass kotlin/reflect/jvm/internal/impl/builtins/jvm/JvmBuiltInsSignatures
instanceKlass kotlin/reflect/jvm/internal/impl/descriptors/TypeAliasDescriptor
instanceKlass kotlin/reflect/jvm/internal/impl/util/EmptyArrayMap$iterator$1
instanceKlass kotlin/reflect/jvm/internal/impl/types/AbstractTypeConstructor$Supertypes
instanceKlass kotlin/reflect/jvm/internal/impl/resolve/scopes/MemberScope$Companion
instanceKlass kotlin/reflect/jvm/internal/impl/resolve/scopes/DescriptorKindFilter$Companion$MaskToName
instanceKlass kotlin/reflect/jvm/internal/impl/resolve/scopes/DescriptorKindFilter$Companion
instanceKlass kotlin/reflect/jvm/internal/impl/resolve/scopes/DescriptorKindFilter
instanceKlass kotlin/reflect/jvm/internal/impl/resolve/scopes/ResolutionScope$DefaultImpls
instanceKlass kotlin/reflect/jvm/internal/impl/descriptors/impl/DeclarationDescriptorVisitorEmptyBodies
instanceKlass kotlin/reflect/full/KClasses
instanceKlass kotlin/reflect/jvm/internal/calls/CallerKt
instanceKlass kotlin/reflect/jvm/internal/calls/Caller$DefaultImpls
instanceKlass kotlin/reflect/jvm/internal/calls/ValueClassAwareCallerKt
instanceKlass kotlin/reflect/jvm/internal/calls/CallerImpl$Companion
instanceKlass kotlin/reflect/jvm/internal/calls/CallerImpl
instanceKlass kotlin/reflect/jvm/internal/calls/Caller
instanceKlass kotlin/reflect/jvm/internal/impl/resolve/jvm/InlineClassManglingRulesKt
instanceKlass kotlin/reflect/jvm/internal/JvmFunctionSignature
instanceKlass kotlin/reflect/jvm/internal/impl/resolve/InlineClassesUtilsKt
instanceKlass kotlin/reflect/jvm/internal/impl/metadata/jvm/deserialization/JvmMemberSignature
instanceKlass kotlin/reflect/jvm/internal/impl/metadata/deserialization/ProtoBufUtilKt
instanceKlass kotlin/reflect/jvm/internal/FunctionWithAllInvokes
instanceKlass kotlin/reflect/jvm/internal/impl/builtins/jvm/JvmBuiltIns$Settings
instanceKlass kotlin/reflect/jvm/internal/impl/metadata/deserialization/ProtoTypeTableUtilKt
instanceKlass kotlin/reflect/jvm/internal/impl/serialization/deserialization/descriptors/DeserializedCallableMemberDescriptor
instanceKlass kotlin/reflect/jvm/internal/impl/serialization/deserialization/descriptors/DeserializedMemberDescriptor
instanceKlass kotlin/reflect/jvm/internal/impl/serialization/deserialization/descriptors/DescriptorWithContainerSource
instanceKlass org/jetbrains/kotlin/compilerRunner/ArgumentsToStrings
instanceKlass kotlin/io/FilePathComponents
instanceKlass org/jetbrains/kotlin/gradle/dsl/KotlinCommonCompilerOptionsExtensionsKt$sam$org_gradle_api_Transformer$0
instanceKlass org/jetbrains/kotlin/gradle/dsl/KotlinVersion$Companion
instanceKlass org/jetbrains/kotlin/gradle/dsl/KotlinCommonCompilerOptionsExtensionsKt
instanceKlass org/jetbrains/kotlin/incremental/CompilerRunnerUtils
instanceKlass org/jetbrains/kotlin/gradle/tasks/CompilerPluginOptionsKt
instanceKlass org/jetbrains/kotlin/gradle/plugin/CreateCompilerArgumentsContextImpl$ContributeCompilerArgumentsContextImpl
instanceKlass org/jetbrains/kotlin/gradle/plugin/KotlinCompilerArgumentsProducer$ContributeCompilerArgumentsContext
instanceKlass kotlin/reflect/KClasses
instanceKlass org/jetbrains/kotlin/config/JvmDefaultMode$Companion
instanceKlass org/jetbrains/kotlin/config/JVMAssertionsMode$Companion
instanceKlass org/jetbrains/kotlin/config/ExplicitApiMode$Companion
instanceKlass org/jetbrains/kotlin/cli/common/arguments/K2JVMCompilerArguments$Companion
instanceKlass org/jetbrains/kotlin/cli/common/arguments/CommonCompilerArguments$Companion
instanceKlass org/jetbrains/kotlin/cli/common/arguments/CommonToolArguments$Companion
instanceKlass org/jetbrains/kotlin/gradle/plugin/KotlinCompilerArgumentsProducer$CreateCompilerArgumentsContext$Companion
instanceKlass org/jetbrains/kotlin/gradle/plugin/CreateCompilerArgumentsContextImpl
instanceKlass org/jetbrains/kotlin/gradle/plugin/KotlinCompilerArgumentsProducerKt
instanceKlass org/jetbrains/kotlin/gradle/plugin/KotlinCompilerArgumentsProducer$ArgumentType$Companion
instanceKlass org/jetbrains/kotlin/idea/gradleTooling/reflect/ReflectionReceiver$Instance
instanceKlass org/jetbrains/kotlin/idea/gradleTooling/reflect/KotlinCompilerArgumentsResolverReflectionImpl
instanceKlass org/jetbrains/kotlin/idea/gradleTooling/reflect/KotlinCompilerArgumentsResolverReflection
instanceKlass org/jetbrains/kotlin/gradle/plugin/ide/IdeCompilerArgumentsResolverImpl
instanceKlass org/jetbrains/kotlin/gradle/plugin/ide/IdeMultiplatformImport
instanceKlass org/jetbrains/kotlin/gradle/plugin/ide/IdeCompilerArgumentsResolver$Companion
instanceKlass org/jetbrains/kotlin/idea/gradleTooling/reflect/KotlinMultiplatformImportReflectionImpl$Companion
instanceKlass org/jetbrains/kotlin/idea/gradleTooling/reflect/KotlinMultiplatformImportReflectionImpl
instanceKlass org/jetbrains/kotlin/idea/gradleTooling/reflect/KotlinMultiplatformImportReflection
instanceKlass org/jetbrains/kotlin/idea/gradleTooling/reflect/ParameterList$Companion
instanceKlass org/jetbrains/kotlin/idea/gradleTooling/reflect/ParameterList
instanceKlass org/jetbrains/kotlin/idea/gradleTooling/reflect/TypeToken$Companion
instanceKlass org/jetbrains/kotlin/idea/gradleTooling/reflect/TypeToken
instanceKlass org/jetbrains/kotlin/idea/gradleTooling/reflect/Parameter
instanceKlass org/jetbrains/kotlin/idea/gradleTooling/reflect/ReflectionReceiver$Static
instanceKlass org/jetbrains/kotlin/idea/gradleTooling/reflect/ReflectionReceiver
instanceKlass org/jetbrains/kotlin/gradle/plugin/ide/IdeCompilerArgumentsResolver
instanceKlass org/jetbrains/kotlin/idea/gradleTooling/reflect/KotlinCompilerArgumentsResolverReflectionKt
instanceKlass org/jetbrains/kotlin/idea/gradleTooling/ResolveCompilerArgumentsKt
instanceKlass org/jetbrains/kotlin/gradle/plugin/KotlinPlatformPluginBase
instanceKlass com/android/utils/StringHelper
instanceKlass com/android/tools/idea/gradle/project/sync/ModelFetchersKt$findKotlinModelsForAndroidProject$kotlinModel$1
instanceKlass com/android/tools/idea/gradle/project/sync/VariantSelectionChange$Companion
instanceKlass com/android/tools/idea/gradle/project/sync/VariantSelectionChange
instanceKlass com/android/tools/idea/gradle/project/sync/VariantDetailsKt
instanceKlass com/android/tools/idea/gradle/project/sync/VariantSelectionKt
instanceKlass com/android/tools/idea/gradle/project/sync/SyncVariantResult
instanceKlass com/android/tools/idea/gradle/project/sync/NativeVariantAbiResult
instanceKlass com/intellij/openapi/util/io/FileUtil$2
instanceKlass com/intellij/openapi/diagnostic/Attachment
instanceKlass com/intellij/openapi/diagnostic/Logger$DefaultFactory
instanceKlass com/intellij/openapi/diagnostic/Logger$Factory
instanceKlass com/intellij/openapi/diagnostic/Logger
instanceKlass com/intellij/openapi/util/io/FileUtil$1
instanceKlass com/intellij/openapi/util/SystemInfoRt
instanceKlass com/intellij/openapi/util/io/FileUtilRt$SymlinkResolver
instanceKlass gnu/trove/TObjectHashingStrategy
instanceKlass gnu/trove/Equality
instanceKlass com/android/tools/idea/gradle/project/sync/ArtifactRef
instanceKlass com/android/tools/idea/gradle/project/sync/IdeModelWithPostProcessor
instanceKlass com/android/tools/idea/gradle/model/impl/IdeDependencyCoreImpl
instanceKlass com/android/tools/idea/gradle/model/IdeDependencyCore
instanceKlass com/android/tools/idea/gradle/model/impl/IdePreResolvedModuleLibraryImpl
instanceKlass com/android/tools/idea/gradle/model/IdePreResolvedModuleLibrary
instanceKlass com/android/tools/idea/gradle/model/impl/IdeUnknownLibraryImpl
instanceKlass com/android/tools/idea/gradle/model/IdeUnresolvedUnknownLibrary
instanceKlass com/android/tools/idea/gradle/model/IdeUnknownLibrary
instanceKlass kotlin/text/CharsKt__CharJVMKt
instanceKlass com/android/tools/idea/gradle/project/sync/AndroidSdkBootClasspathUtilKt
instanceKlass com/android/tools/idea/gradle/model/impl/IdeJavaLibraryImpl
instanceKlass com/android/tools/idea/gradle/model/IdeUnresolvedJavaLibrary
instanceKlass com/android/tools/idea/gradle/model/IdeJavaLibrary
instanceKlass com/android/ide/common/gradle/Version$Companion$ParseState$NONNUMERIC
instanceKlass com/android/ide/common/gradle/Module$Companion
instanceKlass com/android/ide/common/gradle/Module
instanceKlass com/android/ide/common/gradle/Part
instanceKlass com/android/ide/common/gradle/Version$Companion$ParseState$NUMERIC
instanceKlass com/android/ide/common/gradle/Version$Companion$ParseState$EMPTY
instanceKlass com/android/ide/common/gradle/Version$Companion$ParseState
instanceKlass com/android/ide/common/gradle/Version$Companion
instanceKlass com/android/ide/common/gradle/Version
instanceKlass com/android/ide/common/gradle/Component$Companion
instanceKlass com/android/ide/common/gradle/Component
instanceKlass com/android/tools/idea/gradle/project/sync/IdeModelFactoryV2Kt
instanceKlass com/android/tools/idea/gradle/model/impl/IdeAndroidLibraryImpl$Companion
instanceKlass com/android/tools/idea/gradle/model/impl/IdeAndroidLibraryImpl
instanceKlass com/android/tools/idea/gradle/model/IdeUnresolvedAndroidLibrary
instanceKlass com/android/tools/idea/gradle/model/IdeAndroidLibrary
instanceKlass com/android/tools/idea/gradle/model/IdeArtifactLibrary
instanceKlass com/android/tools/idea/gradle/model/IdeLibrary
instanceKlass com/android/tools/idea/gradle/model/IdeUnresolvedArtifactLibrary
instanceKlass com/android/tools/idea/gradle/model/IdeUnresolvedLibrary
instanceKlass com/android/tools/idea/gradle/model/LibraryReference
instanceKlass com/android/tools/idea/gradle/project/sync/InternedModels$createOrGetLibrary$1$1
instanceKlass com/android/tools/idea/gradle/project/sync/InternedModels$internAndroidLibraryV2$1$1
instanceKlass com/android/tools/idea/gradle/project/sync/LibraryIdentity$LibraryIdentityProvider$associateWithV2AndroidLibrary$1
instanceKlass kotlin/jvm/internal/Ref$BooleanRef
instanceKlass com/android/tools/idea/gradle/project/sync/LibraryIdentity$Companion
instanceKlass com/android/tools/idea/gradle/project/sync/LibraryIdentity
instanceKlass com/android/tools/idea/gradle/project/sync/ModelCacheV2ImplKt$modelCacheV2Impl$createFromDependencies$1$LibrariesByType
instanceKlass com/android/tools/idea/gradle/project/sync/ModelCacheV2ImplKt$modelCacheV2Impl$createFromDependencies$1$WhenMappings
instanceKlass com/android/tools/idea/gradle/project/sync/ModelCacheV2ImplKt$modelCacheV2Impl$createFromDependencies$1$LibraryWithDependencies
instanceKlass com/android/tools/idea/gradle/project/sync/ModelCacheV2ImplKt$modelCacheV2Impl$createFromDependencies$1$toFlatLibraryList$3$1
instanceKlass com/android/tools/idea/gradle/project/sync/ClasspathIdentifier
instanceKlass com/android/tools/idea/gradle/model/IdeModuleWellKnownSourceSet$Companion
instanceKlass com/android/tools/idea/gradle/model/IdeModuleSourceSet
instanceKlass com/android/tools/idea/gradle/project/sync/DependencyGraphCompat
instanceKlass com/android/tools/idea/gradle/project/sync/ArtifactDependenciesCompat
instanceKlass com/android/tools/idea/gradle/project/sync/VariantDependenciesCompat
instanceKlass com/android/builder/model/v2/ide/Edge
instanceKlass com/android/builder/model/v2/ide/UnresolvedDependency
instanceKlass com/android/builder/model/v2/ide/LibraryInfo
instanceKlass com/android/builder/model/v2/ide/AndroidLibraryData
instanceKlass com/android/builder/model/v2/ide/ProjectInfo
instanceKlass com/android/builder/model/v2/ide/ComponentInfo
instanceKlass com/android/builder/model/v2/ide/Library
instanceKlass com/android/builder/model/v2/ide/ArtifactDependenciesAdjacencyList
instanceKlass com/android/build/gradle/internal/ide/v2/VariantDependenciesAdjacencyListImpl$Companion
instanceKlass com/android/build/gradle/internal/ide/v2/VariantDependenciesAdjacencyListImpl
instanceKlass org/gradle/api/internal/AbstractTask$20
instanceKlass com/android/build/gradle/tasks/PackageAndroidArtifact$Companion$getPageSize$2
instanceKlass com/android/build/gradle/internal/signing/SigningConfigDataProvider$Companion
instanceKlass com/android/build/gradle/tasks/PackageAndroidArtifact$CreationAction$configure$1
instanceKlass com/android/build/api/variant/impl/BuiltArtifactsImpl
instanceKlass com/android/build/api/variant/BuiltArtifacts
instanceKlass com/android/ide/common/build/CommonBuiltArtifacts
instanceKlass com/android/build/gradle/internal/signing/SigningConfigDataProvider
instanceKlass com/android/build/gradle/internal/tasks/featuresplit/PackagedDependenciesWriterTask$CreationAction$configure$3
instanceKlass com/android/build/gradle/internal/tasks/featuresplit/PackagedDependenciesWriterTask$CreationAction$configure$2
instanceKlass com/android/build/gradle/internal/tasks/featuresplit/PackagedDependenciesWriterTaskKt$aarOrJarType$1
instanceKlass com/android/build/gradle/internal/tasks/featuresplit/PackagedDependenciesWriterTaskKt
instanceKlass com/android/build/api/component/impl/features/ManifestPlaceholdersCreationConfigImpl
instanceKlass com/android/build/gradle/internal/core/dsl/impl/features/ManifestPlaceholdersDslInfoImpl
instanceKlass com/android/build/gradle/internal/core/dsl/features/ManifestPlaceholdersDslInfo
instanceKlass com/android/build/gradle/tasks/ExtractDeepLinksTask$BaseCreationAction$configure$1$2
instanceKlass com/android/build/gradle/tasks/ExtractDeepLinksTask$BaseCreationAction$configure$1$1
instanceKlass com/android/build/gradle/internal/scope/ArtifactTypeUtil$getDirectories$1
instanceKlass com/android/build/gradle/internal/scope/ArtifactTypeUtil$getRegularFiles$1
instanceKlass com/android/build/gradle/internal/ide/v2/ProjectInfoImpl$toKeyComponent$$inlined$sortedBy$1
instanceKlass com/android/build/gradle/internal/ide/v2/ProjectInfoImpl$Companion
instanceKlass com/android/build/gradle/internal/ide/v2/ProjectInfoImpl
instanceKlass com/android/builder/model/v2/ide/ProjectInfo
instanceKlass com/android/build/gradle/internal/ide/dependencies/LibraryCacheImpl$getProjectInfo$1
instanceKlass org/gradle/api/internal/artifacts/DefaultResolvableArtifact$ResolveAction
instanceKlass org/gradle/api/internal/artifacts/ivyservice/projectmodule/ProjectArtifactResolver$ResolvingCalculator
instanceKlass org/gradle/internal/component/model/VariantWithOverloadAttributes
instanceKlass org/gradle/internal/component/local/model/DefaultLocalComponentGraphResolveState$LocalComponentArtifactResolveMetadata
instanceKlass org/gradle/api/internal/AbstractTask$14
instanceKlass com/android/build/api/artifact/impl/InAndOutDirectoryOperationRequestImpl$Companion$initializeInput$1$1
instanceKlass com/android/build/gradle/internal/signing/SigningConfigData
instanceKlass org/gradle/api/internal/artifacts/ivyservice/moduleconverter/dependencies/DefaultLocalConfigurationMetadataBuilder$NestedVariantIdentifier
instanceKlass org/gradle/api/internal/artifacts/ivyservice/projectmodule/DefaultLocalComponentRegistry$MetadataSupplier
instanceKlass com/android/build/gradle/internal/ide/dependencies/LocalJarCacheImpl$cache$1$create$$inlined$sortedBy$1
instanceKlass com/android/build/gradle/internal/ide/dependencies/LocalJarCacheImpl$cache$1$jarFiles$1
instanceKlass com/android/build/gradle/internal/ide/v2/EdgeImpl$Companion
instanceKlass com/android/build/gradle/internal/ide/v2/EdgeImpl
instanceKlass com/android/builder/model/v2/ide/Edge
instanceKlass com/android/build/gradle/internal/ide/dependencies/GraphEdgeCacheImpl$getEdge$1$1
instanceKlass com/android/build/gradle/internal/ide/v2/AndroidLibraryDataImpl$Companion
instanceKlass com/android/build/gradle/internal/ide/v2/AndroidLibraryDataImpl
instanceKlass com/android/builder/model/v2/ide/AndroidLibraryData
instanceKlass com/android/ide/common/caching/CreatingCache$1
instanceKlass com/android/ide/common/caching/CreatingCache$ValueState
instanceKlass com/android/build/gradle/internal/ide/v2/GraphItemImpl$Companion
instanceKlass com/android/build/gradle/internal/ide/v2/GraphItemImpl
instanceKlass com/android/builder/model/v2/ide/GraphItem
instanceKlass kotlin/comparisons/ComparisonsKt__ComparisonsKt
instanceKlass com/android/build/gradle/internal/ide/v2/LibraryInfoImpl$toKeyComponent$$inlined$sortedBy$1
instanceKlass com/android/build/gradle/internal/ide/v2/LibraryImpl$Companion
instanceKlass com/android/build/gradle/internal/ide/v2/LibraryImpl
instanceKlass com/android/builder/model/v2/ide/Library
instanceKlass com/android/build/gradle/internal/ide/dependencies/LibraryCacheImpl$WhenMappings
instanceKlass com/android/build/gradle/internal/ide/v2/LibraryInfoImpl$Companion
instanceKlass com/android/build/gradle/internal/ide/v2/LibraryInfoImpl
instanceKlass com/android/builder/model/v2/ide/LibraryInfo
instanceKlass com/android/builder/model/v2/ide/ComponentInfo
instanceKlass com/android/build/api/attributes/ProductFlavorAttr$Companion
instanceKlass com/android/build/api/attributes/ProductFlavorAttr
instanceKlass com/android/build/gradle/internal/ide/dependencies/LibraryServiceKt
instanceKlass com/android/build/gradle/internal/ide/dependencies/LibraryCacheImpl$getLibraryInfo$1
instanceKlass com/android/build/gradle/internal/ide/dependencies/LibraryCacheImpl$getLibrary$1$1
instanceKlass com/android/build/gradle/internal/ide/dependencies/AdditionalArtifacts
instanceKlass com/android/build/gradle/internal/ide/dependencies/FullDependencyGraphBuilderKt
instanceKlass com/google/common/collect/ImmutableMultimap$Builder
instanceKlass com/android/build/gradle/internal/testFixtures/TestFixturesUtil
instanceKlass com/android/build/gradle/internal/ide/dependencies/LibraryUtils
instanceKlass com/android/build/gradle/internal/ide/dependencies/ResolvedArtifact
instanceKlass com/android/build/gradle/internal/dependency/AarTransform$Parameters$Inject
instanceKlass com/android/build/gradle/internal/ide/dependencies/VariantKey
instanceKlass com/android/build/gradle/internal/dependency/GenericTransformParameters$Inject
instanceKlass com/android/build/gradle/internal/ide/dependencies/ArtifactUtils
instanceKlass com/google/android/gms/dependencies/VersionEvaluators$ExactVersionEvaluator
instanceKlass com/google/android/gms/dependencies/VersionEvaluators$AlwaysCompatibleEvaluator
instanceKlass com/google/android/gms/dependencies/VersionEvaluator
instanceKlass com/google/android/gms/dependencies/VersionEvaluators
instanceKlass com/google/android/gms/dependencies/Artifact$Companion
instanceKlass com/google/android/gms/dependencies/Artifact
instanceKlass com/google/android/gms/dependencies/Dependency$Companion
instanceKlass com/google/android/gms/dependencies/Dependency
instanceKlass com/google/android/gms/dependencies/ArtifactVersion$Companion
instanceKlass com/google/android/gms/dependencies/ArtifactVersion
instanceKlass org/gradle/api/internal/artifacts/ivyservice/resolveengine/excludes/simple/DefaultGroupExclude
instanceKlass org/gradle/api/internal/artifacts/ivyservice/resolveengine/graph/builder/VirtualPlatformState
instanceKlass org/gradle/api/internal/artifacts/ivyservice/ivyresolve/CachingModuleComponentRepository$1
instanceKlass org/jetbrains/kotlin/gradle/internal/StdlibDependencyManagementKt$sam$org_gradle_api_Transformer$0
instanceKlass kotlin/sequences/EmptySequence
instanceKlass kotlin/sequences/DropTakeSequence
instanceKlass org/gradle/api/internal/catalog/DependencyValueSource$Params$Inject
instanceKlass org/gradle/api/internal/provider/ValueSupplier$ExternalValueProducer
instanceKlass org/jetbrains/kotlin/gradle/internal/StdlibDependencyManagementKt$WhenMappings
instanceKlass org/jetbrains/kotlin/gradle/internal/KotlinDependenciesManagementKt$sam$org_gradle_api_specs_Spec$0
instanceKlass com/android/build/gradle/internal/ide/dependencies/Graph$Companion
instanceKlass com/android/build/gradle/internal/ide/dependencies/Graph
instanceKlass com/android/build/gradle/internal/ide/v2/ArtifactDependenciesAdjacencyListImpl$Companion
instanceKlass com/android/build/gradle/internal/ide/v2/ArtifactDependenciesAdjacencyListImpl
instanceKlass com/android/builder/model/v2/ide/ArtifactDependenciesAdjacencyList
instanceKlass com/android/build/gradle/internal/ide/dependencies/FullDependencyGraphBuilder
instanceKlass com/android/build/gradle/internal/ide/dependencies/Level1RuntimeArtifactCollections
instanceKlass com/android/build/gradle/internal/ide/dependencies/ArtifactCollections
instanceKlass com/android/build/gradle/internal/ide/dependencies/BuildIdentifierMethods$getBuildTreePath$1
instanceKlass com/android/build/gradle/internal/ide/dependencies/BuildIdentifierMethods
instanceKlass com/android/build/gradle/internal/ide/dependencies/ArtifactCollectionsInputsImpl
instanceKlass com/android/build/gradle/internal/ide/dependencies/ArtifactCollectionsInputs
instanceKlass com/android/build/gradle/internal/ide/dependencies/LibraryServiceImpl
instanceKlass com/android/build/gradle/internal/ide/dependencies/LibraryService
instanceKlass com/android/build/gradle/internal/ide/dependencies/LocalJarCacheImpl$cache$1
instanceKlass com/android/ide/common/caching/CreatingCache$ValueFactory
instanceKlass com/android/ide/common/caching/CreatingCache
instanceKlass com/android/build/gradle/internal/ide/dependencies/GraphEdgeCacheImpl
instanceKlass com/android/build/gradle/internal/ide/dependencies/LibraryCacheImpl
instanceKlass com/android/build/gradle/internal/ide/dependencies/LocalJarCacheImpl
instanceKlass com/android/build/gradle/internal/ide/dependencies/StringCacheImpl
instanceKlass com/android/build/gradle/internal/ide/dependencies/GraphEdgeCache
instanceKlass com/android/build/gradle/internal/ide/dependencies/LocalJarCache
instanceKlass com/android/build/gradle/internal/ide/dependencies/LibraryCache
instanceKlass com/android/build/gradle/internal/ide/dependencies/StringCache
instanceKlass com/android/build/gradle/internal/ide/v2/GlobalSyncService$Parameters$Inject
instanceKlass com/android/builder/model/v2/models/ModelBuilderParameter
instanceKlass com/android/tools/idea/gradle/project/sync/ModelFetchersKt$findVariantDependenciesV2Model$findModel$1
instanceKlass com/android/builder/model/v2/models/ModelBuilderParameter
instanceKlass com/android/tools/idea/gradle/project/sync/FetchedVariantResult
instanceKlass com/android/tools/idea/gradle/project/sync/FetchedVariant
instanceKlass com/android/tools/idea/gradle/project/sync/ModuleConfiguration
instanceKlass com/android/tools/idea/gradle/project/sync/VariantDiscoveryKt
instanceKlass kotlin/sequences/FilteringSequence$iterator$1
instanceKlass kotlin/sequences/SequencesKt___SequencesKt$sortedWith$1
instanceKlass com/android/tools/idea/gradle/project/sync/VariantDiscovery$prepareRequestedOrDefaultModuleConfigurations$$inlined$sortedBy$1
instanceKlass kotlin/sequences/FilteringSequence
instanceKlass com/android/tools/idea/gradle/project/sync/SyncProjectActionWorker$populateAndroidModels$2$variantDiscovery$1
instanceKlass kotlin/jvm/internal/FunctionAdapter
instanceKlass com/android/tools/idea/gradle/project/sync/AndroidProjectPathResolver
instanceKlass com/android/tools/idea/gradle/project/sync/VariantDiscovery
instanceKlass kotlin/jvm/functions/Function4
instanceKlass com/android/tools/idea/gradle/project/sync/AndroidProjectResultKt
instanceKlass com/android/build/gradle/internal/cxx/logging/LoggingEnvironmentKt
instanceKlass com/android/build/gradle/internal/cxx/configure/NativeModelBuilderOutcome$Outcome$1
instanceKlass com/android/build/gradle/internal/profile/WorkerProfilingRecord
instanceKlass com/android/build/gradle/internal/profile/TaskProfilingRecord
instanceKlass com/google/wireless/android/sdk/stats/AndroidStudioEventOrBuilder
instanceKlass com/google/wireless/android/sdk/stats/GradleTransformExecutionOrBuilder
instanceKlass com/android/build/gradle/internal/profile/AnalyticsService$Params$Inject
instanceKlass com/android/build/gradle/internal/cxx/configure/NativeModelBuilderOutcomeOrBuilder
instanceKlass com/android/builder/model/v2/models/ndk/NativeModelBuilderParameter
instanceKlass com/android/tools/idea/gradle/project/sync/ModelFetchersKt$findNativeModuleModel$1
instanceKlass com/android/builder/model/v2/models/ndk/NativeModelBuilderParameter
instanceKlass com/android/tools/idea/gradle/project/sync/VariantNameResolutionKt$buildVariantNameResolver$1
instanceKlass com/android/tools/idea/gradle/project/sync/AndroidVariantResolver
instanceKlass com/android/tools/idea/gradle/project/sync/VariantNameResolutionKt
instanceKlass com/android/tools/idea/gradle/model/impl/IdeVariantCoreImpl
instanceKlass com/android/tools/idea/gradle/model/IdeVariantCore
instanceKlass com/android/tools/idea/gradle/model/IdeVariantHeader
instanceKlass kotlin/jvm/internal/Intrinsics$Kotlin
instanceKlass com/google/common/collect/PeekingIterator
instanceKlass com/google/common/collect/Iterators
instanceKlass com/android/tools/idea/gradle/model/impl/IdeTestOptionsImpl
instanceKlass com/android/tools/idea/gradle/model/IdeTestOptions
instanceKlass com/android/tools/idea/gradle/model/impl/IdeJavaArtifactCoreImpl
instanceKlass com/android/tools/idea/gradle/model/IdeJavaArtifactCore
instanceKlass com/android/tools/idea/gradle/model/impl/IdeAndroidArtifactCoreImpl
instanceKlass com/android/tools/idea/gradle/model/IdeAndroidArtifactCore
instanceKlass com/android/tools/idea/gradle/model/IdeBaseArtifactCore
instanceKlass com/google/common/collect/ImmutableSet$SetBuilderImpl
instanceKlass com/android/tools/idea/gradle/model/impl/IdeDependenciesImplKt$throwingIdeDependencies$1
instanceKlass com/android/tools/idea/gradle/model/impl/IdeDependenciesCoreDirect
instanceKlass com/android/tools/idea/gradle/model/impl/IdeDependenciesCoreImpl
instanceKlass com/android/tools/idea/gradle/model/IdeDependenciesCore
instanceKlass com/android/tools/idea/gradle/model/impl/IdeDependenciesImplKt
instanceKlass com/google/common/collect/Lists$ReverseList$1
instanceKlass kotlin/collections/EmptyIterator
instanceKlass com/android/tools/idea/gradle/model/impl/IdeAndroidProjectImpl
instanceKlass com/android/tools/idea/gradle/model/IdeAndroidProject
instanceKlass com/android/tools/idea/gradle/model/impl/IdeMultiVariantDataImpl
instanceKlass com/android/tools/idea/gradle/model/IdeMultiVariantData
instanceKlass com/android/tools/idea/gradle/model/impl/IdeProjectPathImpl
instanceKlass com/android/tools/idea/gradle/model/IdeProjectPath
instanceKlass com/android/tools/idea/gradle/project/sync/ModelResult$Companion$create$context$1
instanceKlass com/android/tools/idea/gradle/project/sync/ModelResult$Context
instanceKlass com/android/tools/idea/gradle/project/sync/ModelResult$Companion
instanceKlass com/android/tools/idea/gradle/project/sync/ModelResult
instanceKlass com/android/tools/idea/gradle/model/impl/IdeAndroidGradlePluginProjectFlagsImpl
instanceKlass com/android/tools/idea/gradle/model/IdeAndroidGradlePluginProjectFlags
instanceKlass com/android/tools/idea/gradle/model/impl/IdeDependenciesInfoImpl
instanceKlass com/android/tools/idea/gradle/model/IdeDependenciesInfo
instanceKlass com/android/tools/idea/gradle/model/impl/IdeViewBindingOptionsImpl
instanceKlass com/android/tools/idea/gradle/model/IdeViewBindingOptions
instanceKlass com/android/tools/idea/gradle/model/impl/IdeBuildTasksAndOutputInformationImpl
instanceKlass com/android/tools/idea/gradle/model/IdeBuildTasksAndOutputInformation
instanceKlass com/android/tools/idea/gradle/model/impl/IdeVariantBuildInformationImpl
instanceKlass com/android/tools/idea/gradle/model/IdeVariantBuildInformation
instanceKlass com/android/tools/idea/gradle/project/sync/ModelCacheV2ImplKt$WhenMappings
instanceKlass com/android/tools/idea/gradle/model/impl/IdeAaptOptionsImpl
instanceKlass com/android/tools/idea/gradle/model/IdeAaptOptions
instanceKlass com/android/tools/idea/gradle/model/impl/IdeJavaCompileOptionsImpl
instanceKlass com/android/tools/idea/gradle/model/IdeJavaCompileOptions
instanceKlass com/android/tools/idea/gradle/model/impl/IdeLintOptionsImpl
instanceKlass com/android/tools/idea/gradle/model/IdeLintOptions
instanceKlass com/android/tools/idea/gradle/model/impl/IdeSigningConfigImpl
instanceKlass com/android/tools/idea/gradle/model/IdeSigningConfig
instanceKlass com/android/tools/idea/gradle/model/impl/IdeBasicVariantImpl
instanceKlass com/android/tools/idea/gradle/model/IdeBasicVariant
instanceKlass com/android/builder/model/v2/ide/PrivacySandboxSdkInfo
instanceKlass com/android/builder/model/v2/ide/TestedTargetVariant
instanceKlass com/android/tools/idea/gradle/model/impl/IdeBuildTypeContainerImpl
instanceKlass com/android/tools/idea/gradle/model/IdeBuildTypeContainer
instanceKlass com/android/tools/idea/gradle/model/impl/IdeBuildTypeImpl
instanceKlass com/android/tools/idea/gradle/model/IdeBuildType
instanceKlass com/android/tools/idea/gradle/model/impl/IdeSourceProviderContainerImpl
instanceKlass com/android/tools/idea/gradle/model/IdeSourceProviderContainer
instanceKlass com/android/tools/idea/gradle/model/impl/IdeExtraSourceProviderImpl
instanceKlass com/android/tools/idea/gradle/model/IdeExtraSourceProvider
instanceKlass com/android/tools/idea/gradle/model/impl/IdeSourceProviderImpl
instanceKlass com/android/tools/idea/gradle/model/IdeSourceProvider
instanceKlass com/android/tools/idea/gradle/model/impl/IdeCustomSourceDirectoryImpl
instanceKlass com/android/tools/idea/gradle/model/IdeCustomSourceDirectory
instanceKlass kotlin/io/FilePathComponents
instanceKlass kotlin/text/StringsKt__AppendableKt
instanceKlass kotlin/io/FilesKt__FilePathComponentsKt
instanceKlass com/android/tools/idea/gradle/model/impl/IdeProductFlavorImpl
instanceKlass com/android/tools/idea/gradle/model/IdeProductFlavor
instanceKlass com/android/tools/idea/gradle/model/IdeBaseConfig
instanceKlass com/android/tools/idea/gradle/model/impl/IdeApiVersionImpl
instanceKlass com/android/tools/idea/gradle/model/IdeApiVersion
instanceKlass com/android/tools/idea/gradle/model/impl/IdeVectorDrawablesOptionsImpl
instanceKlass com/android/tools/idea/gradle/model/IdeVectorDrawablesOptions
instanceKlass kotlin/jvm/internal/CollectionToArray
instanceKlass com/google/common/collect/AbstractMapEntry
instanceKlass com/google/common/base/Function
instanceKlass com/google/common/collect/Iterables
instanceKlass com/google/common/collect/BiMap
instanceKlass com/google/common/collect/ImmutableMap
instanceKlass kotlin/comparisons/ComparisonsKt__ComparisonsKt
instanceKlass com/android/tools/idea/gradle/project/sync/DefaultVariantsKt$getDefaultVariant$$inlined$thenBy$2
instanceKlass com/android/tools/idea/gradle/project/sync/DefaultVariantsKt$getDefaultVariant$$inlined$thenBy$1
instanceKlass kotlin/collections/IntIterator
instanceKlass com/android/tools/idea/gradle/project/sync/DefaultVariantsKt$getDefaultVariant$$inlined$compareBy$1
instanceKlass kotlin/internal/ProgressionUtilKt
instanceKlass kotlin/ranges/IntRange$Companion
instanceKlass kotlin/ranges/IntProgression$Companion
instanceKlass kotlin/ranges/IntProgression
instanceKlass kotlin/ranges/OpenEndRange
instanceKlass kotlin/ranges/ClosedRange
instanceKlass kotlin/collections/EmptySet
instanceKlass com/android/tools/idea/gradle/project/sync/BuildTypeDef
instanceKlass com/android/tools/idea/gradle/project/sync/VariantDef
instanceKlass com/android/tools/idea/gradle/project/sync/DefaultVariantsKt
instanceKlass com/android/tools/idea/gradle/project/sync/AndroidProjectResult$Companion
instanceKlass com/android/tools/idea/gradle/project/sync/AndroidProjectResult
instanceKlass com/android/tools/idea/gradle/project/sync/ModelCacheV2ImplKt$modelCacheV2Impl$1
instanceKlass com/android/tools/idea/gradle/project/sync/ModelCache$V2
instanceKlass com/android/tools/idea/gradle/project/sync/ModelCache
instanceKlass com/android/tools/idea/gradle/project/sync/IdeModelFactoryV2
instanceKlass com/android/tools/idea/gradle/project/sync/ModelCacheV2ImplKt
instanceKlass com/android/ide/gradle/model/impl/GradlePropertiesModelImpl
instanceKlass com/android/ide/gradle/model/GradlePropertiesModel
instanceKlass com/android/builder/model/v2/dsl/SigningConfig
instanceKlass com/android/builder/model/v2/dsl/BuildType
instanceKlass com/android/builder/model/v2/ide/VectorDrawablesOptions
instanceKlass com/android/builder/model/v2/dsl/ClassField
instanceKlass com/android/builder/model/v2/dsl/ProductFlavor
instanceKlass com/android/builder/model/v2/dsl/BaseConfig
instanceKlass com/android/builder/model/v2/dsl/DependenciesInfo
instanceKlass com/android/builder/model/v2/ide/LintOptions
instanceKlass com/android/builder/model/v2/ide/AaptOptions
instanceKlass com/android/build/gradle/internal/ide/v2/AndroidDslImpl$Companion
instanceKlass com/android/build/gradle/internal/ide/v2/AndroidDslImpl
instanceKlass com/android/build/gradle/internal/ide/v2/LintOptionsImpl$Companion
instanceKlass com/android/build/gradle/internal/ide/v2/LintOptionsImpl
instanceKlass com/android/builder/model/v2/ide/LintOptions
instanceKlass com/android/build/gradle/internal/ide/v2/AaptOptionsImpl$Companion
instanceKlass com/android/build/gradle/internal/ide/v2/AaptOptionsImpl
instanceKlass com/android/builder/model/v2/ide/AaptOptions
instanceKlass com/android/build/gradle/internal/ide/v2/SigningConfigImpl$Companion
instanceKlass com/android/build/gradle/internal/ide/v2/SigningConfigImpl
instanceKlass com/android/builder/model/v2/dsl/SigningConfig
instanceKlass com/android/build/gradle/internal/ide/v2/DependenciesInfoImpl$Companion
instanceKlass com/android/build/gradle/internal/ide/v2/DependenciesInfoImpl
instanceKlass com/android/builder/model/v2/dsl/DependenciesInfo
instanceKlass com/android/build/gradle/internal/ide/v2/BuildTypeImpl$Companion
instanceKlass com/android/build/gradle/internal/ide/v2/BuildTypeImpl
instanceKlass com/android/builder/model/v2/dsl/BuildType
instanceKlass com/android/build/gradle/internal/ide/v2/ProductFlavorImpl$Companion
instanceKlass com/android/build/gradle/internal/ide/v2/ProductFlavorImpl
instanceKlass com/android/builder/model/v2/dsl/ProductFlavor
instanceKlass com/android/builder/model/v2/dsl/BaseConfig
instanceKlass com/android/build/gradle/internal/ide/v2/VectorDrawableOptionsImpl$Companion
instanceKlass com/android/build/gradle/internal/ide/v2/VectorDrawableOptionsImpl
instanceKlass com/android/builder/model/v2/ide/VectorDrawablesOptions
instanceKlass com/android/builder/model/v2/ide/TestInfo
instanceKlass com/android/builder/model/v2/ide/PrivacySandboxSdkInfo
instanceKlass com/android/builder/model/v2/ide/ApiVersion
instanceKlass com/android/builder/model/v2/ide/BundleInfo
instanceKlass com/android/builder/model/v2/ide/JavaArtifact
instanceKlass com/android/builder/model/v2/ide/AndroidArtifact
instanceKlass com/android/builder/model/v2/ide/AbstractArtifact
instanceKlass com/android/builder/model/v2/ide/TestedTargetVariant
instanceKlass com/android/builder/model/v2/ide/Variant
instanceKlass com/android/builder/model/v2/ide/ViewBindingOptions
instanceKlass com/android/builder/model/v2/ide/JavaCompileOptions
instanceKlass com/android/builder/model/v2/ide/AndroidGradlePluginProjectFlags
instanceKlass com/android/build/gradle/internal/ide/v2/AndroidProjectImpl$Companion
instanceKlass com/android/build/gradle/internal/ide/v2/AndroidProjectImpl
instanceKlass com/android/build/gradle/internal/lint/CustomLintCheckUtils$getLocalCustomLintChecks$1$1
instanceKlass com/android/build/gradle/internal/lint/CustomLintCheckUtils$getLocalCustomLintChecks$1
instanceKlass com/android/build/gradle/internal/lint/CustomLintCheckUtils
instanceKlass com/android/build/gradle/internal/ide/v2/AndroidGradlePluginProjectFlagsImpl$Companion
instanceKlass com/android/build/gradle/internal/ide/v2/AndroidGradlePluginProjectFlagsImpl
instanceKlass com/android/builder/model/v2/ide/AndroidGradlePluginProjectFlags
instanceKlass com/android/build/gradle/internal/ide/v2/ViewBindingOptionsImpl$Companion
instanceKlass com/android/build/gradle/internal/ide/v2/ViewBindingOptionsImpl
instanceKlass com/android/builder/model/v2/ide/ViewBindingOptions
instanceKlass com/android/build/gradle/internal/ide/v2/JavaCompileOptionsImpl$Companion
instanceKlass com/android/build/gradle/internal/ide/v2/JavaCompileOptionsImpl
instanceKlass com/android/builder/model/v2/ide/JavaCompileOptions
instanceKlass org/jetbrains/kotlin/gradle/tooling/BuildKotlinToolingMetadataTask$Companion
instanceKlass org/jetbrains/kotlin/tooling/KotlinToolingMetadata
instanceKlass com/android/build/gradle/internal/ide/v2/VariantImpl$Companion
instanceKlass com/android/build/gradle/internal/ide/v2/VariantImpl
instanceKlass com/android/builder/model/v2/ide/Variant
instanceKlass javax/xml/stream/events/EndElement
instanceKlass javax/xml/stream/events/Characters
instanceKlass com/sun/org/apache/xerces/internal/util/NamespaceSupport$Prefixes
instanceKlass javax/xml/stream/events/Namespace
instanceKlass javax/xml/stream/events/Attribute
instanceKlass javax/xml/stream/events/StartElement
instanceKlass com/sun/org/apache/xerces/internal/impl/XMLStreamReaderImpl$1
instanceKlass com/sun/xml/internal/stream/events/DummyEvent$DummyLocation
instanceKlass javax/xml/stream/Location
instanceKlass com/sun/xml/internal/stream/events/DummyEvent
instanceKlass javax/xml/stream/events/StartDocument
instanceKlass javax/xml/stream/events/XMLEvent
instanceKlass com/sun/xml/internal/stream/events/XMLEventAllocatorImpl
instanceKlass javax/xml/stream/util/XMLEventAllocator
instanceKlass com/sun/org/apache/xerces/internal/util/NamespaceContextWrapper
instanceKlass com/sun/org/apache/xerces/internal/impl/XMLStreamReaderImpl
instanceKlass javax/xml/stream/XMLStreamReader
instanceKlass javax/xml/stream/XMLStreamConstants
instanceKlass com/sun/xml/internal/stream/XMLEventReaderImpl
instanceKlass javax/xml/stream/XMLEventReader
instanceKlass com/sun/org/apache/xerces/internal/impl/PropertyManager
instanceKlass javax/xml/stream/FactoryFinder$1
instanceKlass javax/xml/stream/FactoryFinder
instanceKlass javax/xml/stream/XMLInputFactory
instanceKlass org/gradle/api/internal/provider/DefaultMapProperty$FixedSupplier
instanceKlass com/android/build/api/dsl/TestExtension
instanceKlass com/android/build/gradle/internal/ide/v2/JavaArtifactImpl$Companion
instanceKlass com/android/build/gradle/internal/ide/v2/JavaArtifactImpl
instanceKlass com/android/builder/model/v2/ide/JavaArtifact
instanceKlass com/android/build/gradle/internal/dependency/MockableJarTransform$Parameters$Inject
instanceKlass com/android/build/gradle/internal/AndroidTestTaskManager$createMockableJarTask$1$1
instanceKlass org/gradle/internal/component/external/model/ProjectDerivedCapability
instanceKlass com/android/build/gradle/internal/tasks/factory/BootClasspathConfigImpl$mockableJarArtifact$2$1
instanceKlass com/android/build/gradle/internal/tasks/factory/BootClasspathConfigImpl$mockableJarArtifact$2$attributes$1
instanceKlass org/gradle/api/internal/tasks/properties/CacheableOutputFilePropertySpec
instanceKlass org/gradle/internal/MutableBoolean
instanceKlass com/android/build/gradle/internal/tasks/ProcessJavaResTask$CreationAction$fromProjectJavaResJars$1$2
instanceKlass com/android/build/gradle/internal/tasks/ProcessJavaResTask$CreationAction$fromProjectJavaResJars$1$1
instanceKlass com/android/build/gradle/internal/tasks/MergeJavaResourceTask$Companion$predicate$1
instanceKlass com/android/build/gradle/internal/tasks/MergeJavaResourceTask$Companion
instanceKlass com/android/build/gradle/internal/tasks/ProcessJavaResTask$CreationAction$getProjectJavaRes$3$1
instanceKlass com/android/build/gradle/internal/tasks/ProcessJavaResTask$CreationAction$getProjectJavaRes$2
instanceKlass com/android/build/api/variant/impl/FlatSourceDirectoriesImpl$getAsFileTrees$1
instanceKlass org/gradle/api/internal/tasks/DefaultTaskInputPropertyRegistration
instanceKlass org/gradle/api/internal/tasks/TaskInputPropertyRegistration
instanceKlass org/gradle/api/internal/file/copy/DefaultCopySpec$DefaultCopySpecAddress
instanceKlass org/gradle/api/internal/file/copy/DefaultCopySpec$DefaultCopySpecResolver
instanceKlass org/gradle/api/internal/file/copy/PathNotationConverter
instanceKlass org/gradle/api/file/FileCopyDetails
instanceKlass org/gradle/api/internal/file/copy/CopySpecInternal$CopySpecListener
instanceKlass org/gradle/api/internal/file/copy/CopySpecInternal$CopySpecVisitor
instanceKlass org/gradle/api/internal/file/copy/DefaultCopySpec
instanceKlass org/gradle/api/file/ConfigurableFilePermissions
instanceKlass org/gradle/api/internal/file/copy/DelegatingCopySpecInternal
instanceKlass com/google/common/base/Verify
instanceKlass com/android/build/gradle/internal/ide/v2/TestInfoImpl$Companion
instanceKlass com/android/build/gradle/internal/ide/v2/TestInfoImpl
instanceKlass com/android/builder/model/v2/ide/TestInfo
instanceKlass com/android/build/gradle/internal/ide/v2/ModelBuilder$createAndroidArtifact$testInfo$1
instanceKlass com/android/build/api/variant/impl/SingleOutputHandler$singleOutputFileName$1
instanceKlass com/android/build/gradle/internal/ide/v2/AndroidArtifactImpl$Companion
instanceKlass com/android/build/gradle/internal/ide/v2/AndroidArtifactImpl
instanceKlass com/android/builder/model/v2/ide/AndroidArtifact
instanceKlass com/android/builder/model/v2/ide/AbstractArtifact
instanceKlass org/gradle/internal/execution/steps/ExecuteWorkBuildOperationFiringStep$ExecuteWorkResult
instanceKlass org/gradle/operations/execution/ExecuteWorkBuildOperationType$Result
instanceKlass org/gradle/operations/execution/FilePropertyVisitor
instanceKlass org/gradle/api/internal/tasks/BaseSnapshotInputsBuildOperationResult
instanceKlass org/gradle/operations/dependencies/transforms/SnapshotTransformInputsBuildOperationType$Result
instanceKlass org/gradle/api/internal/tasks/properties/AbstractPropertySpec
instanceKlass org/gradle/api/internal/tasks/properties/InputFilePropertySpec
instanceKlass org/gradle/internal/operations/DefaultBuildOperationRunner$3$1
instanceKlass org/gradle/internal/operations/DefaultBuildOperationRunner$3
instanceKlass org/gradle/internal/execution/steps/ExecuteWorkBuildOperationFiringStep$ExecuteWorkDetails
instanceKlass org/gradle/operations/execution/ExecuteWorkBuildOperationType$Details
instanceKlass org/gradle/api/internal/artifacts/transform/DefaultTransform$FingerprintTransformInputsOperation$Result$1
instanceKlass org/gradle/api/internal/artifacts/transform/DefaultTransform$FingerprintTransformInputsOperation$Result
instanceKlass org/gradle/api/internal/tasks/properties/InputParameterUtils
instanceKlass org/gradle/api/internal/artifacts/transform/DefaultTransform$1
instanceKlass org/gradle/api/internal/artifacts/transform/DefaultTransform$FingerprintTransformInputsOperation$Details$1
instanceKlass org/gradle/api/internal/artifacts/transform/DefaultTransform$FingerprintTransformInputsOperation$Details
instanceKlass org/gradle/api/internal/artifacts/transform/DefaultTransform$IsolateTransformParameters$2
instanceKlass com/android/build/gradle/internal/utils/D8BackportedMethodsGenerator$Parameters$Inject
instanceKlass com/android/build/gradle/internal/utils/DesugarLibUtils$getD8DesugarMethodFileFromTransform$1$1
instanceKlass com/android/build/gradle/internal/utils/DesugarLibUtils$getD8DesugarMethodFileFromTransform$1
instanceKlass org/gradle/api/file/FilePermissions
instanceKlass org/gradle/api/internal/file/AbstractFileTreeElement
instanceKlass org/gradle/api/file/FileVisitDetails
instanceKlass org/gradle/api/internal/file/AttributeBasedFileVisitDetailsFactory
instanceKlass org/gradle/api/internal/file/collections/PathVisitor
instanceKlass org/gradle/api/file/ReproducibleFileVisitor
instanceKlass org/gradle/api/file/RelativePath
instanceKlass org/gradle/api/file/EmptyFileVisitor
instanceKlass org/gradle/api/internal/file/collections/FileTreeAdapter$1
instanceKlass org/gradle/api/internal/file/collections/MinimalFileTree$MinimalFileTreeStructureVisitor
instanceKlass com/google/common/collect/Streams
instanceKlass com/android/build/api/variant/impl/FlatSourceDirectoriesImpl$variantSourcesFileCollectionForModel$2$1
instanceKlass com/android/build/gradle/internal/ide/Utils
instanceKlass com/android/build/gradle/internal/ide/v2/BundleInfoImpl$Companion
instanceKlass com/android/build/gradle/internal/ide/v2/BundleInfoImpl
instanceKlass com/android/builder/model/v2/ide/BundleInfo
instanceKlass com/android/build/gradle/internal/ide/v2/ApiVersionImpl$Companion
instanceKlass com/android/build/gradle/internal/ide/v2/ApiVersionImpl
instanceKlass com/android/builder/model/v2/ide/ApiVersion
instanceKlass com/android/build/gradle/internal/component/TestVariantCreationConfig
instanceKlass com/android/build/api/variant/impl/MultiOutputHandlerImplBase
instanceKlass com/android/build/api/variant/MultiOutputHandler$Companion
instanceKlass com/android/build/gradle/internal/SdkComponentsKt
instanceKlass com/android/build/gradle/internal/tasks/VariantAwareTaskKt
instanceKlass com/android/build/api/variant/MultiOutputHandler
instanceKlass com/android/build/gradle/internal/res/LinkApplicationAndroidResourcesTask$Companion
instanceKlass com/android/build/gradle/internal/AndroidJarInput
instanceKlass org/jetbrains/kotlin/config/MavenComparableVersion$IntegerItem
instanceKlass org/jetbrains/kotlin/config/MavenComparableVersion$Item
instanceKlass org/jetbrains/kotlin/config/MavenComparableVersion
instanceKlass org/jetbrains/kotlin/config/ApiVersion$Companion
instanceKlass org/jetbrains/kotlin/config/ApiVersion
instanceKlass org/jetbrains/kotlin/gradle/plugin/sources/DefaultLanguageSettingsBuilderKt
instanceKlass org/gradle/api/internal/provider/OrElseValueProducer
instanceKlass org/jetbrains/kotlin/gradle/dsl/KotlinCommonOptions$DefaultImpls
instanceKlass org/jetbrains/kotlin/gradle/tasks/configuration/BaseKotlinCompileConfig$2$1$2
instanceKlass org/jetbrains/kotlin/gradle/tasks/configuration/KotlinCompileConfigKt$sam$org_gradle_api_Transformer$0
instanceKlass org/jetbrains/kotlin/gradle/tasks/configuration/AbstractKotlinCompileConfig$4$6
instanceKlass org/jetbrains/kotlin/gradle/tasks/configuration/AbstractKotlinCompileConfig$4$5
instanceKlass org/jetbrains/kotlin/gradle/tasks/configuration/AbstractKotlinCompileConfig$4$4
instanceKlass org/jetbrains/kotlin/gradle/tasks/configuration/AbstractKotlinCompileConfig$4$3
instanceKlass org/jetbrains/kotlin/gradle/tasks/configuration/AbstractKotlinCompileConfig$4$2$1
instanceKlass org/jetbrains/kotlin/gradle/tasks/configuration/AbstractKotlinCompileConfig$2$8
instanceKlass org/jetbrains/kotlin/gradle/tasks/KotlinCompilerExecutionStrategy$Companion
instanceKlass org/jetbrains/kotlin/gradle/tasks/configuration/AbstractKotlinCompileConfig$sam$org_gradle_api_Transformer$0
instanceKlass org/jetbrains/kotlin/gradle/plugin/mpp/compilationImpl/KotlinCompilationK2MultiplatformConfigurator$configure$1$2
instanceKlass org/jetbrains/kotlin/gradle/plugin/mpp/compilationImpl/KotlinCompilationK2MultiplatformConfigurator$configure$1$1
instanceKlass org/jetbrains/kotlin/gradle/plugin/mpp/KotlinCompilationsKt$sam$java_util_concurrent_Callable$0
instanceKlass org/jetbrains/kotlin/gradle/tasks/UsesKotlinJavaToolchain$DefaultImpls
instanceKlass org/jetbrains/kotlin/gradle/tasks/KotlinCompile$ScriptFilterSpec
instanceKlass org/jetbrains/kotlin/gradle/tasks/KotlinCompile$sam$org_gradle_api_Action$0
instanceKlass org/jetbrains/kotlin/gradle/tasks/K2MultiplatformStructure$RefinesEdge
instanceKlass org/jetbrains/kotlin/gradle/tasks/K2MultiplatformStructure$Fragment
instanceKlass org/jetbrains/kotlin/gradle/tasks/internal/KotlinJvmOptionsCompat
instanceKlass org/jetbrains/kotlin/gradle/tasks/AbstractKotlinCompile$sam$org_gradle_api_Transformer$0
instanceKlass org/jetbrains/kotlin/gradle/tasks/DefaultKotlinJavaToolchain$DefaultJavaToolchainSetter
instanceKlass org/jetbrains/kotlin/gradle/tasks/DefaultKotlinJavaToolchain$DefaultJdkSetter
instanceKlass org/jetbrains/kotlin/gradle/utils/ProviderApiUtilsKt
instanceKlass org/jetbrains/kotlin/gradle/tasks/KotlinJavaToolchain$JdkSetter
instanceKlass org/jetbrains/kotlin/gradle/tasks/KotlinJavaToolchain$JavaToolchainSetter
instanceKlass kotlin/collections/CharIterator
instanceKlass kotlin/ranges/CharRange$Companion
instanceKlass kotlin/ranges/CharProgression$Companion
instanceKlass kotlin/ranges/CharProgression
instanceKlass org/jetbrains/kotlin/compilerRunner/GradleCompilerRunner$Companion
instanceKlass java/net/InetAddress$CachedLocalHost
instanceKlass org/jetbrains/kotlin/gradle/report/BuildReportsService$Companion
instanceKlass org/jetbrains/kotlin/gradle/report/BuildReportsService
instanceKlass org/jetbrains/kotlin/gradle/tasks/CacheableTasksKt$sam$org_gradle_api_specs_Spec$0
instanceKlass org/jetbrains/kotlin/gradle/tasks/CacheableTasksKt
instanceKlass org/jetbrains/kotlin/build/report/metrics/GcMetrics
instanceKlass org/jetbrains/kotlin/build/report/metrics/BuildAttribute$Companion
instanceKlass org/jetbrains/kotlin/build/report/metrics/BuildAttributeKind$Companion
instanceKlass org/jetbrains/kotlin/build/report/metrics/BuildAttributes$Companion
instanceKlass org/jetbrains/kotlin/build/report/metrics/BuildAttributes
instanceKlass org/jetbrains/kotlin/build/report/metrics/BuildPerformanceMetrics$Companion
instanceKlass org/jetbrains/kotlin/build/report/metrics/BuildPerformanceMetrics
instanceKlass org/jetbrains/kotlin/build/report/metrics/BuildTimes$Companion
instanceKlass org/jetbrains/kotlin/build/report/metrics/BuildTimes
instanceKlass org/jetbrains/kotlin/build/report/metrics/BuildMetricsReporterImpl
instanceKlass org/jetbrains/kotlin/gradle/utils/FileUtilsKt
instanceKlass org/jetbrains/kotlin/build/SourcesUtilsKt
instanceKlass org/gradle/internal/work/DefaultConditionalExecutionQueue
instanceKlass org/gradle/internal/service/scopes/Scopes$Project
instanceKlass org/gradle/workers/internal/IsolatedParametersActionExecutionSpec
instanceKlass org/gradle/workers/WorkQueue
instanceKlass org/gradle/workers/WorkerSpec
instanceKlass org/gradle/workers/internal/WorkerRequirement
instanceKlass org/gradle/internal/work/AsyncWorkCompletion
instanceKlass org/gradle/internal/work/ConditionalExecution
instanceKlass org/gradle/workers/internal/DefaultWorkerExecutor
instanceKlass org/gradle/workers/internal/DefaultWorkerServer
instanceKlass org/gradle/workers/WorkParameters$None
instanceKlass org/gradle/workers/WorkParameters
instanceKlass org/gradle/workers/WorkAction
instanceKlass org/gradle/workers/internal/Worker
instanceKlass org/gradle/workers/internal/NoIsolationWorkerFactory
instanceKlass org/gradle/internal/work/DefaultConditionalExecutionQueueFactory
instanceKlass org/gradle/workers/internal/ClassLoaderStructure
instanceKlass org/jetbrains/kotlin/gradle/plugin/CompilerPluginConfig
instanceKlass org/jetbrains/kotlin/gradle/tasks/KotlinCompilerPluginData
instanceKlass org/jetbrains/kotlin/gradle/tasks/GradleCompileTaskProvider
instanceKlass org/jetbrains/kotlin/compilerRunner/GradleCompilerRunner
instanceKlass org/jetbrains/kotlin/daemon/common/MultiModuleICSettings
instanceKlass org/jetbrains/kotlin/gradle/logging/GradleKotlinLogger
instanceKlass org/jetbrains/kotlin/compilerRunner/KotlinLogger
instanceKlass org/jetbrains/kotlin/incremental/ChangedFiles
instanceKlass org/jetbrains/kotlin/build/report/statistics/BuildStartParameters
instanceKlass org/jetbrains/kotlin/gradle/tasks/TaskOutputsBackup
instanceKlass org/jetbrains/kotlin/incremental/ClasspathChanges
instanceKlass org/jetbrains/kotlin/gradle/tasks/K2MultiplatformStructure
instanceKlass org/jetbrains/kotlin/gradle/tasks/KotlinCompile$ClasspathSnapshotProperties
instanceKlass org/jetbrains/kotlin/gradle/plugin/KotlinCompilerArgumentsProducer$CreateCompilerArgumentsContext
instanceKlass org/jetbrains/kotlin/cli/common/arguments/Freezable
instanceKlass com/android/build/gradle/internal/scope/ArtifactTypeUtil
instanceKlass com/android/build/gradle/tasks/JavaCompileKt$recordAnnotationProcessors$1
instanceKlass org/gradle/api/internal/tasks/AbstractTaskFilePropertyRegistration
instanceKlass org/gradle/internal/properties/StaticValue
instanceKlass com/android/build/gradle/tasks/JavaCompileOptionsForRoom
instanceKlass com/android/build/gradle/tasks/JavaCompileKt
instanceKlass com/android/build/gradle/tasks/CommandLineArgumentProviderAdapter
instanceKlass org/gradle/api/internal/AbstractTask$TaskActionWrapper
instanceKlass org/gradle/api/internal/AbstractTask$13
instanceKlass com/android/build/gradle/tasks/JavaCompileUtils$checkReleaseFlag$1
instanceKlass org/gradle/api/internal/AbstractTask$12
instanceKlass org/gradle/api/internal/lambdas/SerializableLambdas$SerializableSpec
instanceKlass org/gradle/api/internal/tasks/compile/CompilerForkUtils
instanceKlass org/gradle/api/internal/tasks/compile/incremental/recomp/AbstractRecompilationSpecProvider
instanceKlass org/gradle/api/internal/tasks/compile/CleaningJavaCompiler
instanceKlass org/gradle/api/internal/tasks/compile/DefaultJvmLanguageCompileSpec
instanceKlass org/gradle/api/internal/tasks/compile/JavaCompileSpec
instanceKlass org/gradle/api/internal/tasks/compile/JvmLanguageCompileSpec
instanceKlass org/gradle/language/base/internal/compile/CompileSpec
instanceKlass org/gradle/api/internal/tasks/compile/incremental/recomp/RecompilationSpecProvider
instanceKlass com/android/builder/model/v2/CustomSourceDirectory
instanceKlass com/android/builder/model/v2/ide/SourceProvider
instanceKlass com/android/builder/model/v2/ide/BasicArtifact
instanceKlass com/android/builder/model/v2/ide/BasicVariant
instanceKlass com/android/builder/model/v2/ide/SourceSetContainer
instanceKlass com/android/build/gradle/internal/ide/v2/BasicAndroidProjectImpl$Companion
instanceKlass com/android/build/gradle/internal/ide/v2/BasicAndroidProjectImpl
instanceKlass com/android/build/gradle/internal/ide/v2/BasicVariantImpl$Companion
instanceKlass com/android/build/gradle/internal/ide/v2/BasicVariantImpl
instanceKlass com/android/builder/model/v2/ide/BasicVariant
instanceKlass com/android/build/gradle/internal/ide/v2/BasicArtifactImpl$Companion
instanceKlass com/android/build/gradle/internal/ide/v2/BasicArtifactImpl
instanceKlass com/android/builder/model/v2/ide/BasicArtifact
instanceKlass com/android/build/gradle/internal/ide/v2/SourceSetContainerImpl$Companion
instanceKlass com/android/build/gradle/internal/ide/v2/SourceSetContainerImpl
instanceKlass com/android/builder/model/v2/ide/SourceSetContainer
instanceKlass com/android/build/gradle/internal/ide/v2/SourceProviderImpl$Companion
instanceKlass com/android/build/gradle/internal/ide/v2/SourceProviderImpl
instanceKlass com/android/builder/model/v2/ide/SourceProvider
instanceKlass com/android/build/gradle/internal/ide/v2/ConvertersKt
instanceKlass com/android/build/gradle/internal/ide/v2/ModelBuilder$DimensionInformation$Companion
instanceKlass com/android/build/gradle/internal/ide/v2/ModelBuilder$DimensionInformation
instanceKlass org/gradle/api/internal/file/DefaultProjectLayout$1
instanceKlass com/android/build/gradle/internal/scope/BootClasspathBuilder$computeAdditionalAndRequestedOptionalLibraries$6
instanceKlass com/android/build/gradle/internal/scope/BootClasspathBuilder$computeAdditionalAndRequestedOptionalLibraries$5
instanceKlass com/android/build/gradle/internal/scope/BootClasspathBuilder$computeAdditionalAndRequestedOptionalLibraries$4
instanceKlass com/android/build/gradle/internal/scope/BootClasspathBuilder$computeAdditionalAndRequestedOptionalLibraries$3
instanceKlass com/android/build/gradle/internal/scope/BootClasspathBuilder$computeAdditionalAndRequestedOptionalLibraries$2
instanceKlass com/android/build/gradle/internal/scope/BootClasspathBuilder$computeAdditionalAndRequestedOptionalLibraries$1
instanceKlass com/android/build/gradle/internal/scope/BootClasspathBuilder$CacheKey
instanceKlass com/android/build/gradle/internal/SdkDirectLoadingStrategy$DirectLoadComponents
instanceKlass com/android/build/gradle/internal/errors/SyncIssueKey
instanceKlass com/android/build/gradle/internal/errors/SyncIssueReporterImplKt
instanceKlass com/android/build/gradle/internal/errors/SyncIssueReporterImpl$WhenMappings
instanceKlass com/android/build/gradle/internal/ide/SyncIssueImpl
instanceKlass com/android/build/gradle/internal/EmulatorComponents$Companion
instanceKlass com/android/build/gradle/internal/EmulatorComponents
instanceKlass com/android/sdklib/repository/targets/OptionalLibraryImpl
instanceKlass com/google/gson/internal/ConstructorConstructor$9
instanceKlass com/android/sdklib/repository/targets/PlatformTarget$Library
instanceKlass com/android/sdklib/repository/targets/PlatformTarget
instanceKlass com/android/sdklib/IAndroidTarget
instanceKlass com/sun/xml/bind/v2/runtime/unmarshaller/DefaultIDResolver$1
instanceKlass com/sun/xml/bind/DatatypeConverterImpl
instanceKlass javax/xml/bind/DatatypeConverterInterface
instanceKlass org/xml/sax/helpers/AttributesImpl
instanceKlass com/sun/org/apache/xerces/internal/impl/Constants$ArrayEnumeration
instanceKlass com/sun/org/apache/xerces/internal/impl/Constants
instanceKlass com/sun/org/apache/xerces/internal/parsers/AbstractSAXParser$LocatorProxy
instanceKlass org/xml/sax/ext/Locator2
instanceKlass com/sun/org/apache/xerces/internal/util/XMLSymbols
instanceKlass com/sun/org/apache/xerces/internal/util/XMLChar
instanceKlass com/sun/xml/internal/stream/Entity
instanceKlass com/sun/xml/internal/stream/util/BufferAllocator
instanceKlass com/sun/xml/internal/stream/util/ThreadLocalBufferAllocator
instanceKlass com/sun/org/apache/xerces/internal/impl/XMLEntityManager$EncodingInfo
instanceKlass com/sun/org/apache/xerces/internal/utils/XMLLimitAnalyzer
instanceKlass com/sun/org/apache/xerces/internal/xni/parser/XMLInputSource
instanceKlass com/sun/org/apache/xerces/internal/util/ErrorHandlerWrapper
instanceKlass com/sun/org/apache/xerces/internal/xni/parser/XMLErrorHandler
instanceKlass com/sun/org/apache/xerces/internal/impl/ExternalSubsetResolver
instanceKlass com/sun/org/apache/xerces/internal/util/EntityResolverWrapper
instanceKlass org/xml/sax/ext/EntityResolver2
instanceKlass com/sun/xml/bind/v2/runtime/unmarshaller/TagName
instanceKlass com/sun/xml/bind/v2/runtime/unmarshaller/SAXConnector
instanceKlass com/sun/org/apache/xerces/internal/parsers/AbstractSAXParser$AttributesProxy
instanceKlass org/xml/sax/ext/Attributes2
instanceKlass org/xml/sax/AttributeList
instanceKlass com/sun/org/apache/xerces/internal/util/FeatureState
instanceKlass com/sun/org/apache/xerces/internal/util/PropertyState
instanceKlass com/sun/org/apache/xerces/internal/impl/msg/XMLMessageFormatter
instanceKlass com/sun/org/apache/xerces/internal/util/MessageFormatter
instanceKlass com/sun/org/apache/xerces/internal/impl/XMLVersionDetector
instanceKlass com/sun/org/apache/xerces/internal/impl/validation/ValidationManager
instanceKlass com/sun/org/apache/xerces/internal/impl/dv/dtd/NMTOKENDatatypeValidator
instanceKlass com/sun/org/apache/xerces/internal/impl/dv/dtd/NOTATIONDatatypeValidator
instanceKlass com/sun/org/apache/xerces/internal/impl/dv/dtd/ENTITYDatatypeValidator
instanceKlass com/sun/org/apache/xerces/internal/impl/dv/dtd/ListDatatypeValidator
instanceKlass com/sun/org/apache/xerces/internal/impl/dv/dtd/IDREFDatatypeValidator
instanceKlass com/sun/org/apache/xerces/internal/impl/dv/dtd/IDDatatypeValidator
instanceKlass com/sun/org/apache/xerces/internal/impl/dv/dtd/StringDatatypeValidator
instanceKlass com/sun/org/apache/xerces/internal/impl/dv/DatatypeValidator
instanceKlass com/sun/org/apache/xerces/internal/impl/dv/DTDDVFactory
instanceKlass com/sun/org/apache/xerces/internal/impl/dtd/DTDGrammarBucket
instanceKlass com/sun/org/apache/xerces/internal/impl/dtd/XMLAttributeDecl
instanceKlass com/sun/org/apache/xerces/internal/impl/dtd/XMLSimpleType
instanceKlass com/sun/org/apache/xerces/internal/impl/dtd/XMLElementDecl
instanceKlass com/sun/org/apache/xerces/internal/impl/validation/ValidationState
instanceKlass com/sun/org/apache/xerces/internal/impl/dv/ValidationContext
instanceKlass com/sun/org/apache/xerces/internal/impl/dtd/XMLDTDValidator
instanceKlass com/sun/org/apache/xerces/internal/impl/RevalidationHandler
instanceKlass com/sun/org/apache/xerces/internal/impl/dtd/XMLDTDValidatorFilter
instanceKlass com/sun/org/apache/xerces/internal/xni/parser/XMLDocumentFilter
instanceKlass com/sun/org/apache/xerces/internal/impl/dtd/XMLEntityDecl
instanceKlass com/sun/org/apache/xerces/internal/impl/dtd/XMLDTDProcessor
instanceKlass com/sun/org/apache/xerces/internal/xni/parser/XMLDTDContentModelFilter
instanceKlass com/sun/org/apache/xerces/internal/xni/parser/XMLDTDFilter
instanceKlass com/sun/org/apache/xerces/internal/xni/parser/XMLDTDScanner
instanceKlass com/sun/org/apache/xerces/internal/xni/parser/XMLDTDContentModelSource
instanceKlass com/sun/org/apache/xerces/internal/xni/parser/XMLDTDSource
instanceKlass com/sun/org/apache/xerces/internal/xni/grammars/XMLDTDDescription
instanceKlass com/sun/org/apache/xerces/internal/xni/grammars/XMLGrammarDescription
instanceKlass com/sun/org/apache/xerces/internal/impl/XMLDocumentScannerImpl$TrailingMiscDriver
instanceKlass com/sun/org/apache/xerces/internal/impl/XMLDocumentScannerImpl$PrologDriver
instanceKlass com/sun/org/apache/xerces/internal/impl/XMLDocumentScannerImpl$XMLDeclDriver
instanceKlass com/sun/org/apache/xerces/internal/util/NamespaceSupport
instanceKlass com/sun/org/apache/xerces/internal/xni/NamespaceContext
instanceKlass com/sun/org/apache/xerces/internal/util/XMLAttributesImpl$Attribute
instanceKlass com/sun/org/apache/xerces/internal/util/XMLAttributesImpl
instanceKlass com/sun/org/apache/xerces/internal/xni/XMLAttributes
instanceKlass com/sun/org/apache/xerces/internal/impl/XMLDocumentFragmentScannerImpl$FragmentContentDriver
instanceKlass com/sun/org/apache/xerces/internal/impl/XMLDocumentFragmentScannerImpl$Driver
instanceKlass com/sun/org/apache/xerces/internal/impl/XMLDocumentFragmentScannerImpl$ElementStack2
instanceKlass com/sun/org/apache/xerces/internal/xni/QName
instanceKlass com/sun/org/apache/xerces/internal/impl/XMLDocumentFragmentScannerImpl$ElementStack
instanceKlass com/sun/org/apache/xerces/internal/xni/XMLString
instanceKlass com/sun/org/apache/xerces/internal/impl/XMLScanner
instanceKlass com/sun/xml/internal/stream/XMLBufferListener
instanceKlass com/sun/org/apache/xerces/internal/impl/XMLEntityHandler
instanceKlass com/sun/org/apache/xerces/internal/xni/parser/XMLDocumentScanner
instanceKlass com/sun/org/apache/xerces/internal/xni/parser/XMLDocumentSource
instanceKlass com/sun/org/apache/xerces/internal/impl/XMLErrorReporter
instanceKlass com/sun/org/apache/xerces/internal/impl/XMLEntityScanner
instanceKlass com/sun/org/apache/xerces/internal/xni/XMLLocator
instanceKlass com/sun/xml/internal/stream/XMLEntityStorage
instanceKlass com/sun/org/apache/xerces/internal/util/AugmentationsImpl$AugmentationsItemsContainer
instanceKlass com/sun/org/apache/xerces/internal/util/AugmentationsImpl
instanceKlass com/sun/org/apache/xerces/internal/xni/Augmentations
instanceKlass com/sun/org/apache/xerces/internal/util/XMLResourceIdentifierImpl
instanceKlass com/sun/org/apache/xerces/internal/xni/XMLResourceIdentifier
instanceKlass com/sun/org/apache/xerces/internal/impl/XMLEntityManager
instanceKlass com/sun/org/apache/xerces/internal/xni/parser/XMLEntityResolver
instanceKlass com/sun/org/apache/xerces/internal/xni/parser/XMLComponent
instanceKlass com/sun/org/apache/xerces/internal/util/SymbolTable$Entry
instanceKlass com/sun/org/apache/xerces/internal/util/SymbolTable
instanceKlass jdk/xml/internal/JdkConstants
instanceKlass jdk/xml/internal/JdkXmlUtils
instanceKlass com/sun/org/apache/xerces/internal/util/ParserConfigurationSettings
instanceKlass com/sun/org/apache/xerces/internal/parsers/XML11Configurable
instanceKlass com/sun/org/apache/xerces/internal/xni/parser/XMLPullParserConfiguration
instanceKlass com/sun/org/apache/xerces/internal/xni/parser/XMLParserConfiguration
instanceKlass com/sun/org/apache/xerces/internal/xni/parser/XMLComponentManager
instanceKlass com/sun/org/apache/xerces/internal/parsers/XMLParser
instanceKlass com/sun/org/apache/xerces/internal/xni/XMLDTDContentModelHandler
instanceKlass com/sun/org/apache/xerces/internal/xni/XMLDTDHandler
instanceKlass com/sun/org/apache/xerces/internal/xni/XMLDocumentHandler
instanceKlass org/xml/sax/Parser
instanceKlass javax/xml/parsers/SAXParser
instanceKlass com/sun/org/apache/xerces/internal/xs/PSVIProvider
instanceKlass com/sun/org/apache/xerces/internal/jaxp/JAXPConstants
instanceKlass javax/xml/parsers/SAXParserFactory
instanceKlass org/xml/sax/helpers/XMLFilterImpl
instanceKlass org/xml/sax/InputSource
instanceKlass javax/xml/transform/sax/SAXSource
instanceKlass com/sun/xml/bind/v2/runtime/unmarshaller/UnmarshallingContext$State
instanceKlass com/sun/xml/bind/v2/runtime/unmarshaller/Scope
instanceKlass javax/xml/bind/ValidationEventLocator
instanceKlass com/sun/xml/bind/v2/runtime/unmarshaller/LocatorExWrapper
instanceKlass org/xml/sax/helpers/LocatorImpl
instanceKlass com/sun/xml/bind/v2/runtime/Coordinator
instanceKlass com/sun/xml/bind/v2/runtime/unmarshaller/XmlVisitor$TextPredictor
instanceKlass javax/xml/bind/helpers/DefaultValidationEventHandler
instanceKlass org/xml/sax/helpers/DefaultHandler
instanceKlass org/xml/sax/DTDHandler
instanceKlass org/xml/sax/EntityResolver
instanceKlass com/sun/xml/bind/v2/runtime/unmarshaller/XmlVisitor
instanceKlass javax/xml/bind/UnmarshallerHandler
instanceKlass org/xml/sax/ContentHandler
instanceKlass com/sun/xml/bind/IDResolver
instanceKlass javax/xml/bind/helpers/AbstractUnmarshallerImpl
instanceKlass javax/xml/bind/ValidationEventHandler
instanceKlass com/sun/xml/bind/v2/runtime/NameList
instanceKlass com/sun/xml/bind/v2/runtime/property/ArrayERProperty$ReceiverImpl
instanceKlass com/sun/xml/bind/v2/runtime/unmarshaller/ChildLoader
instanceKlass com/sun/xml/bind/v2/runtime/unmarshaller/StructureLoader$1
instanceKlass com/sun/xml/bind/v2/runtime/property/UnmarshallerChain
instanceKlass com/sun/xml/bind/v2/runtime/ElementBeanInfoImpl$1
instanceKlass javax/xml/bind/JAXBElement$GlobalScope
instanceKlass com/sun/xml/bind/v2/runtime/Utils$1
instanceKlass com/sun/xml/bind/v2/runtime/Utils
instanceKlass com/sun/xml/bind/v2/runtime/unmarshaller/Intercepter
instanceKlass javax/xml/bind/annotation/W3CDomHandler
instanceKlass javax/xml/bind/annotation/DomHandler
instanceKlass com/sun/xml/bind/v2/runtime/unmarshaller/Patcher
instanceKlass com/sun/xml/bind/v2/runtime/unmarshaller/LocatorEx
instanceKlass com/sun/xml/bind/v2/ClassFactory
instanceKlass com/sun/xml/bind/v2/runtime/reflect/Lister$2
instanceKlass com/sun/xml/bind/v2/runtime/reflect/ListIterator
instanceKlass com/sun/xml/bind/v2/runtime/reflect/Lister
instanceKlass com/sun/xml/bind/v2/runtime/property/Utils$1
instanceKlass com/sun/xml/bind/v2/runtime/property/Utils
instanceKlass com/sun/xml/bind/v2/runtime/property/TagAndType
instanceKlass com/sun/xml/bind/v2/runtime/JaxBeanInfo$1
instanceKlass com/sun/xml/bind/v2/runtime/LifecycleMethods
instanceKlass com/sun/xml/bind/v2/runtime/reflect/TransducedAccessor
instanceKlass com/sun/xml/bind/v2/runtime/Name
instanceKlass com/sun/xml/bind/v2/runtime/property/PropertyFactory$1
instanceKlass com/sun/xml/bind/v2/runtime/property/PropertyFactory
instanceKlass com/sun/xml/bind/v2/runtime/property/PropertyImpl
instanceKlass com/sun/xml/bind/v2/runtime/property/Property
instanceKlass com/sun/xml/bind/v2/runtime/property/StructureLoaderBuilder
instanceKlass com/sun/xml/bind/v2/runtime/unmarshaller/Loader
instanceKlass com/sun/xml/bind/v2/runtime/FilterTransducer
instanceKlass com/sun/xml/bind/v2/util/FlattenIterator
instanceKlass com/android/sdklib/repository/meta/DetailsTypes$MavenType
instanceKlass java/lang/Package$1PackageInfoProxy
instanceKlass com/sun/xml/bind/api/impl/NameUtil
instanceKlass com/sun/xml/bind/api/impl/NameConverter
instanceKlass com/android/repository/impl/meta/Archive$PatchesType
instanceKlass com/android/repository/impl/meta/Archive$HostConfig
instanceKlass com/sun/xml/bind/v2/model/impl/GetterSetterPropertySeed
instanceKlass com/android/repository/api/RepositorySource
instanceKlass javax/xml/bind/annotation/XmlSchemaType$DEFAULT
instanceKlass com/sun/xml/bind/v2/runtime/reflect/Utils$1
instanceKlass com/sun/xml/bind/v2/runtime/reflect/Utils
instanceKlass com/sun/xml/bind/v2/model/core/Adapter
instanceKlass javax/xml/bind/annotation/adapters/XmlAdapter
instanceKlass javax/xml/bind/annotation/adapters/XmlJavaTypeAdapter$DEFAULT
instanceKlass com/sun/xml/bind/v2/model/nav/ParameterizedTypeImpl
instanceKlass com/sun/xml/bind/v2/model/nav/ReflectionNavigator$BinderArg
instanceKlass com/sun/xml/bind/v2/model/impl/ElementInfoImpl$PropertyImpl
instanceKlass javax/xml/bind/annotation/XmlElementDecl$GLOBAL
instanceKlass com/sun/xml/bind/v2/model/impl/PropertyInfoImpl$1
instanceKlass com/sun/xml/bind/v2/TODO
instanceKlass com/sun/xml/bind/v2/model/runtime/RuntimeTypeRef
instanceKlass com/sun/xml/bind/v2/model/impl/TypeRefImpl
instanceKlass com/sun/xml/bind/v2/model/core/TypeRef
instanceKlass javax/xml/bind/annotation/XmlElement$DEFAULT
instanceKlass com/sun/xml/bind/v2/model/nav/ReflectionNavigator$10
instanceKlass com/sun/xml/bind/annotation/XmlLocation
instanceKlass com/sun/xml/bind/v2/model/impl/AttributePropertyInfoImpl$1
instanceKlass javax/xml/bind/annotation/XmlSchemaTypes
instanceKlass javax/xml/bind/annotation/adapters/XmlJavaTypeAdapters
instanceKlass com/sun/xml/bind/v2/model/impl/Util
instanceKlass com/sun/xml/bind/v2/model/impl/ClassInfoImpl$1
instanceKlass com/sun/xml/bind/v2/model/impl/FieldPropertySeed
instanceKlass com/sun/xml/bind/v2/model/impl/RuntimeClassInfoImpl$RuntimePropertySeed
instanceKlass com/sun/xml/bind/v2/model/nav/ReflectionNavigator$3
instanceKlass com/sun/xml/bind/AccessorFactoryImpl
instanceKlass com/sun/xml/bind/InternalAccessorFactory
instanceKlass javax/xml/bind/annotation/XmlAccessorOrder
instanceKlass com/sun/xml/bind/annotation/OverrideAnnotationOf
instanceKlass javax/xml/bind/annotation/XmlMixed
instanceKlass javax/xml/bind/annotation/XmlAnyElement
instanceKlass javax/xml/bind/annotation/XmlElements
instanceKlass javax/xml/bind/annotation/XmlAnyAttribute
instanceKlass javax/xml/bind/annotation/XmlList
instanceKlass javax/xml/bind/annotation/XmlElementWrapper
instanceKlass javax/xml/bind/annotation/XmlAttachmentRef
instanceKlass javax/xml/bind/annotation/XmlMimeType
instanceKlass javax/xml/bind/annotation/XmlInlineBinaryData
instanceKlass javax/xml/bind/annotation/XmlIDREF
instanceKlass javax/xml/bind/annotation/XmlID
instanceKlass javax/xml/bind/annotation/adapters/XmlJavaTypeAdapter
instanceKlass com/sun/xml/bind/v2/model/runtime/RuntimeMapPropertyInfo
instanceKlass com/sun/xml/bind/v2/model/core/MapPropertyInfo
instanceKlass com/sun/xml/bind/v2/model/runtime/RuntimeReferencePropertyInfo
instanceKlass com/sun/xml/bind/v2/model/runtime/RuntimeValuePropertyInfo
instanceKlass com/sun/xml/bind/v2/model/core/ValuePropertyInfo
instanceKlass com/sun/xml/bind/v2/model/runtime/RuntimeElementPropertyInfo
instanceKlass com/sun/xml/bind/v2/model/core/ElementPropertyInfo
instanceKlass com/sun/xml/bind/v2/model/runtime/RuntimeAttributePropertyInfo
instanceKlass com/sun/xml/bind/v2/model/runtime/RuntimeNonElementRef
instanceKlass com/sun/xml/bind/v2/model/runtime/RuntimePropertyInfo
instanceKlass com/sun/xml/bind/v2/model/core/AttributePropertyInfo
instanceKlass com/sun/xml/bind/v2/model/core/NonElementRef
instanceKlass com/sun/xml/bind/v2/runtime/reflect/Accessor
instanceKlass com/sun/xml/bind/v2/runtime/unmarshaller/Receiver
instanceKlass com/sun/xml/bind/AccessorFactory
instanceKlass com/sun/xml/bind/v2/model/impl/PropertySeed
instanceKlass com/sun/xml/bind/v2/model/impl/DummyPropertyInfo
instanceKlass com/sun/xml/bind/v2/model/core/ReferencePropertyInfo
instanceKlass com/sun/xml/bind/v2/model/impl/PropertyInfoImpl
instanceKlass com/sun/xml/bind/v2/model/core/PropertyInfo
instanceKlass com/sun/xml/bind/v2/model/annotation/AnnotationSource
instanceKlass javax/xml/bind/annotation/XmlType$DEFAULT
instanceKlass javax/xml/bind/annotation/XmlAccessorType
instanceKlass javax/xml/bind/annotation/XmlSeeAlso
instanceKlass com/sun/xml/bind/v2/model/annotation/ClassLocatable
instanceKlass com/sun/xml/bind/v2/model/annotation/MethodLocatable
instanceKlass javax/xml/bind/JAXBElement
instanceKlass com/android/repository/impl/meta/TypeDetails
instanceKlass com/sun/xml/bind/v2/model/nav/ReflectionNavigator$5
instanceKlass com/sun/xml/bind/v2/model/nav/ReflectionNavigator$4
instanceKlass com/sun/xml/bind/v2/model/impl/RegistryInfoImpl
instanceKlass com/sun/xml/bind/v2/model/annotation/SecureLoader
instanceKlass javax/xml/bind/annotation/XmlValue
instanceKlass javax/xml/bind/annotation/XmlType
instanceKlass javax/xml/bind/annotation/XmlTransient
instanceKlass javax/xml/bind/annotation/XmlSchemaType
instanceKlass javax/xml/bind/annotation/XmlRootElement
instanceKlass javax/xml/bind/annotation/XmlEnum
instanceKlass javax/xml/bind/annotation/XmlElementRefs
instanceKlass javax/xml/bind/annotation/XmlElementRef
instanceKlass javax/xml/bind/annotation/XmlElementDecl
instanceKlass javax/xml/bind/annotation/XmlElement
instanceKlass javax/xml/bind/annotation/XmlAttribute
instanceKlass com/sun/xml/bind/v2/model/annotation/Quick
instanceKlass com/sun/xml/bind/v2/model/annotation/Init
instanceKlass com/sun/xml/bind/v2/model/annotation/LocatableAnnotation
instanceKlass javax/xml/bind/annotation/XmlRegistry
instanceKlass com/sun/xml/bind/v2/model/core/Ref
instanceKlass com/sun/xml/bind/api/CompositeStructure
instanceKlass com/sun/xml/bind/v2/runtime/IllegalAnnotationsException$Builder
instanceKlass com/sun/xml/bind/v2/runtime/RuntimeUtil
instanceKlass com/sun/xml/bind/v2/model/impl/AnyTypeImpl
instanceKlass com/sun/xml/bind/v2/model/impl/TypeInfoSetImpl$1
instanceKlass com/sun/xml/bind/v2/model/impl/RuntimeBuiltinLeafInfoImpl$28
instanceKlass javax/xml/datatype/Duration
instanceKlass javax/xml/namespace/NamespaceContext
instanceKlass javax/xml/datatype/XMLGregorianCalendar
instanceKlass javax/xml/transform/Result
instanceKlass javax/activation/DataHandler
instanceKlass java/awt/datatransfer/Transferable
instanceKlass javax/activation/DataSource
instanceKlass java/awt/image/WritableRenderedImage
instanceKlass com/sun/xml/bind/v2/runtime/output/Pcdata
instanceKlass javax/xml/bind/ValidationEvent
instanceKlass java/awt/image/RenderedImage
instanceKlass javax/xml/datatype/DatatypeConstants$Field
instanceKlass javax/xml/datatype/DatatypeConstants
instanceKlass com/sun/xml/bind/v2/model/impl/RuntimeBuiltinLeafInfoImpl$1
instanceKlass com/sun/xml/bind/v2/model/impl/LeafInfoImpl
instanceKlass com/sun/xml/bind/v2/model/runtime/RuntimeBuiltinLeafInfo
instanceKlass com/sun/xml/bind/v2/model/core/BuiltinLeafInfo
instanceKlass com/sun/xml/bind/v2/model/impl/ModelBuilder$1
instanceKlass com/sun/xml/bind/v2/model/impl/Utils$1
instanceKlass com/sun/xml/bind/v2/model/nav/TypeVisitor
instanceKlass com/sun/xml/bind/v2/model/nav/ReflectionNavigator
instanceKlass com/sun/xml/bind/v2/model/nav/Navigator
instanceKlass com/sun/xml/bind/v2/model/impl/Utils
instanceKlass com/sun/xml/bind/WhiteSpaceProcessor
instanceKlass com/sun/xml/bind/v2/model/runtime/RuntimeTypeInfoSet
instanceKlass com/sun/xml/bind/v2/model/impl/TypeInfoSetImpl
instanceKlass com/sun/xml/bind/v2/model/runtime/RuntimeArrayInfo
instanceKlass com/sun/xml/bind/v2/runtime/Location
instanceKlass com/sun/xml/bind/v2/model/core/ArrayInfo
instanceKlass com/sun/xml/bind/v2/model/runtime/RuntimeElementInfo
instanceKlass com/sun/xml/bind/v2/model/core/ElementInfo
instanceKlass com/sun/xml/bind/v2/model/runtime/RuntimeElement
instanceKlass com/sun/xml/bind/v2/model/runtime/RuntimeClassInfo
instanceKlass com/sun/xml/bind/v2/model/core/ClassInfo
instanceKlass com/sun/xml/bind/v2/runtime/Transducer
instanceKlass com/sun/xml/bind/v2/model/runtime/RuntimeEnumLeafInfo
instanceKlass com/sun/xml/bind/v2/model/impl/TypeInfoImpl
instanceKlass com/sun/xml/bind/v2/model/core/Element
instanceKlass com/sun/xml/bind/v2/model/core/EnumLeafInfo
instanceKlass com/sun/xml/bind/v2/model/core/RegistryInfo
instanceKlass com/sun/xml/bind/v2/model/impl/ModelBuilder
instanceKlass com/sun/xml/bind/v2/model/impl/ModelBuilderI
instanceKlass com/sun/xml/bind/v2/runtime/NameBuilder
instanceKlass com/sun/istack/Pool$Impl
instanceKlass com/sun/xml/bind/v2/util/QNameMap$Entry
instanceKlass com/sun/xml/bind/v2/util/QNameMap
instanceKlass com/sun/xml/bind/v2/runtime/JAXBContextImpl$6
instanceKlass com/sun/xml/bind/v2/model/core/ErrorHandler
instanceKlass javax/xml/bind/Binder
instanceKlass com/sun/xml/bind/unmarshaller/InfosetScanner
instanceKlass com/sun/xml/bind/api/ErrorListener
instanceKlass javax/xml/bind/Marshaller
instanceKlass javax/xml/bind/Unmarshaller
instanceKlass com/sun/xml/bind/v2/runtime/AttributeAccessor
instanceKlass com/sun/xml/bind/v2/model/core/TypeInfoSet
instanceKlass com/sun/xml/bind/api/BridgeContext
instanceKlass com/sun/xml/bind/api/RawAccessor
instanceKlass javax/xml/bind/JAXBIntrospector
instanceKlass com/sun/xml/bind/v2/runtime/JaxBeanInfo
instanceKlass com/sun/xml/bind/api/Bridge
instanceKlass com/sun/xml/bind/v2/model/runtime/RuntimeLeafInfo
instanceKlass com/sun/xml/bind/v2/model/runtime/RuntimeNonElement
instanceKlass com/sun/xml/bind/v2/model/runtime/RuntimeTypeInfo
instanceKlass com/sun/xml/bind/v2/model/core/LeafInfo
instanceKlass com/sun/xml/bind/v2/model/core/MaybeElement
instanceKlass com/sun/xml/bind/v2/model/core/NonElement
instanceKlass com/sun/xml/bind/v2/model/core/TypeInfo
instanceKlass com/sun/xml/bind/v2/model/annotation/Locatable
instanceKlass com/sun/istack/Pool
instanceKlass com/sun/xml/bind/v2/model/annotation/AbstractInlineAnnotationReaderImpl
instanceKlass com/sun/xml/bind/v2/runtime/JAXBContextImpl$JAXBContextBuilder
instanceKlass com/sun/xml/bind/v2/util/TypeCast
instanceKlass java/lang/StackTraceElement$HashedModules
instanceKlass com/sun/xml/bind/Util
instanceKlass com/sun/xml/bind/v2/model/annotation/RuntimeAnnotationReader
instanceKlass com/sun/xml/bind/v2/model/annotation/AnnotationReader
instanceKlass com/sun/xml/bind/v2/ContextFactory
instanceKlass javax/xml/bind/ServiceLoaderUtil
instanceKlass javax/xml/bind/JAXBContextFactory
instanceKlass javax/xml/bind/ModuleUtil
instanceKlass javax/xml/bind/GetPropertyAction
instanceKlass javax/xml/bind/ServiceLoaderUtil$ExceptionHandler
instanceKlass javax/xml/bind/ContextFinder
instanceKlass javax/xml/bind/JAXBContext
instanceKlass javax/xml/transform/Source
instanceKlass org/xml/sax/XMLFilter
instanceKlass org/xml/sax/XMLReader
instanceKlass org/w3c/dom/ls/LSResourceResolver
instanceKlass com/android/repository/impl/meta/SchemaModuleUtil
instanceKlass com/android/repository/impl/generated/generic/v2/package-info
instanceKlass com/android/repository/impl/generated/generic/v1/package-info
instanceKlass com/android/repository/impl/meta/TypeDetails$GenericType
instanceKlass com/android/repository/impl/meta/GenericFactory
instanceKlass com/android/repository/impl/generated/v2/package-info
instanceKlass com/android/repository/api/Checksum
instanceKlass com/android/repository/impl/generated/v1/package-info
instanceKlass com/android/repository/api/License
instanceKlass com/android/repository/impl/meta/RevisionType
instanceKlass com/android/repository/impl/meta/Archive$ArchiveFile
instanceKlass com/android/repository/api/Channel
instanceKlass com/android/repository/impl/meta/RepoPackageImpl$Archives
instanceKlass com/android/repository/impl/meta/Archive
instanceKlass com/android/repository/api/LocalPackage
instanceKlass com/android/repository/impl/meta/RemotePackageImpl$ChannelRef
instanceKlass com/android/repository/api/Dependency
instanceKlass com/android/repository/impl/meta/RepoPackageImpl$UsesLicense
instanceKlass com/android/repository/impl/meta/RepoPackageImpl$Dependencies
instanceKlass com/android/repository/impl/meta/RepoPackageImpl
instanceKlass com/android/repository/api/RemotePackage
instanceKlass com/android/repository/api/RepoPackage
instanceKlass com/android/repository/api/Repository
instanceKlass com/android/repository/impl/meta/CommonFactory
instanceKlass com/android/repository/api/ProgressRunner
instanceKlass com/android/repository/api/RepoManager
instanceKlass com/android/sdklib/repository/generated/common/v3/package-info
instanceKlass com/android/sdklib/repository/generated/common/v2/package-info
instanceKlass com/android/sdklib/repository/generated/common/v1/package-info
instanceKlass com/android/sdklib/repository/meta/Library
instanceKlass com/android/sdklib/OptionalLibrary
instanceKlass com/android/sdklib/repository/IdDisplay
instanceKlass com/android/sdklib/repository/meta/SdkCommonFactory
instanceKlass com/android/sdklib/repository/generated/sysimg/v3/package-info
instanceKlass com/android/sdklib/repository/generated/sysimg/v2/package-info
instanceKlass com/android/sdklib/repository/generated/sysimg/v1/package-info
instanceKlass com/android/sdklib/repository/meta/DetailsTypes$SysImgDetailsType
instanceKlass com/android/sdklib/repository/meta/SysImgFactory
instanceKlass com/android/sdklib/repository/generated/repository/v3/package-info
instanceKlass com/android/sdklib/repository/generated/repository/v2/package-info
instanceKlass com/android/sdklib/repository/generated/repository/v1/package-info
instanceKlass com/android/sdklib/repository/meta/DetailsTypes$SourceDetailsType
instanceKlass com/android/sdklib/repository/meta/DetailsTypes$PlatformDetailsType
instanceKlass com/android/sdklib/repository/meta/DetailsTypes$PlatformDetailsType$LayoutlibType
instanceKlass com/android/sdklib/repository/meta/RepoFactory
instanceKlass com/android/sdklib/repository/generated/addon/v3/package-info
instanceKlass com/android/sdklib/repository/generated/addon/v2/package-info
instanceKlass javax/xml/bind/annotation/XmlNs
instanceKlass com/android/sdklib/repository/generated/addon/v1/package-info
instanceKlass javax/xml/bind/annotation/XmlSchema
instanceKlass com/android/repository/api/SchemaModule$SchemaModuleVersion
instanceKlass javax/xml/namespace/QName
instanceKlass com/android/sdklib/repository/meta/DetailsTypes$ExtraDetailsType
instanceKlass com/android/sdklib/repository/meta/DetailsTypes$AddonDetailsType$Libraries
instanceKlass com/android/sdklib/repository/meta/DetailsTypes$AddonDetailsType
instanceKlass com/android/sdklib/repository/meta/DetailsTypes$ApiDetailsType
instanceKlass com/android/repository/impl/meta/PackageDisplayNameQualifier
instanceKlass com/android/sdklib/repository/meta/AddonFactory
instanceKlass com/android/repository/api/SchemaModule
instanceKlass com/android/sdklib/repository/AndroidSdkHandler
instanceKlass com/android/repository/api/ProgressIndicatorAdapter
instanceKlass com/android/build/gradle/internal/PlatformComponents$Companion
instanceKlass com/android/build/gradle/internal/PlatformComponents
instanceKlass java/util/EnumMap$EntryIterator$Entry
instanceKlass com/android/sdklib/BuildToolInfo
instanceKlass com/android/sdklib/repository/meta/DetailsTypes
instanceKlass com/android/build/gradle/internal/SdkParsingUtilsKt
instanceKlass com/android/sdklib/AndroidTargetHash
instanceKlass com/android/build/gradle/internal/SupportToolsComponents$Companion
instanceKlass com/android/build/gradle/internal/SupportToolsComponents
instanceKlass com/android/build/gradle/internal/PlatformToolsComponents$Companion
instanceKlass com/android/build/gradle/internal/PlatformToolsComponents
instanceKlass com/android/build/gradle/internal/SdkLocation
instanceKlass com/android/build/gradle/internal/SdkLocator
instanceKlass com/android/repository/Revision$1
instanceKlass com/android/build/gradle/internal/SdkLoadingStrategy
instanceKlass com/android/build/gradle/internal/SdkDirectLoadingStrategy$Companion
instanceKlass com/android/build/gradle/internal/SdkDirectLoadingStrategy
instanceKlass com/android/build/gradle/internal/SdkFullLoadingStrategy
instanceKlass com/android/build/gradle/internal/SdkComponentsBuildService$VersionedSdkLoader$sdkLoadStrategy$2$1$1
instanceKlass com/android/build/gradle/internal/SdkComponentsBuildService$VersionedSdkLoader$coreForSystemModulesProvider$1
instanceKlass com/android/build/gradle/internal/SdkComponentsBuildService$VersionedSdkLoader$emulatorDirectoryProvider$1
instanceKlass com/android/build/gradle/internal/SdkComponentsBuildService$VersionedSdkLoader$apiVersionsFile$1
instanceKlass com/android/build/gradle/internal/SdkComponentsBuildService$VersionedSdkLoader$aidlFrameworkProvider$1
instanceKlass com/android/build/gradle/internal/SdkComponentsBuildService$VersionedSdkLoader$aidlExecutableProvider$1
instanceKlass com/android/build/gradle/internal/SdkComponentsBuildService$VersionedSdkLoader$optionalLibrariesProvider$1
instanceKlass com/android/build/gradle/internal/SdkComponentsBuildService$VersionedSdkLoader$coreLambdaStubsProvider$1
instanceKlass com/android/build/gradle/internal/SdkComponentsBuildService$VersionedSdkLoader$additionalLibrariesProvider$1
instanceKlass com/android/build/gradle/internal/SdkComponentsBuildService$VersionedSdkLoader$annotationsJarProvider$1
instanceKlass com/android/build/gradle/internal/SdkComponentsBuildService$VersionedSdkLoader$androidJarProvider$1
instanceKlass com/android/build/gradle/internal/SdkComponentsBuildService$VersionedSdkLoader$sdkDirectoryProvider$1
instanceKlass com/android/build/gradle/internal/SdkComponentsBuildService$VersionedSdkLoader$renderScriptSupportJarProvider$1
instanceKlass com/android/build/gradle/internal/SdkComponentsBuildService$VersionedSdkLoader$adbExecutableProvider$1
instanceKlass com/android/build/gradle/internal/SdkComponentsBuildService$VersionedSdkLoader$buildToolInfoProvider$1
instanceKlass com/android/build/gradle/internal/SdkComponentsBuildService$VersionedSdkLoader$buildToolsRevisionProvider$1
instanceKlass com/android/build/gradle/internal/SdkComponentsBuildService$VersionedSdkLoader$targetAndroidVersionProvider$1
instanceKlass com/android/build/gradle/internal/SdkComponentsBuildService$VersionedSdkLoader$targetBootClasspathProvider$1
instanceKlass com/android/build/gradle/internal/SdkComponentsBuildService$VersionedSdkLoader$sdkSetupCorrectly$1
instanceKlass com/android/sdklib/repository/legacy/remote/internal/DownloadCache
instanceKlass com/android/repository/io/FileOpUtils
instanceKlass com/android/sdklib/repository/legacy/FileOp
instanceKlass com/android/sdklib/repository/legacy/LegacyDownloader
instanceKlass com/android/repository/impl/downloader/LocalFileAwareDownloader
instanceKlass com/android/repository/api/Downloader
instanceKlass com/android/build/gradle/internal/SdkLibDataFactory$getSettingsController$1
instanceKlass com/android/repository/api/SettingsController
instanceKlass com/android/build/gradle/internal/SdkLibDataFactory
instanceKlass com/android/builder/sdk/SdkLibData
instanceKlass com/android/builder/model/SyncIssue
instanceKlass com/android/build/gradle/internal/errors/SyncIssueReporterImpl$GlobalSyncIssueService$Parameters$Inject
instanceKlass com/android/build/gradle/internal/SystemPropertiesFactory
instanceKlass com/android/build/gradle/internal/EnvironmentVariablesPropertiesFactory
instanceKlass com/android/build/gradle/internal/GradleLocalPropertiesFactory$get$propertiesContent$1
instanceKlass com/android/build/gradle/internal/GradleLocalPropertiesFactory
instanceKlass com/android/repository/api/ProgressIndicator
instanceKlass com/android/build/gradle/internal/services/VersionedSdkLoaderService$sam$java_util_concurrent_Callable$0
instanceKlass com/android/tools/idea/gradle/project/sync/ModuleId
instanceKlass com/android/tools/idea/gradle/project/sync/ModelCacheKt
instanceKlass com/google/common/base/Joiner
instanceKlass com/android/utils/FileUtils
instanceKlass com/android/tools/idea/gradle/project/sync/Modules
instanceKlass com/android/tools/idea/gradle/project/sync/GradleModule
instanceKlass org/jetbrains/kotlin/idea/gradleTooling/model/kapt/KaptSourceSetModel
instanceKlass org/jetbrains/kotlin/idea/gradleTooling/model/kapt/KaptGradleModelImpl
instanceKlass org/gradle/tooling/internal/provider/runner/DefaultBuildController$NestedAction
instanceKlass org/gradle/tooling/internal/consumer/connection/NestedActionAwareBuildControllerAdapter$1
instanceKlass com/android/tools/idea/gradle/project/sync/SyncActionRunner$runActions$executionResults$1$1
instanceKlass com/android/tools/idea/gradle/project/sync/LibraryIdentity$LibraryIdentityProvider$special$$inlined$thenBy$1
instanceKlass com/android/tools/idea/gradle/project/sync/LibraryIdentity$LibraryIdentityProvider$special$$inlined$compareBy$1
instanceKlass com/android/tools/idea/gradle/project/sync/LibraryIdentity$LibraryIdentityProvider$Companion$sortedMapEntries$1
instanceKlass com/android/tools/idea/gradle/project/sync/LibraryIdentity$LibraryIdentityProvider$Companion$sortedListComparator$1
instanceKlass com/android/tools/idea/gradle/project/sync/LibraryIdentity$LibraryIdentityProvider$Companion
instanceKlass com/android/tools/idea/gradle/project/sync/LibraryIdentity$LibraryIdentityProvider
instanceKlass com/android/tools/idea/gradle/project/sync/InternedModels
instanceKlass com/android/tools/idea/gradle/project/sync/SyncProjectActionWorker
instanceKlass com/google/common/base/ExtraObjectsMethodsForWeb
instanceKlass com/android/tools/idea/gradle/project/sync/AgpCompatibilityKt$WhenMappings
instanceKlass com/android/tools/idea/gradle/project/upgrade/AndroidGradlePluginCompatibilityKt
instanceKlass com/android/tools/idea/gradle/project/sync/AgpCompatibilityKt
instanceKlass com/android/tools/idea/gradle/project/sync/ModelConsumerVersion
instanceKlass com/android/tools/idea/gradle/project/sync/BasicModulesKt
instanceKlass com/android/tools/idea/gradle/project/sync/AndroidExtraModelProviderWorkerKt
instanceKlass com/android/ide/common/repository/AgpVersion$Companion$WhenMappings
instanceKlass com/android/ide/common/repository/AgpVersion$PreviewKind$Companion
instanceKlass kotlin/collections/AbstractList$Companion
instanceKlass kotlin/text/MatchResult$Destructured
instanceKlass kotlin/text/MatchResult$DefaultImpls
instanceKlass kotlin/collections/AbstractCollection
instanceKlass kotlin/text/MatchNamedGroupCollection
instanceKlass kotlin/text/MatchGroupCollection
instanceKlass kotlin/text/MatcherMatchResult
instanceKlass kotlin/text/MatchResult
instanceKlass kotlin/text/RegexKt
instanceKlass com/android/builder/model/v2/models/Versions$Companion
instanceKlass kotlin/text/Regex$Companion
instanceKlass kotlin/text/Regex
instanceKlass com/android/ide/common/repository/AgpVersion$Companion
instanceKlass com/android/ide/common/repository/AgpVersion
instanceKlass com/android/builder/model/v2/models/Versions$Companion
instanceKlass com/android/builder/model/v2/models/Versions$Version
instanceKlass com/android/build/gradle/internal/ide/v2/VersionsImpl$Companion
instanceKlass com/android/build/gradle/internal/ide/v2/VersionsImpl
instanceKlass com/android/build/gradle/internal/ide/v2/VersionImpl$Companion
instanceKlass com/android/build/gradle/internal/ide/v2/VersionImpl
instanceKlass com/android/builder/model/v2/models/Versions$Version
instanceKlass com/android/tools/idea/gradle/project/sync/BasicIncompleteGradleModule
instanceKlass com/android/ide/gradle/model/artifacts/AdditionalClassifierArtifactsModel
instanceKlass com/android/builder/model/NativeVariantAbi
instanceKlass com/android/builder/model/NativeAndroidProject
instanceKlass com/android/builder/model/v2/models/ndk/NativeModule
instanceKlass com/android/ide/gradle/model/LegacyAndroidGradlePluginProperties
instanceKlass org/jetbrains/kotlin/idea/gradleTooling/model/kapt/KaptGradleModel
instanceKlass com/android/builder/model/ProjectSyncIssues
instanceKlass com/android/builder/model/Variant
instanceKlass com/android/builder/model/AndroidProject
instanceKlass com/android/builder/model/v2/models/ProjectSyncIssues
instanceKlass com/android/builder/model/v2/models/AndroidDsl
instanceKlass com/android/builder/model/v2/models/VariantDependenciesAdjacencyList
instanceKlass com/android/builder/model/v2/models/VariantDependencies
instanceKlass com/android/builder/model/v2/models/AndroidProject
instanceKlass com/android/builder/model/v2/models/BasicAndroidProject
instanceKlass com/android/ide/gradle/model/LegacyV1AgpVersionModel
instanceKlass kotlin/collections/ArraysUtilJVM
instanceKlass com/android/tools/idea/gradle/project/sync/ModelFetchersKt
instanceKlass com/android/builder/model/v2/models/Versions
instanceKlass com/android/builder/model/v2/AndroidModel
instanceKlass com/android/tools/idea/gradle/project/sync/ActionToRun$toSafeController$1
instanceKlass com/android/tools/idea/gradle/project/sync/SyncActionRunnerKt$toMeasuringController$1
instanceKlass com/android/tools/idea/gradle/project/sync/SyncActionRunnerKt
instanceKlass kotlin/collections/EmptyMap
instanceKlass com/android/tools/idea/gradle/project/sync/ActionToRun
instanceKlass kotlin/sequences/FlatteningSequence$iterator$1
instanceKlass kotlin/sequences/TransformingSequence$iterator$1
instanceKlass kotlin/sequences/TransformingSequence
instanceKlass com/android/tools/idea/gradle/project/sync/SyncActionRunner$Companion
instanceKlass com/android/tools/idea/gradle/project/sync/SyncActionRunner
instanceKlass com/android/tools/idea/gradle/project/sync/GradleInjectedSyncActionRunner
instanceKlass kotlin/jvm/internal/CallableReference$NoReceiver
instanceKlass kotlin/reflect/KDeclarationContainer
instanceKlass kotlin/jvm/internal/CallableReference
instanceKlass kotlin/reflect/KFunction
instanceKlass kotlin/reflect/KCallable
instanceKlass kotlin/reflect/KAnnotatedElement
instanceKlass kotlin/sequences/FlatteningSequence
instanceKlass kotlin/collections/CollectionsKt___CollectionsKt$asSequence$$inlined$Sequence$1
instanceKlass kotlin/Pair
instanceKlass kotlin/TuplesKt
instanceKlass com/android/tools/idea/gradle/project/sync/BuildId
instanceKlass kotlin/ranges/RangesKt__RangesKt
instanceKlass kotlin/collections/MapsKt__MapWithDefaultKt
instanceKlass com/android/tools/idea/gradle/model/impl/BuildFolderPaths
instanceKlass org/gradle/tooling/model/idea/IdeaSourceDirectory
instanceKlass org/gradle/tooling/model/SourceDirectory
instanceKlass org/gradle/tooling/model/idea/IdeaContentRoot
instanceKlass org/gradle/tooling/model/java/InstalledJdk
instanceKlass org/gradle/tooling/model/idea/IdeaDependencyScope
instanceKlass org/gradle/tooling/model/idea/IdeaCompilerOutput
instanceKlass org/gradle/tooling/model/GradleTask
instanceKlass org/gradle/tooling/model/gradle/GradleScript
instanceKlass org/gradle/tooling/model/Task
instanceKlass org/gradle/tooling/model/Launchable
instanceKlass org/gradle/tooling/model/idea/IdeaLanguageLevel
instanceKlass org/gradle/tooling/model/idea/IdeaJavaLanguageSettings
instanceKlass com/google/common/collect/MultimapBuilder$EnumSetSupplier
instanceKlass org/gradle/plugins/ide/internal/resolver/IdeDependencySet$1
instanceKlass org/gradle/plugins/ide/internal/resolver/IdeDependencySet
instanceKlass org/gradle/plugins/ide/internal/resolver/UnresolvedIdeDependencyHandler
instanceKlass org/gradle/plugins/ide/idea/model/internal/IdeaDependenciesProvider$IdeaDependenciesVisitor
instanceKlass org/gradle/plugins/ide/idea/model/internal/IdeaDependenciesOptimizer
instanceKlass org/gradle/plugins/ide/idea/model/internal/ModuleDependencyBuilder
instanceKlass org/gradle/api/internal/artifacts/repositories/DefaultMavenArtifactRepository$DefaultDescriber
instanceKlass org/gradle/plugins/ide/internal/resolver/DefaultGradleApiSourcesResolver
instanceKlass org/gradle/plugins/ide/internal/resolver/IdeDependencyVisitor
instanceKlass org/gradle/plugins/ide/idea/model/internal/IdeaDependenciesProvider
instanceKlass org/gradle/plugins/ide/internal/tooling/idea/DefaultIdeaCompilerOutput
instanceKlass org/gradle/plugins/ide/internal/tooling/idea/DefaultIdeaModule
instanceKlass org/gradle/plugins/ide/internal/tooling/idea/DefaultIdeaContentRoot
instanceKlass org/gradle/plugins/ide/idea/IdeaPlugin$9$1
instanceKlass org/gradle/plugins/ide/idea/IdeaPlugin$9$2
instanceKlass org/gradle/plugins/ide/internal/tooling/java/DefaultInstalledJdk
instanceKlass org/gradle/plugins/ide/internal/tooling/idea/DefaultIdeaJavaLanguageSettings
instanceKlass org/gradle/plugins/ide/internal/tooling/idea/DefaultIdeaLanguageLevel
instanceKlass org/gradle/plugins/ide/internal/tooling/idea/DefaultIdeaProject
instanceKlass org/gradle/plugins/ide/internal/tooling/model/DefaultGradleScript
instanceKlass org/gradle/tooling/model/gradle/GradleScript
instanceKlass org/gradle/plugins/ide/internal/tooling/model/DefaultGradleProject
instanceKlass org/gradle/plugins/ide/idea/IdeaPlugin$21
instanceKlass org/gradle/api/plugins/JvmTestSuitePlugin
instanceKlass org/gradle/plugins/ide/idea/internal/IdeaScalaConfigurer$1
instanceKlass org/gradle/util/internal/VersionNumber$AbstractScheme
instanceKlass org/gradle/util/internal/VersionNumber$Scheme
instanceKlass org/gradle/util/internal/VersionNumber
instanceKlass org/gradle/plugins/ide/idea/internal/IdeaScalaConfigurer
instanceKlass org/gradle/plugins/ide/idea/IdeaPlugin$28
instanceKlass org/gradle/api/plugins/scala/ScalaBasePlugin
instanceKlass org/gradle/plugins/ide/idea/IdeaPlugin$20
instanceKlass org/gradle/api/plugins/WarPlugin
instanceKlass org/gradle/plugins/ide/idea/IdeaPlugin$19
instanceKlass org/gradle/plugins/ide/idea/internal/IdeaModuleMetadata
instanceKlass org/gradle/plugins/ide/idea/IdeaPlugin$18
instanceKlass org/gradle/plugins/ide/idea/IdeaPlugin$17
instanceKlass org/gradle/plugins/ide/idea/IdeaPlugin$16
instanceKlass org/gradle/plugins/ide/idea/IdeaPlugin$15
instanceKlass org/gradle/plugins/ide/idea/IdeaPlugin$14
instanceKlass org/gradle/plugins/ide/idea/IdeaPlugin$13
instanceKlass org/gradle/plugins/ide/idea/IdeaPlugin$12
instanceKlass com/google/common/collect/AbstractMapBasedMultimap$AsMap$AsMapIterator
instanceKlass org/gradle/plugins/ide/internal/configurer/HierarchicalElementDeduplicator$StatefulDeduplicator$1
instanceKlass org/gradle/plugins/ide/internal/configurer/HierarchicalElementDeduplicator$StatefulDeduplicator
instanceKlass org/gradle/plugins/ide/internal/configurer/DefaultUniqueProjectNameProvider$ProjectPathDeduplicationAdapter
instanceKlass org/gradle/plugins/ide/internal/configurer/HierarchicalElementDeduplicator
instanceKlass org/gradle/plugins/ide/idea/IdeaPlugin$11
instanceKlass org/gradle/plugins/ide/idea/model/Path
instanceKlass org/gradle/plugins/ide/internal/resolver/GradleApiSourcesResolver
instanceKlass org/gradle/plugins/ide/internal/IdePlugin$9
instanceKlass org/gradle/plugins/ide/internal/IdePlugin$8
instanceKlass org/gradle/plugins/ide/idea/IdeaPlugin$10
instanceKlass org/gradle/plugins/ide/idea/IdeaPlugin$9
instanceKlass org/gradle/plugins/ide/idea/IdeaPlugin$8
instanceKlass org/gradle/plugins/ide/idea/IdeaPlugin$7
instanceKlass org/gradle/plugins/ide/idea/IdeaPlugin$6
instanceKlass org/gradle/plugins/ide/idea/IdeaPlugin$5
instanceKlass org/gradle/plugins/ide/idea/model/ProjectLibrary
instanceKlass org/gradle/plugins/ide/idea/model/PathFactory
instanceKlass org/gradle/plugins/ide/internal/IdePlugin$4
instanceKlass org/gradle/plugins/ide/internal/IdePlugin$3
instanceKlass org/gradle/plugins/ide/internal/IdePlugin$6
instanceKlass org/gradle/plugins/ide/idea/IdeaPlugin$4
instanceKlass org/gradle/internal/xml/XmlTransformer
instanceKlass org/gradle/plugins/ide/internal/generator/AbstractPersistableConfigurationObject
instanceKlass org/gradle/plugins/ide/internal/generator/generator/PersistableConfigurationObject
instanceKlass org/gradle/plugins/ide/api/FileContentMerger
instanceKlass org/gradle/plugins/ide/idea/model/IdeaWorkspace
instanceKlass org/gradle/plugins/ide/internal/IdePlugin$7
instanceKlass org/gradle/plugins/ide/internal/IdePlugin$2
instanceKlass org/gradle/plugins/ide/internal/IdePlugin$1
instanceKlass org/gradle/plugins/ide/idea/IdeaPlugin$3
instanceKlass org/gradle/plugins/ide/idea/IdeaPlugin$2
instanceKlass org/gradle/plugins/ide/idea/IdeaPlugin$1
instanceKlass org/gradle/plugins/ide/internal/configurer/DefaultUniqueProjectNameProvider
instanceKlass org/gradle/plugins/ide/idea/model/IdeaModule
instanceKlass org/gradle/api/plugins/jvm/JvmTestSuite
instanceKlass org/gradle/testing/base/TestSuite
instanceKlass org/gradle/api/plugins/jvm/internal/JvmFeatureInternal
instanceKlass org/gradle/plugins/ide/idea/model/IdeaProject
instanceKlass org/gradle/plugins/ide/idea/model/IdeaLanguageLevel
instanceKlass org/gradle/plugins/ide/idea/model/IdeaModel
instanceKlass org/gradle/plugins/ide/IdeWorkspace
instanceKlass org/gradle/plugins/ide/internal/IdeProjectMetadata
instanceKlass org/gradle/api/internal/artifacts/ivyservice/projectmodule/ProjectPublication
instanceKlass com/android/tools/idea/gradle/project/sync/ModelConverter
instanceKlass com/android/tools/idea/gradle/project/sync/BuildInfo
instanceKlass com/android/tools/idea/gradle/project/sync/AndroidExtraModelProviderWorker
instanceKlass com/android/tools/idea/projectsystem/gradle/sync/Counter$time$2
instanceKlass com/android/tools/idea/projectsystem/gradle/sync/Counter$time$1
instanceKlass org/jetbrains/plugins/gradle/model/ProjectImportAction$6$2
instanceKlass com/android/tools/idea/gradle/project/sync/BuildModelsAndMap
instanceKlass com/android/tools/idea/gradle/model/impl/IdeCompositeBuildMapImpl
instanceKlass com/android/tools/idea/gradle/model/IdeCompositeBuildMap
instanceKlass com/android/ide/gradle/model/composites/BuildMapImpl
instanceKlass com/android/ide/gradle/model/composites/BuildMap
instanceKlass com/android/tools/idea/gradle/model/impl/IdeBuildImpl
instanceKlass com/android/tools/idea/gradle/model/IdeBuild
instanceKlass kotlin/collections/SetsKt__SetsJVMKt
instanceKlass kotlin/collections/EmptyList
instanceKlass kotlin/collections/ArraysKt__ArraysJVMKt
instanceKlass kotlin/collections/CollectionsKt__CollectionsJVMKt
instanceKlass kotlin/collections/ArrayDeque$Companion
instanceKlass kotlin/jvm/internal/markers/KMutableList
instanceKlass kotlin/jvm/internal/markers/KMutableCollection
instanceKlass kotlin/jvm/internal/markers/KMutableIterable
instanceKlass kotlin/ResultKt
instanceKlass kotlin/coroutines/EmptyCoroutineContext
instanceKlass kotlin/coroutines/CoroutineContext
instanceKlass kotlin/coroutines/jvm/internal/DebugProbesKt
instanceKlass kotlin/coroutines/intrinsics/IntrinsicsKt__IntrinsicsJvmKt
instanceKlass kotlin/sequences/SequenceScope
instanceKlass kotlin/sequences/SequencesKt__SequenceBuilderKt$sequence$$inlined$Sequence$1
instanceKlass kotlin/sequences/Sequence
instanceKlass kotlin/sequences/SequencesKt__SequenceBuilderKt
instanceKlass kotlin/coroutines/jvm/internal/BaseContinuationImpl
instanceKlass kotlin/coroutines/jvm/internal/CoroutineStackFrame
instanceKlass kotlin/coroutines/Continuation
instanceKlass kotlin/coroutines/jvm/internal/SuspendFunction
instanceKlass kotlin/jvm/functions/Function2
instanceKlass com/google/common/collect/ObjectArrays
instanceKlass com/google/common/collect/UnmodifiableIterator
instanceKlass com/android/ide/common/repository/GradleVersion$VersionSegment
instanceKlass com/google/common/base/NullnessCasts
instanceKlass com/google/common/base/AbstractIterator$1
instanceKlass com/google/common/collect/CollectPreconditions
instanceKlass com/google/common/collect/Lists
instanceKlass com/google/common/base/Splitter$5
instanceKlass com/google/common/base/AbstractIterator
instanceKlass com/google/common/base/Splitter$1
instanceKlass com/google/common/base/Preconditions
instanceKlass com/google/common/base/CharMatcher
instanceKlass com/google/common/base/Predicate
instanceKlass com/google/common/base/CommonPattern
instanceKlass com/google/common/base/Splitter$Strategy
instanceKlass com/google/common/base/Splitter
instanceKlass com/android/ide/common/repository/GradleVersion
instanceKlass com/android/tools/idea/gradle/project/sync/AndroidExtraModelProviderKt
instanceKlass kotlin/Result$Failure
instanceKlass kotlin/Result$Companion
instanceKlass kotlin/Result
instanceKlass org/jetbrains/plugins/gradle/tooling/serialization/internal/adapter/kotlin/dsl/InternalKotlinDslScriptModel
instanceKlass com/android/tools/idea/projectsystem/gradle/sync/PerformanceMeasurementUtilKt
instanceKlass kotlin/jvm/functions/Function0
instanceKlass org/jetbrains/plugins/gradle/tooling/serialization/internal/adapter/kotlin/dsl/InternalKotlinDslScriptsModel
instanceKlass org/jetbrains/plugins/gradle/model/ProjectImportAction$6$1
instanceKlass org/gradle/tooling/model/kotlin/dsl/EditorPosition
instanceKlass org/gradle/tooling/model/kotlin/dsl/EditorReport
instanceKlass org/gradle/tooling/model/kotlin/dsl/KotlinDslScriptModel
instanceKlass org/gradle/kotlin/dsl/tooling/builders/StandardKotlinDslScriptsModel
instanceKlass org/gradle/kotlin/dsl/tooling/builders/StandardKotlinDslScriptModel
instanceKlass org/gradle/tooling/model/kotlin/dsl/KotlinDslScriptModel
instanceKlass org/gradle/kotlin/dsl/tooling/builders/CommonKotlinDslScriptModel
instanceKlass kotlin/sequences/TakeWhileSequence$iterator$1
instanceKlass kotlin/sequences/TakeWhileSequence
instanceKlass org/gradle/kotlin/dsl/resolver/SourcePathProviderKt
instanceKlass org/gradle/internal/Deferrable$2
instanceKlass org/gradle/internal/execution/history/changes/ClasspathCompareStrategy$ChangeState
instanceKlass org/gradle/internal/execution/history/changes/ClasspathCompareStrategy$TrackingVisitor
instanceKlass org/gradle/api/internal/tasks/DefaultTaskCollection$1$1$1
instanceKlass org/gradle/kotlin/dsl/tooling/builders/EditorReportsBuilderKt
instanceKlass org/gradle/kotlin/dsl/resolver/SourcePathProvider$WhenMappings
instanceKlass org/gradle/kotlin/dsl/support/Match
instanceKlass org/gradle/kotlin/dsl/support/KotlinScriptTypeMatch$Companion
instanceKlass org/gradle/kotlin/dsl/support/KotlinScriptTypeMatch
instanceKlass org/gradle/api/internal/artifacts/transform/TransformExecutionResult$Builder$FilteredResult
instanceKlass org/gradle/api/internal/artifacts/transform/TransformExecutionResult$Builder$PartOfInputArtifact
instanceKlass org/gradle/api/internal/artifacts/transform/TransformExecutionResult$Builder$ProducedOutputOnlyResult
instanceKlass org/gradle/api/internal/artifacts/transform/TransformExecutionResult$Builder$ProducedOutput
instanceKlass org/gradle/api/internal/artifacts/transform/TransformExecutionResult$Builder$TransformOutput
instanceKlass org/gradle/api/internal/artifacts/transform/TransformExecutionResult$Builder
instanceKlass org/gradle/api/internal/artifacts/transform/TransformExecutionResult
instanceKlass org/gradle/api/internal/artifacts/transform/TransformExecutionResult$OutputVisitor
instanceKlass org/gradle/api/internal/artifacts/transform/TransformExecutionResultSerializer
instanceKlass org/gradle/cache/internal/btree/FileBackedBlockStore$1
instanceKlass org/gradle/internal/hash/HashCode$1
instanceKlass org/gradle/internal/fingerprint/FileCollectionFingerprint$1
instanceKlass org/gradle/internal/Deferrable$1
instanceKlass org/gradle/internal/Deferrable$3
instanceKlass org/gradle/api/internal/artifacts/transform/AbstractTransformExecution$DefaultIdentifyTransformExecutionProgressDetails
instanceKlass org/gradle/operations/dependencies/transforms/IdentifyTransformExecutionProgressDetails
instanceKlass org/gradle/api/internal/artifacts/transform/ImmutableTransformWorkspaceIdentity
instanceKlass org/gradle/api/internal/artifacts/transform/AbstractTransformExecution$1
instanceKlass org/gradle/api/internal/artifacts/transform/TransformWorkspaceIdentity
instanceKlass org/gradle/operations/dependencies/transforms/SnapshotTransformInputsBuildOperationType$Details
instanceKlass org/gradle/api/internal/artifacts/transform/AbstractTransformExecution
instanceKlass org/gradle/internal/Deferrable
instanceKlass org/gradle/api/internal/artifacts/transform/TransformStepSubject
instanceKlass org/gradle/api/internal/artifacts/ivyservice/resolveengine/artifact/EndCollection
instanceKlass org/gradle/api/internal/artifacts/transform/TransformingAsyncArtifactListener$TransformedArtifact
instanceKlass org/gradle/api/internal/artifacts/transform/TransformingAsyncArtifactListener$1
instanceKlass org/gradle/api/internal/artifacts/transform/TransformingAsyncArtifactListener
instanceKlass org/gradle/api/internal/artifacts/transform/DefaultTransform$IsolatedParameters
instanceKlass org/gradle/api/internal/artifacts/transform/AbstractTransformedArtifactSet$CalculateArtifacts
instanceKlass org/gradle/api/internal/artifacts/transform/DefaultTransformUpstreamDependenciesResolver$2
instanceKlass org/gradle/api/internal/artifacts/transform/DefaultTransformUpstreamDependenciesResolver$1
instanceKlass org/gradle/api/internal/artifacts/transform/TransformDependencies
instanceKlass org/gradle/api/internal/artifacts/transform/DefaultTransformUpstreamDependenciesResolver
instanceKlass org/gradle/api/internal/artifacts/transform/BoundTransformStep
instanceKlass org/gradle/api/internal/artifacts/transform/TransformedVariant
instanceKlass org/gradle/api/internal/artifacts/transform/ConsumerProvidedVariantFinder$CachedVariant
instanceKlass org/gradle/api/internal/artifacts/transform/TransformChain
instanceKlass org/gradle/api/internal/artifacts/transform/DefaultVariantDefinition
instanceKlass org/gradle/api/internal/artifacts/transform/ConsumerProvidedVariantFinder$ChainNode
instanceKlass org/gradle/api/internal/artifacts/transform/ConsumerProvidedVariantFinder$CachingAttributeMatcher$CacheKey
instanceKlass org/gradle/api/internal/artifacts/transform/ConsumerProvidedVariantFinder$ChainState
instanceKlass org/gradle/api/internal/artifacts/transform/ConsumerProvidedVariantFinder$TransformCache$CacheKey
instanceKlass org/gradle/internal/resolve/resolver/DefaultVariantArtifactResolver$SingleArtifactVariantIdentifier
instanceKlass org/gradle/internal/component/external/model/ivy/IvyConfigurationHelper
instanceKlass org/gradle/internal/component/external/model/ivy/IvyModuleResolveMetadata
instanceKlass org/gradle/internal/component/external/descriptor/Artifact
instanceKlass org/gradle/api/internal/artifacts/repositories/metadata/IvyMetadataArtifactProvider
instanceKlass org/gradle/api/internal/artifacts/repositories/metadata/DefaultArtifactMetadataSource
instanceKlass org/gradle/api/internal/artifacts/repositories/descriptor/IvyRepositoryDescriptor$Resource
instanceKlass org/gradle/kotlin/dsl/support/MapsKt
instanceKlass org/gradle/kotlin/dsl/DependencyHandlerExtensionsKt
instanceKlass org/gradle/kotlin/dsl/resolver/FindGradleSources
instanceKlass org/gradle/kotlin/dsl/resolver/SourceDistributionResolver$registerTransforms$2
instanceKlass org/gradle/kotlin/dsl/resolver/UnzipDistribution
instanceKlass org/gradle/kotlin/dsl/resolver/SourceDistributionResolver$registerTransforms$1
instanceKlass org/gradle/kotlin/dsl/resolver/SourceDistributionResolver$createSourceRepository$1$2
instanceKlass org/gradle/kotlin/dsl/resolver/SourceDistributionResolver$createSourceRepository$1$1
instanceKlass org/gradle/api/internal/artifacts/repositories/DefaultIvyArtifactRepository$IvyMetadataSources
instanceKlass org/gradle/api/internal/artifacts/repositories/DefaultIvyArtifactRepository$MetaDataProvider
instanceKlass org/gradle/api/artifacts/repositories/IvyArtifactRepositoryMetaDataProvider
instanceKlass org/gradle/api/artifacts/repositories/IvyPatternRepositoryLayout
instanceKlass org/gradle/api/artifacts/repositories/IvyArtifactRepository$MetadataSources
instanceKlass org/gradle/api/internal/artifacts/repositories/layout/AbstractRepositoryLayout
instanceKlass org/gradle/api/artifacts/repositories/RepositoryLayout
instanceKlass org/gradle/api/internal/project/DefaultProject$DetachedDependencyResolutionDomainObjectContext
instanceKlass org/gradle/api/internal/project/DefaultProject$LocalDetachedResolver
instanceKlass org/gradle/api/internal/project/DefaultProject$3
instanceKlass org/gradle/kotlin/dsl/resolver/SourceDistributionResolver$createSourceRepository$1
instanceKlass org/gradle/kotlin/dsl/support/ClassPathExtensionsKt
instanceKlass org/gradle/kotlin/dsl/resolver/SourceDistributionResolver$Companion
instanceKlass org/gradle/kotlin/dsl/resolver/SourceDistributionResolver
instanceKlass org/gradle/kotlin/dsl/resolver/SourceDistributionProvider
instanceKlass org/gradle/kotlin/dsl/resolver/SourcePathProvider
instanceKlass org/gradle/kotlin/dsl/tooling/builders/StandardKotlinBuildScriptModel
instanceKlass org/gradle/kotlin/dsl/tooling/models/KotlinBuildScriptModel
instanceKlass org/gradle/kotlin/dsl/tooling/builders/KotlinLibSourcesKt$classpathDependenciesOf$1
instanceKlass kotlin/collections/ReversedListReadOnly$listIterator$1
instanceKlass org/gradle/kotlin/dsl/tooling/builders/KotlinLibSourcesKt
instanceKlass org/gradle/kotlin/dsl/tooling/builders/KotlinScriptTargetModelBuilder
instanceKlass org/gradle/kotlin/dsl/tooling/builders/KotlinBuildScriptModelBuilderKt
instanceKlass org/gradle/kotlin/dsl/tooling/builders/KotlinBuildScriptModelParameter
instanceKlass org/gradle/kotlin/dsl/tooling/builders/KotlinDslScriptsModelBuilder$buildAll$1
instanceKlass org/gradle/kotlin/dsl/tooling/builders/KotlinDslScriptsParameter
instanceKlass org/gradle/kotlin/dsl/tooling/builders/KotlinDslScriptsModelBuilderKt
instanceKlass org/gradle/api/internal/artifacts/ivyservice/ShortCircuitEmptyConfigurationResolver$EmptyResolvedConfiguration$1
instanceKlass org/jetbrains/kotlin/gradle/internal/ParcelizeSubplugin
instanceKlass com/intellij/openapi/externalSystem/model/project/dependencies/ProjectDependenciesImpl
instanceKlass org/jetbrains/kotlin/idea/gradleTooling/UtilsKt
instanceKlass org/jetbrains/kotlin/idea/gradleTooling/reflect/GradleReflectionLogger
instanceKlass org/jetbrains/kotlin/idea/gradleTooling/reflect/ReflectionLogger
instanceKlass org/jetbrains/kotlin/idea/gradleTooling/reflect/ReflectionKt
instanceKlass org/jetbrains/kotlin/idea/gradleTooling/reflect/KotlinExtensionReflection$Companion
instanceKlass org/jetbrains/kotlin/idea/gradleTooling/reflect/KotlinExtensionReflection
instanceKlass org/jetbrains/plugins/gradle/tooling/internal/VersionCatalogsModelImpl
instanceKlass org/gradle/internal/classpath/intercept/AbstractInvocation
instanceKlass org/jetbrains/plugins/gradle/model/DefaultDependencyAccessorsModel
instanceKlass org/jetbrains/plugins/gradle/tooling/serialization/ExternalTestsSerializationService$1
instanceKlass org/jetbrains/plugins/gradle/tooling/serialization/GradleExtensionsSerializationService$3
instanceKlass org/jetbrains/plugins/gradle/model/tests/ExternalTestSourceMapping
instanceKlass org/jetbrains/plugins/gradle/tooling/serialization/GradleExtensionsSerializationService$2
instanceKlass org/jetbrains/plugins/gradle/model/tests/DefaultExternalTestsModel
instanceKlass org/jetbrains/plugins/gradle/tooling/serialization/GradleExtensionsSerializationService$1
instanceKlass org/jetbrains/plugins/gradle/model/GradleConvention
instanceKlass org/jetbrains/plugins/gradle/model/ExternalTask
instanceKlass org/jetbrains/plugins/gradle/model/GradleConfiguration
instanceKlass org/jetbrains/plugins/gradle/model/GradleExtension
instanceKlass org/jetbrains/plugins/gradle/model/DefaultGradleProperty
instanceKlass org/jetbrains/plugins/gradle/model/GradleExtension
instanceKlass jdk/internal/ValueBased
instanceKlass org/codehaus/groovy/runtime/typehandling/NumberMathModificationInfo
instanceKlass org/codehaus/groovy/runtime/callsite/BooleanReturningMethodInvoker
instanceKlass org/jetbrains/plugins/gradle/model/DefaultGradleConfiguration
instanceKlass org/jetbrains/plugins/gradle/model/GradleConfiguration
instanceKlass org/jetbrains/plugins/gradle/tooling/util/GradleContainerUtil
instanceKlass org/jetbrains/plugins/gradle/model/DefaultGradleExtensions
instanceKlass org/jetbrains/plugins/gradle/tooling/serialization/BuildScriptClasspathModelSerializationService$1
instanceKlass org/jetbrains/plugins/gradle/tooling/internal/ClasspathEntryModelImpl
instanceKlass org/jetbrains/plugins/gradle/tooling/util/DependencyTraverser$Itr
instanceKlass org/jetbrains/plugins/gradle/tooling/util/DependencyTraverser
instanceKlass org/jetbrains/plugins/gradle/tooling/util/resolve/DependencyResolverImpl$4$1
instanceKlass org/jetbrains/plugins/gradle/tooling/util/resolve/DependencyResolverImpl$4
instanceKlass org/gradle/internal/impldep/com/google/common/base/ExtraObjectsMethodsForWeb
instanceKlass org/jetbrains/plugins/gradle/DefaultExternalDependencyId
instanceKlass org/jetbrains/plugins/gradle/tooling/util/BooleanBiFunction
instanceKlass org/jetbrains/plugins/gradle/tooling/util/BiFunction
instanceKlass org/jetbrains/plugins/gradle/ExternalDependencyId
instanceKlass org/codehaus/groovy/runtime/typehandling/ShortTypeHandling
instanceKlass org/gradle/api/internal/artifacts/result/DefaultArtifactResolutionResult
instanceKlass org/gradle/tooling/model/idea/IdeaModule
instanceKlass org/gradle/api/internal/artifacts/ivyservice/modulecache/artifacts/DefaultCachedArtifacts
instanceKlass com/amazon/ion/impl/bin/IonRawBinaryWriter$PatchList$1
instanceKlass com/amazon/ion/impl/bin/IonRawBinaryWriter$PatchList$Node
instanceKlass org/gradle/api/internal/artifacts/ivyservice/modulecache/artifacts/AbstractArtifactsCache$ModuleArtifactsCacheEntry
instanceKlass com/amazon/ion/impl/bin/IonRawBinaryWriter$PatchPoint
instanceKlass com/amazon/ion/impl/bin/IonRawBinaryWriter$ContainerInfo
instanceKlass org/gradle/internal/impldep/gnu/trove/PrimeFinder
instanceKlass org/jetbrains/plugins/gradle/tooling/serialization/RepositoriesModelSerializationService$1
instanceKlass com/amazon/ion/impl/bin/IonManagedBinaryWriter$ImportDescriptor
instanceKlass org/gradle/api/internal/artifacts/ivyservice/modulecache/artifacts/ArtifactsAtRepositoryKey
instanceKlass org/gradle/api/internal/artifacts/result/DefaultComponentArtifactsResult
instanceKlass com/amazon/ion/impl/bin/IonRawBinaryWriter$1
instanceKlass com/amazon/ion/impl/bin/IonRawBinaryWriter$RecyclingStack
instanceKlass com/amazon/ion/impl/bin/IonRawBinaryWriter$PatchList
instanceKlass com/amazon/ion/impl/bin/WriteBuffer
instanceKlass com/amazon/ion/impl/bin/Block
instanceKlass org/gradle/api/artifacts/result/ArtifactResolutionResult
instanceKlass org/gradle/internal/resolve/result/BuildableArtifactSetResolveResult
instanceKlass org/gradle/api/artifacts/result/ComponentArtifactsResult
instanceKlass com/amazon/ion/impl/_Private_SymtabExtendsCache
instanceKlass com/amazon/ion/impl/lite/ContainerlessContext
instanceKlass org/gradle/api/internal/artifacts/query/DefaultArtifactResolutionQuery
instanceKlass com/amazon/ion/impl/lite/IonLoaderLite
instanceKlass com/amazon/ion/impl/LocalSymbolTable
instanceKlass com/amazon/ion/impl/LocalSymbolTableAsStruct$Factory
instanceKlass com/amazon/ion/IonDatagram
instanceKlass org/jetbrains/plugins/gradle/tooling/util/ModuleIdentifierImpl
instanceKlass org/jetbrains/plugins/gradle/tooling/util/ModuleComponentIdentifierImpl
instanceKlass com/amazon/ion/IonLoader
instanceKlass org/apache/commons/lang/ObjectUtils$Null
instanceKlass org/apache/commons/lang/exception/Nestable
instanceKlass com/amazon/ion/impl/lite/IonContext
instanceKlass com/amazon/ion/impl/_Private_IonContainer
instanceKlass org/apache/commons/lang/ObjectUtils
instanceKlass org/gradle/api/internal/artifacts/DefaultResolvedDependency$ResolvedArtifactComparator
instanceKlass org/gradle/api/internal/artifacts/ivyservice/ArtifactCollectingVisitor
instanceKlass org/gradle/api/internal/artifacts/ivyservice/resolveengine/oldresult/DefaultTransientConfigurationResults
instanceKlass com/amazon/ion/impl/_Private_IonSymbol
instanceKlass org/gradle/api/internal/artifacts/DefaultResolvedDependency
instanceKlass org/gradle/api/internal/artifacts/DependencyGraphNodeResult
instanceKlass org/gradle/api/internal/artifacts/ivyservice/ErrorHandlingConfigurationResolver$ErrorHandlingLenientConfiguration
instanceKlass com/amazon/ion/impl/lite/IonValueLite
instanceKlass com/amazon/ion/impl/_Private_IonValue
instanceKlass com/amazon/ion/IonNull
instanceKlass com/amazon/ion/IonTimestamp
instanceKlass com/amazon/ion/IonInt
instanceKlass com/amazon/ion/IonStruct
instanceKlass com/amazon/ion/IonFloat
instanceKlass com/amazon/ion/IonSexp
instanceKlass com/amazon/ion/IonClob
instanceKlass com/amazon/ion/IonBlob
instanceKlass com/amazon/ion/IonLob
instanceKlass com/amazon/ion/IonBool
instanceKlass com/amazon/ion/IonDecimal
instanceKlass com/amazon/ion/IonNumber
instanceKlass com/amazon/ion/IonSymbol
instanceKlass com/amazon/ion/IonList
instanceKlass org/jetbrains/plugins/gradle/tooling/util/resolve/DependencyResolverImpl$3
instanceKlass com/amazon/ion/IonSequence
instanceKlass org/gradle/plugins/ide/internal/IdePlugin
instanceKlass com/amazon/ion/IonContainer
instanceKlass com/amazon/ion/IonString
instanceKlass com/amazon/ion/IonText
instanceKlass com/amazon/ion/impl/lite/ValueFactoryLite
instanceKlass com/amazon/ion/impl/_Private_ValueFactory
instanceKlass com/amazon/ion/impl/_Private_IonSystem
instanceKlass com/amazon/ion/IonSystem
instanceKlass com/amazon/ion/impl/lite/_Private_LiteDomTrampoline
instanceKlass org/jetbrains/plugins/gradle/tooling/internal/BuildScriptClasspathModelImpl
instanceKlass com/amazon/ion/system/IonReaderBuilder
instanceKlass com/amazon/ion/IonValue
instanceKlass com/amazon/ion/IonReader
instanceKlass com/amazon/ion/impl/SharedSymbolTable
instanceKlass com/amazon/ion/impl/_Private_IonWriterBase
instanceKlass com/amazon/ion/impl/_Private_ReaderWriter
instanceKlass com/amazon/ion/util/_Private_FastAppendable
instanceKlass com/amazon/ion/impl/_Private_Utils$1
instanceKlass com/amazon/ion/impl/_Private_Utils
instanceKlass org/jetbrains/plugins/gradle/tooling/util/SourceSetCachedFinder$2
instanceKlass com/amazon/ion/system/IonSystemBuilder
instanceKlass org/jetbrains/plugins/gradle/tooling/util/SourceSetCachedFinder$ArtifactsMap
instanceKlass com/amazon/ion/system/SimpleCatalog
instanceKlass com/amazon/ion/IonMutableCatalog
instanceKlass org/jetbrains/plugins/gradle/tooling/util/SourceSetCachedFinder$1
instanceKlass com/amazon/ion/impl/bin/IonRawBinaryWriter$RecyclingStack$ElementFactory
instanceKlass org/jetbrains/kotlin/gradle/idea/kpm/IdeaKpmProjectContainer
instanceKlass com/amazon/ion/impl/bin/IonManagedBinaryWriter$ImportedSymbolResolverMode$1$1$1
instanceKlass com/amazon/ion/impl/bin/IonManagedBinaryWriter$SymbolResolver
instanceKlass org/jetbrains/kotlin/idea/gradleTooling/model/allopen/AllOpenModelImpl
instanceKlass com/amazon/ion/impl/bin/IonManagedBinaryWriter$ImportedSymbolResolverMode$1$1
instanceKlass com/amazon/ion/impl/bin/AbstractSymbolTable
instanceKlass com/amazon/ion/impl/bin/Symbols$1
instanceKlass com/amazon/ion/SymbolToken
instanceKlass com/amazon/ion/impl/bin/Symbols
instanceKlass org/jetbrains/kotlin/idea/gradleTooling/model/noarg/NoArgModelImpl
instanceKlass com/amazon/ion/impl/bin/IonManagedBinaryWriter$SymbolResolverBuilder
instanceKlass com/amazon/ion/impl/bin/IonManagedBinaryWriter$ImportedSymbolContext
instanceKlass org/jetbrains/kotlin/idea/gradleTooling/model/samWithReceiver/SamWithReceiverModelImpl
instanceKlass com/amazon/ion/impl/bin/_Private_IonRawWriter
instanceKlass com/amazon/ion/impl/bin/AbstractIonWriter
instanceKlass com/amazon/ion/impl/_Private_ByteTransferSink
instanceKlass com/amazon/ion/impl/_Private_IonWriter
instanceKlass com/amazon/ion/impl/bin/_Private_IonManagedWriter
instanceKlass com/amazon/ion/impl/bin/IonBinaryWriterAdapter$Factory
instanceKlass org/jetbrains/kotlin/idea/gradleTooling/model/assignment/AssignmentModelImpl
instanceKlass com/amazon/ion/IonCatalog
instanceKlass com/amazon/ion/impl/bin/_Private_IonManagedBinaryWriterBuilder
instanceKlass com/amazon/ion/impl/bin/BlockAllocator
instanceKlass com/amazon/ion/impl/_Private_LocalSymbolTableFactory
instanceKlass com/amazon/ion/ValueFactory
instanceKlass org/jetbrains/kotlin/idea/gradleTooling/model/parcelize/ParcelizeGradleModelImpl
instanceKlass com/amazon/ion/SymbolTable
instanceKlass com/amazon/ion/IonBinaryWriter
instanceKlass com/amazon/ion/IonWriter
instanceKlass com/amazon/ion/facet/Faceted
instanceKlass com/android/ide/gradle/model/impl/GradlePluginModelImpl$Companion
instanceKlass com/android/ide/gradle/model/impl/GradlePluginModelImpl
instanceKlass com/android/ide/gradle/model/GradlePluginModel
instanceKlass com/amazon/ion/impl/bin/BlockAllocatorProvider
instanceKlass com/android/tools/idea/projectsystem/gradle/sync/Counter
instanceKlass com/android/tools/idea/gradle/project/sync/SyncCounters
instanceKlass com/amazon/ion/system/IonWriterBuilder
instanceKlass org/jetbrains/kotlin/android/synthetic/idea/AndroidExtensionsGradleModelImpl
instanceKlass org/jetbrains/plugins/gradle/tooling/serialization/ToolingStreamApiUtils
instanceKlass org/jetbrains/plugins/gradle/model/ProjectImportAction$5$1
instanceKlass org/jetbrains/plugins/gradle/tooling/internal/RepositoriesModelImpl
instanceKlass org/gradle/internal/impldep/com/google/common/collect/Multimap
instanceKlass org/jetbrains/plugins/gradle/model/FileCollectionDependency
instanceKlass org/jetbrains/plugins/gradle/model/ExternalLibraryDependency
instanceKlass org/jetbrains/plugins/gradle/model/ExternalProjectDependency
instanceKlass org/jetbrains/plugins/gradle/model/AbstractExternalDependency
instanceKlass org/jetbrains/plugins/gradle/model/ExternalDependency
instanceKlass org/jetbrains/plugins/gradle/tooling/util/resolve/DependencyResolverImpl
instanceKlass org/jetbrains/plugins/gradle/tooling/util/DependencyResolver
instanceKlass org/gradle/internal/classpath/Instrumented$2
instanceKlass org/gradle/internal/classpath/AccessTrackingSet$Listener
instanceKlass org/jetbrains/plugins/gradle/tooling/util/ExtensionJavaPluginAccessor
instanceKlass org/jetbrains/plugins/gradle/tooling/util/JavaPluginAccessor
instanceKlass org/jetbrains/plugins/gradle/tooling/util/JavaPluginUtil
instanceKlass org/jetbrains/kotlin/idea/gradleTooling/ModelBuilderUtilsKt
instanceKlass kotlin/text/DelimitedRangesSequence$iterator$1
instanceKlass kotlin/text/DelimitedRangesSequence
instanceKlass org/jetbrains/kotlin/idea/gradleTooling/AndroidAwareGradleModelProvider$Result
instanceKlass org/gradle/tooling/internal/adapter/ProtocolToModelAdapter$MethodInvocationCache$MethodInvocationKey
instanceKlass org/gradle/tooling/internal/adapter/MethodInvocation
instanceKlass org/jetbrains/kotlin/idea/gradleTooling/AndroidAwareGradleModelProvider$Companion
instanceKlass org/jetbrains/kotlin/idea/gradleTooling/AndroidAwareGradleModelProvider
instanceKlass org/jetbrains/plugins/gradle/model/ProjectImportModelProvider
instanceKlass org/jetbrains/kotlin/tooling/core/InternerImpl$Store$Strong
instanceKlass org/jetbrains/kotlin/tooling/core/InternerImpl$Store
instanceKlass org/jetbrains/kotlin/tooling/core/InternerImpl
instanceKlass org/jetbrains/kotlin/tooling/core/Interner
instanceKlass org/jetbrains/kotlin/tooling/core/InternerKt
instanceKlass org/gradle/tooling/internal/adapter/ProtocolToModelAdapter$ViewGraphDetails$1
instanceKlass org/jetbrains/kotlin/gradle/plugin/statistics/KotlinBuildStatsService$Companion$getOrCreateInstance$1$1$1
instanceKlass org/gradle/tooling/events/internal/BaseProgressEvent
instanceKlass org/gradle/tooling/internal/adapter/ProtocolToModelAdapter$AdaptingMethodInvoker
instanceKlass org/gradle/tooling/internal/adapter/ProtocolToModelAdapter$PropertyCachingMethodInvoker
instanceKlass org/gradle/tooling/events/task/internal/TaskExecutionDetails
instanceKlass org/gradle/tooling/internal/adapter/ProtocolToModelAdapter$SafeMethodInvoker
instanceKlass org/gradle/tooling/events/internal/DefaultOperationSuccessResult
instanceKlass org/gradle/tooling/internal/adapter/ProtocolToModelAdapter$SupportedPropertyInvoker
instanceKlass org/gradle/tooling/events/task/TaskSuccessResult
instanceKlass org/gradle/tooling/events/SuccessResult
instanceKlass org/gradle/tooling/events/task/TaskExecutionResult
instanceKlass org/gradle/tooling/internal/adapter/ProtocolToModelAdapter$InvocationHandlerImpl
instanceKlass org/gradle/tooling/events/work/WorkItemFinishEvent
instanceKlass org/gradle/tooling/events/download/FileDownloadFinishEvent
instanceKlass org/gradle/tooling/internal/adapter/ProtocolToModelAdapter$ViewKey
instanceKlass org/gradle/tooling/events/transform/TransformOperationDescriptor
instanceKlass org/gradle/tooling/events/configuration/ProjectConfigurationFinishEvent
instanceKlass org/gradle/tooling/internal/adapter/WeakIdentityHashMap
instanceKlass org/gradle/tooling/events/test/TestOutputDescriptor
instanceKlass org/gradle/tooling/internal/adapter/WeakIdentityHashMap$AbsentValueProvider
instanceKlass org/gradle/tooling/events/problems/ProblemDescriptor
instanceKlass org/gradle/tooling/internal/adapter/ProtocolToModelAdapter$ViewGraphDetails
instanceKlass org/gradle/tooling/events/configuration/ProjectConfigurationOperationDescriptor
instanceKlass org/gradle/tooling/events/transform/TransformFinishEvent
instanceKlass org/gradle/tooling/events/download/FileDownloadOperationDescriptor
instanceKlass org/gradle/tooling/internal/adapter/ProtocolToModelAdapter$MixInMappingAction
instanceKlass org/gradle/tooling/events/work/WorkItemOperationDescriptor
instanceKlass org/gradle/tooling/events/configuration/ProjectConfigurationOperationResult
instanceKlass org/gradle/tooling/events/download/FileDownloadResult
instanceKlass org/gradle/tooling/events/download/FileDownloadStartEvent
instanceKlass org/gradle/tooling/internal/adapter/ProtocolToModelAdapter$DefaultViewBuilder
instanceKlass org/gradle/tooling/events/transform/TransformStartEvent
instanceKlass org/gradle/tooling/events/configuration/ProjectConfigurationStartEvent
instanceKlass org/gradle/tooling/events/work/WorkItemStartEvent
instanceKlass org/gradle/tooling/events/lifecycle/BuildPhaseFinishEvent
instanceKlass kotlin/Unit
instanceKlass org/gradle/tooling/events/test/TestOutputEvent
instanceKlass org/gradle/tooling/events/download/FileDownloadProgressEvent
instanceKlass org/gradle/tooling/events/transform/TransformProgressEvent
instanceKlass org/gradle/tooling/events/work/WorkItemProgressEvent
instanceKlass org/gradle/tooling/events/lifecycle/BuildPhaseStartEvent
instanceKlass org/gradle/tooling/events/PluginIdentifier
instanceKlass org/gradle/tooling/Failure
instanceKlass org/gradle/tooling/events/work/WorkItemOperationResult
instanceKlass org/gradle/tooling/internal/consumer/connection/ToolingParameterProxy
instanceKlass org/gradle/tooling/events/transform/TransformOperationResult
instanceKlass org/gradle/tooling/events/test/TestOperationResult
instanceKlass kotlin/jvm/internal/Lambda
instanceKlass org/gradle/tooling/events/test/TestOperationDescriptor
instanceKlass kotlin/jvm/internal/FunctionBase
instanceKlass org/gradle/tooling/events/problems/ProblemEvent
instanceKlass org/gradle/tooling/events/test/TestStartEvent
instanceKlass org/jetbrains/plugins/gradle/tooling/ModelBuilderService$Parameter
instanceKlass org/gradle/tooling/events/task/TaskFinishEvent
instanceKlass org/gradle/tooling/events/task/TaskStartEvent
instanceKlass org/gradle/tooling/events/StartEvent
instanceKlass org/gradle/tooling/events/task/TaskProgressEvent
instanceKlass org/gradle/tooling/model/internal/Exceptions
instanceKlass org/gradle/tooling/events/test/TestFinishEvent
instanceKlass org/gradle/tooling/events/test/TestProgressEvent
instanceKlass org/gradle/tooling/events/lifecycle/BuildPhaseProgressEvent
instanceKlass org/gradle/tooling/events/configuration/ProjectConfigurationProgressEvent
instanceKlass org/gradle/tooling/events/task/TaskOperationResult
instanceKlass org/gradle/tooling/events/OperationResult
instanceKlass kotlin/jvm/internal/Intrinsics
instanceKlass org/gradle/tooling/events/task/java/JavaCompileTaskOperationResult$AnnotationProcessorResult
instanceKlass org/gradle/tooling/internal/consumer/parameters/BuildProgressListenerAdapter
instanceKlass org/gradle/tooling/internal/protocol/InternalBuildProgressListener
instanceKlass java/util/concurrent/ConcurrentLinkedQueue$Itr
instanceKlass com/google/common/cache/LocalCache$WriteThroughEntry
instanceKlass com/google/common/cache/LocalCache$HashIterator
instanceKlass org/gradle/tooling/events/task/internal/DefaultTaskOperationDescriptor$1
instanceKlass org/gradle/tooling/events/internal/DefaultOperationDescriptor
instanceKlass org/gradle/internal/logging/events/StyledTextOutputEvent$Span
instanceKlass org/gradle/internal/logging/events/operations/StyledTextBuildOperationProgressDetails$Span
instanceKlass org/gradle/internal/operations/logging/StyledTextBuildOperationProgressDetails$Span
instanceKlass org/gradle/api/internal/tasks/execution/ExecuteTaskBuildOperationResult
instanceKlass org/gradle/api/internal/tasks/execution/ExecuteTaskBuildOperationType$Result
instanceKlass org/gradle/api/internal/tasks/TaskExecuterResult$1
instanceKlass org/gradle/internal/build/event/types/AbstractProgressEvent
instanceKlass org/gradle/internal/build/event/types/DefaultTaskDescriptor
instanceKlass org/gradle/tooling/internal/protocol/events/InternalTaskWithExtraInfoDescriptor
instanceKlass org/gradle/tooling/internal/protocol/events/InternalTaskDescriptor
instanceKlass java/util/TreeMap$TreeMapSpliterator
instanceKlass org/gradle/api/internal/tasks/execution/EventFiringTaskExecuter$1
instanceKlass org/gradle/api/internal/tasks/execution/EventFiringTaskExecuter
instanceKlass org/gradle/api/internal/tasks/execution/CatchExceptionTaskExecuter
instanceKlass org/gradle/api/internal/tasks/execution/SkipOnlyIfTaskExecuter
instanceKlass org/gradle/api/internal/tasks/execution/SkipTaskWithNoActionsExecuter
instanceKlass org/gradle/api/internal/tasks/execution/ResolveTaskExecutionModeExecuter
instanceKlass org/gradle/api/internal/tasks/execution/FinalizePropertiesTaskExecuter
instanceKlass org/gradle/api/internal/tasks/TaskExecuterResult
instanceKlass org/gradle/api/internal/tasks/execution/ExecuteActionsTaskExecuter
instanceKlass org/gradle/normalization/internal/InputNormalizationHandlerInternal$CachedState
instanceKlass org/gradle/normalization/internal/DefaultInputNormalizationHandler
instanceKlass org/gradle/api/internal/changedetection/state/IgnoringResourceEntryFilter
instanceKlass org/gradle/api/internal/changedetection/state/IgnoringResourceFilter
instanceKlass org/gradle/normalization/internal/DefaultRuntimeClasspathNormalization$RuntimeMetaInfNormalization
instanceKlass org/gradle/normalization/PropertiesFileNormalization
instanceKlass org/gradle/normalization/internal/DefaultRuntimeClasspathNormalization$DefaultPropertiesFileFilter
instanceKlass org/gradle/normalization/internal/DefaultRuntimeClasspathNormalization$EvaluatableFilter
instanceKlass org/gradle/normalization/internal/RuntimeClasspathNormalizationInternal$CachedState
instanceKlass org/gradle/normalization/MetaInfNormalization
instanceKlass org/gradle/normalization/internal/DefaultRuntimeClasspathNormalization
instanceKlass org/gradle/api/internal/changedetection/changes/DefaultTaskExecutionModeResolver
instanceKlass org/gradle/api/internal/tasks/execution/DefaultTaskCacheabilityResolver
instanceKlass org/gradle/internal/file/DefaultReservedFileSystemLocationRegistry
instanceKlass org/gradle/api/internal/artifacts/transform/MutableTransformWorkspaceServices$MutableTransformWorkspaceProvider
instanceKlass org/gradle/api/internal/tasks/TaskExecutionContext$ValidationAction
instanceKlass org/gradle/api/internal/tasks/execution/DefaultTaskExecutionContext
instanceKlass org/gradle/internal/reflect/validation/TypeValidationProblemRenderer
instanceKlass org/gradle/api/internal/tasks/properties/OutputFilePropertySpec
instanceKlass org/gradle/api/internal/tasks/properties/FilePropertySpec
instanceKlass org/gradle/api/internal/tasks/properties/CompositePropertyVisitor
instanceKlass org/gradle/api/internal/tasks/properties/DefaultTaskProperties$GetDestroyablesVisitor
instanceKlass org/gradle/api/internal/tasks/properties/DefaultTaskProperties$GetLocalStateVisitor
instanceKlass org/gradle/api/internal/tasks/properties/OutputUnpacker$UnpackedOutputConsumer$1
instanceKlass org/gradle/api/internal/tasks/properties/OutputUnpacker
instanceKlass org/gradle/api/internal/tasks/properties/OutputFilesCollector
instanceKlass org/gradle/api/internal/tasks/properties/ValidationAction
instanceKlass org/gradle/api/internal/tasks/properties/DefaultTaskProperties$ValidationVisitor
instanceKlass org/gradle/api/internal/tasks/properties/GetServiceReferencesVisitor
instanceKlass org/gradle/api/internal/tasks/properties/GetInputFilesVisitor
instanceKlass org/gradle/api/internal/tasks/properties/GetInputPropertiesVisitor
instanceKlass org/gradle/api/internal/tasks/properties/DefaultTaskProperties
instanceKlass org/gradle/api/internal/tasks/properties/TaskProperties
instanceKlass org/gradle/execution/plan/ResolveMutationsNode$ResolveTaskMutationsDetails
instanceKlass org/gradle/api/internal/tasks/execution/ResolveTaskMutationsBuildOperationType$Details
instanceKlass org/gradle/execution/plan/ResolveMutationsNode$1
instanceKlass org/gradle/api/execution/TaskActionListener
instanceKlass org/gradle/execution/plan/MissingTaskDependencyDetector
instanceKlass org/gradle/api/internal/changedetection/TaskExecutionModeResolver
instanceKlass org/gradle/internal/file/ReservedFileSystemLocationRegistry
instanceKlass org/gradle/api/internal/tasks/execution/TaskCacheabilityResolver
instanceKlass org/gradle/api/internal/tasks/TaskExecuter
instanceKlass org/gradle/execution/ProjectExecutionServiceRegistry$DefaultNodeExecutionContext
instanceKlass org/gradle/execution/plan/DefaultPlanExecutor$WorkItem
instanceKlass org/gradle/execution/plan/WorkSource$Selection
instanceKlass org/gradle/execution/plan/edges/DependencyPredecessorsOnlyNodeSet
instanceKlass org/gradle/execution/plan/edges/DependencySuccessorsOnlyNodeSet
instanceKlass org/gradle/execution/plan/DefaultPlanExecutor$ExecutorState$WorkerState
instanceKlass org/gradle/execution/plan/DefaultPlanExecutor$ExecutorWorker
instanceKlass org/gradle/execution/plan/DefaultPlanExecutor$PlanDetails
instanceKlass org/gradle/execution/taskgraph/DefaultTaskExecutionGraph$InvokeNodeExecutorsAction
instanceKlass org/gradle/execution/taskgraph/DefaultTaskExecutionGraph$BuildOperationAwareExecutionAction
instanceKlass org/gradle/execution/ProjectExecutionServiceRegistry
instanceKlass org/gradle/execution/RunRootBuildWorkBuildOperationType$Details
instanceKlass org/gradle/execution/BuildOperationFiringBuildWorkerExecutor$ExecuteTasks
instanceKlass org/gradle/composite/internal/DefaultBuildController$BuildOpRunnable
instanceKlass org/gradle/internal/buildtree/BuildOperationFiringBuildTreeWorkExecutor$1
instanceKlass org/gradle/composite/internal/DefaultIncludedBuildTaskGraph$DefaultBuildTreeWorkGraph$1$1
instanceKlass org/gradle/internal/taskgraph/CalculateTreeTaskGraphBuildOperationType$Result
instanceKlass org/gradle/api/internal/provider/ValueSupplier$TaskProducer
instanceKlass org/gradle/api/internal/project/taskfactory/StandardTaskAction
instanceKlass org/gradle/api/internal/project/taskfactory/DefaultTaskClassInfoStore$IncrementalTaskActionFactory
instanceKlass org/gradle/api/internal/project/taskfactory/DefaultTaskClassInfoStore$StandardTaskActionFactory
instanceKlass org/gradle/internal/extensibility/ConventionAwareHelper$MappedPropertyImpl
instanceKlass org/gradle/api/internal/ConventionMapping$MappedProperty
instanceKlass org/gradle/execution/taskgraph/NotifyTaskGraphWhenReadyBuildOperationType$1
instanceKlass org/gradle/execution/taskgraph/NotifyTaskGraphWhenReadyBuildOperationType$Result
instanceKlass org/gradle/execution/taskgraph/NotifyTaskGraphWhenReadyBuildOperationType
instanceKlass org/gradle/execution/taskgraph/DefaultTaskExecutionGraph$NotifyTaskGraphWhenReadyDetails
instanceKlass org/gradle/execution/taskgraph/NotifyTaskGraphWhenReadyBuildOperationType$Details
instanceKlass org/gradle/execution/taskgraph/DefaultTaskExecutionGraph$NotifyTaskGraphWhenReady
instanceKlass org/gradle/execution/plan/DefaultFinalizedExecutionPlan$ExecutionQueue
instanceKlass org/gradle/execution/plan/DefaultFinalizedExecutionPlan$1
instanceKlass org/gradle/execution/plan/DefaultFinalizedExecutionPlan
instanceKlass org/gradle/execution/plan/WorkSource
instanceKlass org/gradle/internal/build/BuildOperationFiringBuildWorkPreparer$PopulateWorkGraph$CalculateTaskGraphResult
instanceKlass org/gradle/internal/taskgraph/CalculateTaskGraphBuildOperationType$Result
instanceKlass org/gradle/execution/plan/ToPlannedTaskConverter$PlannedTaskIdentity
instanceKlass org/gradle/initialization/DefaultPlannedTask
instanceKlass org/gradle/internal/taskgraph/CalculateTaskGraphBuildOperationType$PlannedTask
instanceKlass org/gradle/internal/build/PlannedNodeGraph
instanceKlass org/gradle/internal/build/PlannedNodeGraph$IdentityProvider
instanceKlass org/gradle/internal/build/PlannedNodeGraph$DependencyTraverser
instanceKlass org/gradle/internal/build/PlannedNodeGraph$Collector
instanceKlass org/gradle/execution/plan/DefaultExecutionPlan$1
instanceKlass java/util/IdentityHashMap$IdentityHashMapIterator
instanceKlass org/gradle/execution/plan/DetermineExecutionPlanAction$TaskClassifier
instanceKlass org/gradle/execution/plan/DetermineExecutionPlanAction$NodeInVisitingSegment
instanceKlass org/gradle/execution/plan/DetermineExecutionPlanAction
instanceKlass com/google/common/collect/AbstractMapBasedMultimap$Itr
instanceKlass org/gradle/internal/reflect/validation/TypeAwareProblemBuilder
instanceKlass org/gradle/internal/reflect/validation/TypeValidationContext$1
instanceKlass org/gradle/api/internal/tasks/TaskPropertyUtils
instanceKlass org/gradle/api/internal/tasks/DefaultTaskInputs$1
instanceKlass org/gradle/execution/plan/ResolveMutationsNode$2
instanceKlass org/gradle/api/internal/tasks/execution/ResolveTaskMutationsBuildOperationType$Result
instanceKlass org/gradle/execution/plan/NodeSets
instanceKlass org/gradle/execution/plan/MutationInfo
instanceKlass org/gradle/execution/plan/edges/DependentNodesSet$1
instanceKlass org/gradle/execution/plan/edges/DependentNodesSet
instanceKlass org/gradle/execution/plan/edges/DependencyNodesSet$1
instanceKlass org/gradle/execution/plan/edges/DependencyNodesSet
instanceKlass org/gradle/execution/plan/TaskNodeFactory$DefaultTypeOriginInspectorFactory$ProjectScopedTypeOriginInspector
instanceKlass org/gradle/execution/plan/NodeGroup
instanceKlass org/gradle/execution/plan/NodeComparator
instanceKlass org/gradle/execution/TaskNameResolver$FixedTaskSelectionResult
instanceKlass org/gradle/api/tasks/TaskAction
instanceKlass org/gradle/configurationcache/AbstractTaskProjectAccessChecker
instanceKlass org/gradle/internal/execution/DefaultWorkExecutionTracker$OperationListener
instanceKlass org/gradle/internal/execution/DefaultWorkExecutionTracker
instanceKlass org/gradle/api/internal/tasks/DefaultTaskRequiredServices
instanceKlass org/gradle/api/internal/tasks/DefaultTaskLocalState
instanceKlass org/gradle/api/internal/tasks/DefaultTaskDestroyables
instanceKlass org/gradle/api/internal/tasks/TaskDestroyablesInternal
instanceKlass org/gradle/api/internal/tasks/properties/OutputUnpacker$UnpackedOutputConsumer
instanceKlass org/gradle/api/tasks/TaskOutputFilePropertyBuilder
instanceKlass org/gradle/api/internal/tasks/DefaultTaskOutputs
instanceKlass org/gradle/api/internal/TaskOutputsEnterpriseInternal
instanceKlass org/gradle/api/internal/tasks/TaskInputsDeprecationSupport
instanceKlass org/gradle/api/internal/FilePropertyContainer
instanceKlass org/gradle/api/internal/tasks/TaskInputFilePropertyRegistration
instanceKlass org/gradle/api/internal/tasks/TaskPropertyRegistration
instanceKlass org/gradle/api/tasks/TaskInputPropertyBuilder
instanceKlass org/gradle/api/internal/tasks/TaskInputFilePropertyBuilderInternal
instanceKlass org/gradle/api/internal/tasks/TaskFilePropertyBuilderInternal
instanceKlass org/gradle/api/tasks/TaskInputFilePropertyBuilder
instanceKlass org/gradle/api/tasks/TaskFilePropertyBuilder
instanceKlass org/gradle/api/tasks/TaskPropertyBuilder
instanceKlass org/gradle/api/internal/tasks/DefaultTaskInputs
instanceKlass org/gradle/internal/logging/slf4j/DefaultContextAwareTaskLogger
instanceKlass org/gradle/api/internal/tasks/execution/SelfDescribingSpec
instanceKlass org/gradle/api/internal/AbstractTask$10
instanceKlass org/gradle/api/internal/project/taskfactory/TaskFactory$1
instanceKlass org/gradle/api/internal/tasks/DefaultTaskContainer$RealizeDetails
instanceKlass org/gradle/api/internal/tasks/DefaultTaskContainer$TaskCreatingProvider$1
instanceKlass org/gradle/execution/TaskNameResolver$MultiProjectTaskSelectionResult
instanceKlass org/gradle/execution/selection/DefaultBuildTaskSelector$ProjectResolutionResult
instanceKlass org/gradle/internal/build/DefaultBuildLifecycleController$DefaultWorkGraphBuilder
instanceKlass org/gradle/internal/build/BuildOperationFiringBuildWorkPreparer$PopulateWorkGraph$1
instanceKlass org/gradle/internal/taskgraph/CalculateTaskGraphBuildOperationType$Details
instanceKlass org/gradle/internal/build/BuildOperationFiringBuildWorkPreparer$PopulateWorkGraph
instanceKlass org/gradle/internal/build/DefaultBuildLifecycleController$DefaultBuildWorkPlan
instanceKlass org/gradle/execution/plan/OrdinalNodeAccess
instanceKlass org/gradle/execution/plan/QueryableExecutionPlan$ScheduledNodes
instanceKlass org/gradle/execution/plan/DefaultExecutionPlan
instanceKlass org/gradle/execution/plan/QueryableExecutionPlan
instanceKlass org/gradle/internal/build/DefaultBuildWorkGraphController$DefaultBuildWorkGraph
instanceKlass org/gradle/composite/internal/DefaultBuildController
instanceKlass org/gradle/internal/build/BuildLifecycleController$WorkGraphBuilder
instanceKlass org/gradle/composite/internal/TaskIdentifier
instanceKlass org/gradle/composite/internal/DefaultIncludedBuildTaskGraph$DefaultBuildTreeWorkGraphBuilder
instanceKlass org/gradle/composite/internal/DefaultIncludedBuildTaskGraph$DefaultBuildTreeWorkGraph$1$2
instanceKlass org/gradle/internal/taskgraph/CalculateTreeTaskGraphBuildOperationType$Details
instanceKlass org/gradle/composite/internal/DefaultIncludedBuildTaskGraph$DefaultBuildTreeWorkGraph$1
instanceKlass org/gradle/internal/buildtree/BuildTreeWorkGraph$Builder
instanceKlass org/gradle/composite/internal/BuildController
instanceKlass org/gradle/composite/internal/DefaultBuildControllers
instanceKlass org/gradle/composite/internal/BuildControllers
instanceKlass org/gradle/composite/internal/DefaultIncludedBuildTaskGraph$DefaultBuildTreeWorkGraph
instanceKlass org/gradle/internal/buildtree/BuildTreeWorkGraph$FinalizedGraph
instanceKlass org/gradle/internal/buildtree/BuildTreeWorkGraph
instanceKlass org/gradle/configurationcache/VintageBuildTreeWorkController$scheduleAndRunRequestedTasks$1
instanceKlass org/gradle/tooling/internal/provider/PhasedBuildActionResult
instanceKlass java/io/ObjectOutputStream$PutField
instanceKlass java/util/function/LongBinaryOperator
instanceKlass java/util/function/ToLongBiFunction
instanceKlass java/util/function/DoubleBinaryOperator
instanceKlass java/util/function/ToDoubleBiFunction
instanceKlass com/intellij/util/Consumer
instanceKlass org/gradle/internal/serialize/ExceptionReplacingObjectOutputStream$1
instanceKlass org/gradle/tooling/internal/provider/serialization/WellKnownClassLoaderRegistry$1
instanceKlass org/gradle/tooling/internal/provider/serialization/DefaultPayloadClassLoaderRegistry$1
instanceKlass org/jetbrains/plugins/gradle/model/internal/TurnOffDefaultTasks
instanceKlass org/gradle/internal/DefaultTaskExecutionRequest
instanceKlass org/jetbrains/plugins/gradle/model/ProjectImportAction$6
instanceKlass org/jetbrains/kotlin/commonizer/KonanDistribution
instanceKlass org/jetbrains/kotlin/commonizer/CommonizerTarget
instanceKlass org/jetbrains/kotlin/gradle/targets/native/internal/KotlinNativePlatformDependenciesKt
instanceKlass org/jetbrains/kotlin/idea/gradleTooling/PrepareKotlinIdeaImportTaskModelBuilder$KotlinNativePlatformDependenciesKt
instanceKlass org/jetbrains/kotlin/gradle/model/Kapt
instanceKlass org/jetbrains/kotlin/gradle/model/KotlinProject
instanceKlass com/android/ide/gradle/model/LegacyAndroidGradlePluginProperties
instanceKlass com/android/builder/model/v2/models/ndk/NativeModule
instanceKlass com/android/builder/model/v2/models/ProjectSyncIssues
instanceKlass com/android/builder/model/v2/models/VariantDependenciesAdjacencyList
instanceKlass com/android/builder/model/v2/models/VariantDependencies
instanceKlass com/android/builder/model/v2/models/AndroidDsl
instanceKlass com/android/builder/model/v2/models/AndroidProject
instanceKlass com/android/builder/model/v2/models/BasicAndroidProject
instanceKlass com/android/builder/model/v2/models/Versions
instanceKlass com/android/builder/model/v2/AndroidModel
instanceKlass org/jetbrains/kotlin/idea/gradleTooling/PrepareKotlinIdeaImportTaskModelBuilder$Messages
instanceKlass org/jetbrains/plugins/gradle/model/ProjectImportAction$5
instanceKlass org/jetbrains/plugins/gradle/model/ProjectImportAction$4
instanceKlass org/jetbrains/plugins/gradle/model/ProjectImportAction$MyBuildController
instanceKlass org/gradle/api/Action
instanceKlass org/gradle/internal/IoActions
instanceKlass org/jetbrains/plugins/gradle/tooling/serialization/KotlinDslScriptsModelSerializationService
instanceKlass org/jetbrains/plugins/gradle/tooling/serialization/ProjectDependenciesSerializationService$ReadContext
instanceKlass org/jetbrains/plugins/gradle/tooling/serialization/ProjectDependenciesSerializationService$WriteContext
instanceKlass org/jetbrains/plugins/gradle/tooling/serialization/ProjectDependenciesSerializationService
instanceKlass org/jetbrains/plugins/gradle/tooling/serialization/AnnotationProcessingModelSerializationService$ReadContext
instanceKlass org/jetbrains/plugins/gradle/tooling/serialization/AnnotationProcessingModelSerializationService$WriteContext
instanceKlass org/jetbrains/plugins/gradle/tooling/serialization/AnnotationProcessingModelSerializationService
instanceKlass org/jetbrains/plugins/gradle/tooling/serialization/ExternalTestsSerializationService$ReadContext
instanceKlass org/jetbrains/plugins/gradle/tooling/serialization/ExternalTestsSerializationService$WriteContext
instanceKlass org/jetbrains/plugins/gradle/tooling/serialization/ExternalTestsSerializationService
instanceKlass org/jetbrains/plugins/gradle/tooling/serialization/GradleExtensionsSerializationService$ReadContext
instanceKlass org/jetbrains/plugins/gradle/tooling/serialization/GradleExtensionsSerializationService$WriteContext
instanceKlass org/jetbrains/plugins/gradle/model/GradleProperty
instanceKlass org/jetbrains/plugins/gradle/tooling/serialization/GradleExtensionsSerializationService
instanceKlass org/jetbrains/plugins/gradle/tooling/serialization/RepositoriesModelSerializationService$ReadContext
instanceKlass org/jetbrains/plugins/gradle/tooling/serialization/RepositoriesModelSerializationService$WriteContext
instanceKlass org/jetbrains/plugins/gradle/tooling/serialization/RepositoriesModelSerializationService
instanceKlass org/jetbrains/plugins/gradle/tooling/serialization/BuildScriptClasspathModelSerializationService$ReadContext
instanceKlass org/jetbrains/plugins/gradle/tooling/serialization/BuildScriptClasspathModelSerializationService$WriteContext
instanceKlass org/jetbrains/plugins/gradle/model/ClasspathEntryModel
instanceKlass org/jetbrains/plugins/gradle/tooling/serialization/BuildScriptClasspathModelSerializationService
instanceKlass org/jetbrains/plugins/gradle/tooling/serialization/ExternalProjectSerializationService$ReadContext
instanceKlass org/gradle/internal/impldep/gnu/trove/TObjectCanonicalHashingStrategy
instanceKlass org/gradle/internal/impldep/gnu/trove/TObjectIdentityHashingStrategy
instanceKlass org/jetbrains/plugins/gradle/tooling/serialization/ExternalProjectSerializationService$WriteContext
instanceKlass org/jetbrains/plugins/gradle/model/FilePatternSet
instanceKlass com/intellij/util/ThrowableConsumer
instanceKlass org/jetbrains/plugins/gradle/tooling/serialization/ExternalProjectSerializationService
instanceKlass org/jetbrains/plugins/gradle/tooling/util/IntObjectMap$1
instanceKlass com/intellij/util/containers/IntObjectHashMap
instanceKlass com/intellij/util/containers/IntObjectHashMap$ArrayProducer
instanceKlass org/jetbrains/plugins/gradle/tooling/util/IntObjectMap
instanceKlass org/jetbrains/plugins/gradle/tooling/serialization/internal/IdeaProjectSerializationService$ReadContext
instanceKlass org/jetbrains/plugins/gradle/tooling/serialization/internal/IdeaProjectSerializationService$WriteContext$8
instanceKlass org/jetbrains/plugins/gradle/tooling/serialization/internal/IdeaProjectSerializationService$WriteContext$7
instanceKlass org/jetbrains/plugins/gradle/tooling/serialization/internal/IdeaProjectSerializationService$WriteContext$6
instanceKlass org/jetbrains/plugins/gradle/tooling/serialization/internal/IdeaProjectSerializationService$WriteContext$5
instanceKlass org/jetbrains/plugins/gradle/tooling/serialization/internal/IdeaProjectSerializationService$WriteContext$4
instanceKlass org/jetbrains/plugins/gradle/tooling/serialization/internal/IdeaProjectSerializationService$WriteContext$3
instanceKlass org/jetbrains/plugins/gradle/tooling/serialization/internal/IdeaProjectSerializationService$WriteContext$2
instanceKlass org/gradle/internal/impldep/gnu/trove/TObjectHash$NULL
instanceKlass org/gradle/internal/impldep/gnu/trove/TObjectIntProcedure
instanceKlass org/gradle/internal/impldep/gnu/trove/THash
instanceKlass org/jetbrains/plugins/gradle/tooling/serialization/internal/IdeaProjectSerializationService$WriteContext$1
instanceKlass org/jetbrains/plugins/gradle/tooling/util/ObjectCollector
instanceKlass org/gradle/internal/impldep/gnu/trove/TObjectHashingStrategy
instanceKlass org/gradle/internal/impldep/gnu/trove/Equality
instanceKlass org/jetbrains/plugins/gradle/tooling/serialization/internal/IdeaProjectSerializationService$WriteContext
instanceKlass org/jetbrains/plugins/gradle/tooling/util/IntObjectMap$ObjectFactory
instanceKlass org/jetbrains/plugins/gradle/tooling/util/ObjectCollector$Processor
instanceKlass org/jetbrains/plugins/gradle/tooling/serialization/internal/IdeaProjectSerializationService
instanceKlass org/jetbrains/plugins/gradle/tooling/serialization/KotlinDslScriptsModelSerializationService
instanceKlass org/jetbrains/plugins/gradle/tooling/serialization/ProjectDependenciesSerializationService$ReadContext
instanceKlass org/jetbrains/plugins/gradle/tooling/serialization/ProjectDependenciesSerializationService$WriteContext
instanceKlass org/jetbrains/plugins/gradle/tooling/serialization/ProjectDependenciesSerializationService
instanceKlass org/jetbrains/plugins/gradle/tooling/serialization/AnnotationProcessingModelSerializationService$ReadContext
instanceKlass org/jetbrains/plugins/gradle/tooling/serialization/AnnotationProcessingModelSerializationService$WriteContext
instanceKlass org/jetbrains/plugins/gradle/model/AnnotationProcessingConfig
instanceKlass org/jetbrains/plugins/gradle/tooling/serialization/AnnotationProcessingModelSerializationService
instanceKlass org/jetbrains/plugins/gradle/tooling/serialization/ExternalTestsSerializationService$ReadContext
instanceKlass org/jetbrains/plugins/gradle/tooling/serialization/ExternalTestsSerializationService$WriteContext
instanceKlass org/jetbrains/plugins/gradle/tooling/serialization/ExternalTestsSerializationService
instanceKlass org/jetbrains/plugins/gradle/tooling/serialization/GradleExtensionsSerializationService$ReadContext
instanceKlass org/jetbrains/plugins/gradle/tooling/serialization/GradleExtensionsSerializationService$WriteContext
instanceKlass org/jetbrains/plugins/gradle/model/GradleProperty
instanceKlass org/jetbrains/plugins/gradle/tooling/serialization/GradleExtensionsSerializationService
instanceKlass org/jetbrains/plugins/gradle/tooling/serialization/RepositoriesModelSerializationService$ReadContext
instanceKlass org/jetbrains/plugins/gradle/tooling/serialization/RepositoriesModelSerializationService$WriteContext
instanceKlass org/jetbrains/plugins/gradle/tooling/serialization/RepositoriesModelSerializationService
instanceKlass org/jetbrains/plugins/gradle/tooling/serialization/BuildScriptClasspathModelSerializationService$ReadContext
instanceKlass org/jetbrains/plugins/gradle/tooling/serialization/BuildScriptClasspathModelSerializationService$WriteContext
instanceKlass org/jetbrains/plugins/gradle/tooling/serialization/BuildScriptClasspathModelSerializationService
instanceKlass org/jetbrains/plugins/gradle/tooling/serialization/ExternalProjectSerializationService$ReadContext
instanceKlass org/gradle/internal/impldep/gnu/trove/TObjectCanonicalHashingStrategy
instanceKlass org/gradle/internal/impldep/gnu/trove/TObjectIdentityHashingStrategy
instanceKlass org/jetbrains/plugins/gradle/tooling/serialization/ExternalProjectSerializationService$WriteContext
instanceKlass org/jetbrains/plugins/gradle/model/FilePatternSet
instanceKlass com/intellij/util/ThrowableConsumer
instanceKlass org/jetbrains/plugins/gradle/tooling/serialization/ExternalProjectSerializationService
instanceKlass org/jetbrains/plugins/gradle/tooling/serialization/ToolingSerializer$1
instanceKlass org/jetbrains/plugins/gradle/tooling/util/IntObjectMap$1
instanceKlass com/intellij/util/containers/IntObjectHashMap
instanceKlass com/intellij/util/containers/IntObjectHashMap$ArrayProducer
instanceKlass org/jetbrains/plugins/gradle/tooling/util/IntObjectMap
instanceKlass org/jetbrains/plugins/gradle/tooling/serialization/internal/IdeaProjectSerializationService$ReadContext
instanceKlass org/jetbrains/plugins/gradle/tooling/serialization/internal/IdeaProjectSerializationService$WriteContext$8
instanceKlass org/jetbrains/plugins/gradle/tooling/serialization/internal/IdeaProjectSerializationService$WriteContext$7
instanceKlass org/jetbrains/plugins/gradle/tooling/serialization/internal/IdeaProjectSerializationService$WriteContext$6
instanceKlass org/jetbrains/plugins/gradle/tooling/serialization/internal/IdeaProjectSerializationService$WriteContext$5
instanceKlass org/jetbrains/plugins/gradle/tooling/serialization/internal/IdeaProjectSerializationService$WriteContext$4
instanceKlass org/jetbrains/plugins/gradle/tooling/serialization/internal/IdeaProjectSerializationService$WriteContext$3
instanceKlass org/jetbrains/plugins/gradle/tooling/serialization/internal/IdeaProjectSerializationService$WriteContext$2
instanceKlass org/gradle/internal/impldep/gnu/trove/TObjectHash$NULL
instanceKlass org/gradle/internal/impldep/gnu/trove/TObjectIntProcedure
instanceKlass org/gradle/internal/impldep/gnu/trove/THash
instanceKlass org/jetbrains/plugins/gradle/tooling/serialization/internal/IdeaProjectSerializationService$WriteContext$1
instanceKlass org/jetbrains/plugins/gradle/tooling/util/ObjectCollector
instanceKlass org/gradle/tooling/internal/adapter/CollectionMapper
instanceKlass org/gradle/tooling/internal/adapter/TypeInspector
instanceKlass org/gradle/tooling/internal/adapter/ProtocolToModelAdapter$MethodInvocationCache
instanceKlass org/gradle/tooling/internal/adapter/ProtocolToModelAdapter$ReflectionMethodInvoker
instanceKlass org/gradle/tooling/internal/adapter/MethodInvoker
instanceKlass org/gradle/tooling/internal/adapter/ProtocolToModelAdapter$1
instanceKlass org/gradle/tooling/internal/adapter/ProtocolToModelAdapter$NoOpDecoration
instanceKlass org/gradle/tooling/internal/adapter/ViewBuilder
instanceKlass org/gradle/tooling/internal/adapter/TargetTypeProvider
instanceKlass org/gradle/tooling/internal/adapter/ProtocolToModelAdapter$ViewDecoration
instanceKlass org/gradle/tooling/internal/adapter/ProtocolToModelAdapter
instanceKlass org/gradle/tooling/internal/adapter/ObjectGraphAdapter
instanceKlass org/gradle/internal/impldep/gnu/trove/TObjectHashingStrategy
instanceKlass org/gradle/internal/impldep/gnu/trove/Equality
instanceKlass org/jetbrains/plugins/gradle/tooling/serialization/internal/IdeaProjectSerializationService$WriteContext
instanceKlass org/gradle/tooling/model/DomainObjectSet
instanceKlass org/jetbrains/plugins/gradle/tooling/util/IntObjectMap$ObjectFactory
instanceKlass org/gradle/tooling/model/idea/IdeaModuleDependency
instanceKlass org/gradle/tooling/model/idea/IdeaDependency
instanceKlass org/gradle/tooling/model/Dependency
instanceKlass org/jetbrains/plugins/gradle/tooling/util/ObjectCollector$Processor
instanceKlass org/jetbrains/plugins/gradle/tooling/serialization/internal/adapter/Supplier
instanceKlass org/gradle/tooling/model/idea/IdeaProject
instanceKlass org/gradle/tooling/model/HierarchicalElement
instanceKlass org/gradle/tooling/model/Element
instanceKlass org/jetbrains/plugins/gradle/tooling/serialization/internal/IdeaProjectSerializationService
instanceKlass org/jetbrains/plugins/gradle/tooling/serialization/SerializationService
instanceKlass org/jetbrains/plugins/gradle/tooling/util/ClassMap
instanceKlass org/jetbrains/plugins/gradle/tooling/serialization/DefaultSerializationService
instanceKlass org/jetbrains/plugins/gradle/tooling/serialization/SerializationService
instanceKlass org/jetbrains/plugins/gradle/tooling/serialization/ToolingSerializer
instanceKlass org/jetbrains/plugins/gradle/tooling/internal/ExtraModelBuilder$1
instanceKlass org/gradle/tooling/provider/model/internal/DefaultToolingModelBuilderRegistry$BuilderWithParameter
instanceKlass org/jetbrains/plugins/gradle/model/internal/DummyModel
instanceKlass org/jetbrains/plugins/gradle/model/ProjectImportActionWithCustomSerializer$ToolingSerializerConverter
instanceKlass com/intellij/openapi/util/io/FileUtilRt$RepeatableIOOperation
instanceKlass com/intellij/openapi/util/io/FileUtilRt
instanceKlass org/jetbrains/plugins/gradle/tooling/serialization/internal/adapter/InternalJavaEnvironment
instanceKlass org/gradle/tooling/internal/build/DefaultBuildEnvironment$2
instanceKlass org/jetbrains/plugins/gradle/tooling/serialization/internal/adapter/Suppliers$SupplierOfInstance
instanceKlass org/jetbrains/plugins/gradle/tooling/serialization/internal/adapter/InternalBuildIdentifier
instanceKlass org/jetbrains/plugins/gradle/tooling/serialization/internal/adapter/Suppliers
instanceKlass org/gradle/tooling/internal/build/DefaultBuildEnvironment$1
instanceKlass org/jetbrains/plugins/gradle/model/ProjectImportAction$3
instanceKlass org/jetbrains/plugins/gradle/model/ProjectImportAction$2
instanceKlass org/jetbrains/plugins/gradle/model/ProjectImportAction$1
instanceKlass org/jetbrains/plugins/gradle/tooling/serialization/internal/adapter/build/InternalBuildEnvironment
instanceKlass org/gradle/tooling/model/build/JavaEnvironment
instanceKlass org/gradle/tooling/model/build/GradleEnvironment
instanceKlass org/gradle/tooling/model/build/JavaEnvironment
instanceKlass org/gradle/tooling/model/build/GradleEnvironment
instanceKlass org/gradle/tooling/internal/build/DefaultBuildEnvironment
instanceKlass org/gradle/tooling/internal/protocol/InternalBuildEnvironment
instanceKlass org/gradle/internal/agents/AgentUtils
instanceKlass org/gradle/process/internal/DefaultJavaDebugOptions
instanceKlass org/gradle/process/internal/JvmOptions
instanceKlass org/gradle/process/internal/CurrentProcess
instanceKlass org/gradle/tooling/provider/model/internal/DefaultToolingModelBuilderRegistry$BuilderWithNoParameter
instanceKlass org/gradle/tooling/model/kotlin/dsl/KotlinDslScriptsModel
instanceKlass com/android/ide/gradle/model/artifacts/AdditionalClassifierArtifactsModel
instanceKlass com/android/ide/gradle/model/GradlePropertiesModel
instanceKlass com/android/ide/gradle/model/LegacyV1AgpVersionModel
instanceKlass com/android/ide/gradle/model/composites/BuildMap
instanceKlass com/android/ide/gradle/model/GradlePluginModel
instanceKlass org/gradle/api/internal/artifacts/result/AbstractDependencyResult
instanceKlass org/gradle/api/artifacts/result/ResolvedDependencyResult
instanceKlass org/gradle/api/internal/artifacts/ivyservice/resolveengine/result/DetachedResolvedGraphDependency
instanceKlass org/gradle/api/internal/artifacts/ivyservice/resolveengine/result/CachingComponentSelectionDescriptorFactory$Key
instanceKlass org/gradle/cache/internal/BinaryStore$ReadAction
instanceKlass com/android/build/gradle/internal/utils/ResolutionResultUtils
instanceKlass org/gradle/api/internal/artifacts/configurations/DefaultConfiguration$ConfigurationResolvableDependencies$LenientResolutionResult
instanceKlass com/android/build/gradle/internal/utils/ViolatingPluginDetector
instanceKlass com/android/build/gradle/internal/utils/GradlePluginUtils$enforceMinimumVersionsOfPlugins$1$3
instanceKlass com/google/common/base/ExtraObjectsMethodsForWeb
instanceKlass org/jetbrains/kotlin/gradle/internal/AndroidExtensionsSubpluginIndicator
instanceKlass com/android/build/gradle/internal/utils/GradlePluginUtils$enforceMinimumVersionsOfPlugins$1$2
instanceKlass com/android/build/gradle/internal/utils/GradlePluginUtils$enforceMinimumVersionsOfPlugins$1$1
instanceKlass org/jetbrains/kotlin/com/intellij/openapi/diagnostic/Attachment
instanceKlass org/jetbrains/kotlin/com/intellij/openapi/diagnostic/Logger$DefaultFactory
instanceKlass org/jetbrains/kotlin/com/intellij/openapi/diagnostic/Logger$Factory
instanceKlass org/jetbrains/kotlin/com/intellij/openapi/diagnostic/Logger
instanceKlass org/jetbrains/kotlin/cli/jvm/compiler/KotlinCoreEnvironment$Companion
instanceKlass org/jetbrains/kotlin/cli/jvm/compiler/KotlinCoreEnvironment
instanceKlass org/jetbrains/kotlin/config/LanguageFeature$Companion
instanceKlass org/jetbrains/kotlin/config/JvmDefaultMode$Companion
instanceKlass org/jetbrains/kotlin/config/JvmAnalysisFlags$Delegates$JvmDefaultModeDisabledByDefault
instanceKlass org/jetbrains/kotlin/utils/WrappedValues$1
instanceKlass org/jetbrains/kotlin/utils/WrappedValues
instanceKlass org/jetbrains/kotlin/name/FqNamesUtilKt
instanceKlass org/jetbrains/kotlin/load/java/NullabilityAnnotationStates$Companion
instanceKlass org/jetbrains/kotlin/load/java/Jsr305Settings
instanceKlass org/jetbrains/kotlin/storage/LockBasedStorageManager$MapBasedMemoizedFunction
instanceKlass org/jetbrains/kotlin/storage/DefaultSimpleLock
instanceKlass org/jetbrains/kotlin/storage/SimpleLock$Companion
instanceKlass org/jetbrains/kotlin/storage/EmptySimpleLock
instanceKlass org/jetbrains/kotlin/storage/LockBasedStorageManager$ExceptionHandlingStrategy$1
instanceKlass org/jetbrains/kotlin/storage/LockBasedStorageManager$ExceptionHandlingStrategy
instanceKlass org/jetbrains/kotlin/storage/MemoizedFunctionToNotNull
instanceKlass org/jetbrains/kotlin/storage/CacheWithNullableValues
instanceKlass org/jetbrains/kotlin/storage/CacheWithNotNullValues
instanceKlass org/jetbrains/kotlin/storage/NotNullLazyValue
instanceKlass org/jetbrains/kotlin/storage/NullableLazyValue
instanceKlass org/jetbrains/kotlin/storage/MemoizedFunctionToNullable
instanceKlass org/jetbrains/kotlin/storage/SimpleLock
instanceKlass org/jetbrains/kotlin/storage/LockBasedStorageManager
instanceKlass org/jetbrains/kotlin/storage/StorageManager
instanceKlass org/jetbrains/kotlin/load/java/ReportLevel$Companion
instanceKlass org/jetbrains/kotlin/load/java/JavaNullabilityAnnotationsStatus$Companion
instanceKlass org/jetbrains/kotlin/load/java/JavaNullabilityAnnotationsStatus
instanceKlass org/jetbrains/kotlin/load/java/NullabilityAnnotationStatesImpl
instanceKlass org/jetbrains/kotlin/load/java/NullabilityAnnotationStates
instanceKlass org/jetbrains/kotlin/name/FqNameUnsafe$1
instanceKlass org/jetbrains/kotlin/name/Name
instanceKlass org/jetbrains/kotlin/name/FqNameUnsafe
instanceKlass org/jetbrains/kotlin/name/FqName
instanceKlass org/jetbrains/kotlin/load/java/JavaNullabilityAnnotationSettingsKt
instanceKlass org/jetbrains/kotlin/load/java/JavaTypeEnhancementState$Companion
instanceKlass org/jetbrains/kotlin/load/java/JavaTypeEnhancementState
instanceKlass org/jetbrains/kotlin/config/JvmAnalysisFlags$Delegates$JavaTypeEnhancementStateWarnByDefault
instanceKlass org/jetbrains/kotlin/config/JvmAnalysisFlags
instanceKlass org/jetbrains/kotlin/config/ExplicitApiMode$Companion
instanceKlass org/jetbrains/kotlin/config/AnalysisFlag$Delegates$ApiModeDisabledByDefault
instanceKlass org/jetbrains/kotlin/config/AnalysisFlag$Delegates$ListOfStrings
instanceKlass org/jetbrains/kotlin/config/AnalysisFlag
instanceKlass org/jetbrains/kotlin/config/AnalysisFlag$Delegate
instanceKlass org/jetbrains/kotlin/config/AnalysisFlag$Delegates$Boolean
instanceKlass org/jetbrains/kotlin/config/AnalysisFlags
instanceKlass org/jetbrains/kotlin/config/MavenComparableVersion$IntegerItem
instanceKlass org/jetbrains/kotlin/config/MavenComparableVersion$Item
instanceKlass org/jetbrains/kotlin/config/MavenComparableVersion
instanceKlass org/jetbrains/kotlin/config/ApiVersion$Companion
instanceKlass org/jetbrains/kotlin/config/ApiVersion
instanceKlass org/jetbrains/kotlin/config/LanguageVersion$Companion
instanceKlass org/jetbrains/kotlin/config/LanguageOrApiVersion
instanceKlass org/jetbrains/kotlin/utils/DescriptionAware
instanceKlass org/jetbrains/kotlin/config/LanguageVersionSettingsImpl$Companion
instanceKlass org/jetbrains/kotlin/config/LanguageVersionSettings$Companion
instanceKlass org/jetbrains/kotlin/config/LanguageVersionSettingsImpl
instanceKlass org/jetbrains/kotlin/config/LanguageVersionSettings
instanceKlass org/jetbrains/kotlin/com/intellij/openapi/diagnostic/ExceptionWithAttachments
instanceKlass org/gradle/kotlin/dsl/support/KotlinCompilerKt
instanceKlass org/gradle/initialization/ProjectsEvaluatedNotifier$NotifyProjectsEvaluatedListeners$1
instanceKlass org/gradle/initialization/NotifyProjectsEvaluatedBuildOperationType$Details
instanceKlass org/gradle/initialization/ProjectsEvaluatedNotifier$NotifyProjectsEvaluatedListeners
instanceKlass org/gradle/initialization/ProjectsEvaluatedNotifier$1
instanceKlass org/gradle/initialization/NotifyProjectsEvaluatedBuildOperationType$Result
instanceKlass org/gradle/initialization/ProjectsEvaluatedNotifier
instanceKlass kotlin/coroutines/jvm/internal/CompletedContinuation
instanceKlass com/google/android/gms/dependencies/DependencyInspector
instanceKlass com/google/android/gms/dependencies/ArtifactDependencyManager
instanceKlass com/google/android/gms/dependencies/DependencyAnalyzer
instanceKlass org/jetbrains/kotlin/gradle/plugin/KotlinPluginLifecycleKt$sam$org_gradle_api_Action$0
instanceKlass org/gradle/api/internal/component/SoftwareComponentContainerInternal
instanceKlass org/jetbrains/kotlin/gradle/plugin/mpp/pm20/util/ConfigurationUtilsKt
instanceKlass org/jetbrains/kotlin/gradle/plugin/mpp/KotlinMultiplatformPluginKt$sam$org_gradle_api_Action$0
instanceKlass org/jetbrains/kotlin/gradle/plugin/mpp/AbstractKotlinTargetKt
instanceKlass com/android/build/gradle/api/LibraryVariant
instanceKlass org/jetbrains/kotlin/gradle/plugin/mpp/compilationImpl/KotlinCompilationAssociatorKt$addAllDependenciesFromOtherConfigurations$1$1$1
instanceKlass org/jetbrains/kotlin/gradle/plugin/mpp/compilationImpl/KotlinCompilationAssociatorKt$sam$org_gradle_api_Action$0
instanceKlass org/jetbrains/kotlin/gradle/plugin/mpp/compilationImpl/KotlinCompilationAssociatorKt
instanceKlass org/jetbrains/kotlin/gradle/plugin/SubpluginEnvironmentKt$sam$org_gradle_api_Transformer$0
instanceKlass org/jetbrains/kotlin/gradle/internal/Kapt3GradleSubplugin$applyToCompilation$3
instanceKlass org/jetbrains/kotlin/gradle/internal/Kapt3KotlinGradleSubpluginKt$sam$org_gradle_api_Transformer$0
instanceKlass org/jetbrains/kotlin/gradle/internal/Kapt3KotlinGradleSubpluginKt$sam$org_gradle_api_Action$0
instanceKlass com/android/build/api/variant/impl/ConfigurableFileTreeBasedDirectoryEntryImpl$asFiles$1
instanceKlass org/gradle/api/internal/file/AbstractFileCollection$FileCollectionElementsFactory
instanceKlass com/android/build/api/variant/impl/ConfigurableFileTreeBasedDirectoryEntryImpl
instanceKlass org/jetbrains/kotlin/gradle/internal/KaptWithAndroid
instanceKlass org/jetbrains/kotlin/gradle/tasks/configuration/KaptConfig$getKaptClasspathSnapshot$1
instanceKlass org/jetbrains/kotlin/gradle/tasks/configuration/KaptConfigKt
instanceKlass org/jetbrains/kotlin/gradle/tasks/configuration/KaptConfigKt$sam$org_gradle_api_Action$0
instanceKlass org/jetbrains/kotlin/gradle/internal/kapt/incremental/StructureTransformAction
instanceKlass org/jetbrains/kotlin/gradle/tasks/Kapt
instanceKlass org/jetbrains/kotlin/gradle/tasks/BaseKapt
instanceKlass org/jetbrains/kotlin/gradle/utils/ProviderApiUtilsKt$sam$i$java_util_concurrent_Callable$0
instanceKlass org/jetbrains/kotlin/gradle/plugin/SubpluginEnvironmentKt$sam$org_gradle_api_Action$0
instanceKlass org/jetbrains/kotlin/gradle/plugin/SubpluginEnvironmentKt
instanceKlass org/jetbrains/kotlin/gradle/plugin/SubpluginEnvironment$Companion
instanceKlass org/jetbrains/kotlin/gradle/plugin/SubpluginEnvironment
instanceKlass org/jetbrains/kotlin/gradle/plugin/AndroidProjectHandlerKt$sam$org_gradle_api_Transformer$0
instanceKlass org/jetbrains/kotlin/gradle/plugin/AndroidTestedVariantArtifactsFilter
instanceKlass com/android/build/gradle/internal/dependency/ArtifactCollectionWithExtraArtifact
instanceKlass org/jetbrains/kotlin/gradle/tasks/configuration/KaptGenerateStubsConfig$sam$org_gradle_api_Action$0
instanceKlass org/jetbrains/kotlin/gradle/tasks/KaptGenerateStubs
instanceKlass org/jetbrains/kotlin/gradle/internal/Kapt3KotlinGradleSubpluginKt
instanceKlass com/android/build/gradle/internal/variant/BaseVariantData$getGeneratedBytecode$1
instanceKlass com/android/build/api/component/impl/ComponentUtils
instanceKlass org/jetbrains/kotlin/gradle/tasks/configuration/KaptGenerateStubsConfig$Companion
instanceKlass org/jetbrains/kotlin/gradle/plugin/AndroidProjectHandler$wireKotlinTasks$preJavaKotlinOutput$1
instanceKlass com/android/build/api/variant/impl/FlatSourceDirectoriesImpl$getAsFileTreesForOldVariantAPI$1
instanceKlass org/jetbrains/kotlin/gradle/plugin/mpp/pm20/util/TargetsKt
instanceKlass com/android/build/api/variant/impl/ArtifactMetadataProcessor$Companion$handleFinalizedByForType$1$1$1
instanceKlass com/android/build/api/variant/impl/ArtifactMetadataProcessor$Companion
instanceKlass com/android/build/api/variant/impl/ArtifactMetadataProcessor
instanceKlass org/gradle/api/internal/artifacts/dsl/LazyPublishArtifact
instanceKlass org/gradle/api/internal/artifacts/publish/AbstractPublishArtifact
instanceKlass org/gradle/api/internal/artifacts/PublishArtifactInternal
instanceKlass com/android/build/gradle/internal/scope/ArtifactPublishingUtil$publishArtifactToConfiguration$1$1$1
instanceKlass org/gradle/api/internal/artifacts/configurations/DefaultVariant
instanceKlass org/gradle/api/internal/artifacts/ConfigurationVariantInternal
instanceKlass com/android/build/gradle/internal/scope/ArtifactPublishingUtil$publishArtifactToConfiguration$1$1
instanceKlass com/android/build/gradle/internal/dependency/AndroidAttributes$toAttributeMapString$$inlined$sortedBy$2
instanceKlass com/android/build/gradle/internal/dependency/AndroidAttributes$toAttributeMapString$$inlined$sortedBy$1
instanceKlass com/android/build/gradle/internal/scope/ArtifactPublishingUtil$publishArtifactToConfiguration$1
instanceKlass com/android/build/gradle/internal/scope/BuildArtifactSpec$Companion
instanceKlass com/android/build/gradle/internal/scope/BuildArtifactSpec
instanceKlass com/android/build/gradle/internal/publishing/VariantPublishingSpecImpl
instanceKlass com/android/build/gradle/internal/publishing/PublishingSpecs$VariantSpec
instanceKlass com/android/build/gradle/internal/publishing/PublishingSpecsKt
instanceKlass com/android/build/gradle/internal/publishing/OutputSpecImpl
instanceKlass com/android/build/gradle/internal/publishing/PublishingSpecs$OutputSpec
instanceKlass com/android/build/gradle/internal/publishing/VariantSpecBuilderImpl
instanceKlass com/android/build/gradle/internal/publishing/PublishingSpecs$VariantSpecBuilder
instanceKlass com/android/build/gradle/internal/publishing/PublishingSpecs$Companion
instanceKlass com/android/build/gradle/internal/publishing/PublishingSpecs
instanceKlass com/android/build/gradle/internal/scope/ArtifactPublishingUtil
instanceKlass com/android/build/gradle/internal/VariantTaskManager$createAnchorAssembleTasks$4
instanceKlass com/android/build/gradle/internal/VariantTaskManager$createAnchorAssembleTasks$3
instanceKlass com/android/build/gradle/internal/utils/KgpUtils$configureKotlinCompileTasks$1
instanceKlass com/android/build/gradle/internal/VariantTaskManager$addBindingDependenciesIfNecessary$dataBindingEnabled$1
instanceKlass com/android/build/gradle/internal/VariantTaskManager$addBindingDependenciesIfNecessary$viewBindingEnabled$1
instanceKlass org/jetbrains/kotlin/gradle/tooling/IncludeKotlinToolingMetadataInApkKt$sam$org_gradle_api_Transformer$0
instanceKlass org/jetbrains/kotlin/gradle/plugin/mpp/InternalKotlinCompilationKt
instanceKlass org/jetbrains/kotlin/gradle/plugin/sources/KotlinDependencyScopeKt$WhenMappings
instanceKlass org/jetbrains/kotlin/gradle/plugin/sources/KotlinDependencyScopeKt
instanceKlass org/jetbrains/kotlin/gradle/plugin/sources/KotlinDependencyScope$Companion
instanceKlass org/jetbrains/kotlin/gradle/plugin/mpp/KotlinCompilationsKt$sam$org_gradle_api_Transformer$0
instanceKlass org/jetbrains/kotlin/gradle/dsl/KotlinCommonCompilerToolOptionsHelper
instanceKlass org/jetbrains/kotlin/gradle/dsl/KotlinCommonCompilerOptionsHelper
instanceKlass org/jetbrains/kotlin/gradle/dsl/KotlinJvmCompilerOptionsHelper
instanceKlass org/jetbrains/kotlin/gradle/tasks/configuration/BaseKotlinCompileConfig$1$classpathConfiguration$1
instanceKlass org/jetbrains/kotlin/build/report/metrics/BuildMetricsReporter
instanceKlass org/jetbrains/kotlin/gradle/internal/transforms/ClasspathEntrySnapshotTransform$Parameters
instanceKlass org/jetbrains/kotlin/gradle/tasks/configuration/KotlinCompileConfigKt$sam$org_gradle_api_Action$0
instanceKlass org/jetbrains/kotlin/gradle/internal/transforms/ClasspathEntrySnapshotTransform
instanceKlass org/jetbrains/kotlin/statistics/metrics/ConcatMetricContainer$Companion
instanceKlass org/jetbrains/kotlin/statistics/metrics/ConcatMetricContainer
instanceKlass org/jetbrains/kotlin/cli/common/CompilerSystemProperties$Companion
instanceKlass org/jetbrains/kotlin/gradle/tasks/configuration/AbstractKotlinCompileConfig$sam$org_gradle_api_Action$0
instanceKlass kotlin/coroutines/CoroutineContext$Element$DefaultImpls
instanceKlass kotlin/coroutines/ContinuationInterceptor$Key
instanceKlass kotlin/coroutines/ContinuationInterceptor
instanceKlass kotlin/coroutines/SafeContinuation$Companion
instanceKlass kotlin/coroutines/SafeContinuation
instanceKlass kotlin/coroutines/ContinuationKt
instanceKlass org/jetbrains/kotlin/gradle/plugin/KotlinPluginLifecycleCoroutineContextElement$Key
instanceKlass kotlin/coroutines/CoroutineContext$Key
instanceKlass org/jetbrains/kotlin/gradle/plugin/KotlinPluginLifecycleCoroutineContextElement
instanceKlass kotlin/coroutines/CoroutineContext$Element
instanceKlass org/jetbrains/kotlin/gradle/plugin/KotlinPluginLifecycleImpl$launch$coroutine$1
instanceKlass org/jetbrains/kotlin/gradle/plugin/KotlinCompilationWithResources
instanceKlass org/jetbrains/kotlin/gradle/internal/ClassLoadersCachingBuildService$sam$org_gradle_api_Action$0
instanceKlass org/jetbrains/kotlin/gradle/utils/GradleUtilsKt$registerClassLoaderScopedBuildService$1
instanceKlass org/jetbrains/kotlin/gradle/internal/ClassLoadersCachingBuildService$Companion
instanceKlass org/jetbrains/kotlin/gradle/internal/ClassLoadersCachingBuildService
instanceKlass org/jetbrains/kotlin/gradle/plugin/BuildFinishedListenerService$sam$org_gradle_api_Action$0
instanceKlass org/jetbrains/kotlin/gradle/plugin/BuildFinishedListenerService$Companion
instanceKlass org/jetbrains/kotlin/gradle/plugin/BuildFinishedListenerService
instanceKlass org/jetbrains/kotlin/incremental/IncrementalModuleInfo
instanceKlass org/jetbrains/kotlin/gradle/incremental/IncrementalModuleInfoBuildService$Parameters
instanceKlass org/jetbrains/kotlin/gradle/incremental/IncrementalModuleInfoBuildService$sam$org_gradle_api_Action$0
instanceKlass org/jetbrains/kotlin/gradle/incremental/IncrementalModuleInfoBuildService$Companion
instanceKlass org/jetbrains/kotlin/gradle/incremental/IncrementalModuleInfoBuildService
instanceKlass org/jetbrains/kotlin/gradle/incremental/IncrementalModuleInfoProvider
instanceKlass org/jetbrains/kotlin/compilerRunner/CompilerSystemPropertiesService$Parameters_Decorated
instanceKlass org/jetbrains/kotlin/compilerRunner/CompilerSystemPropertiesService$Parameters
instanceKlass org/jetbrains/kotlin/compilerRunner/CompilerSystemPropertiesService$sam$org_gradle_api_Action$0
instanceKlass org/jetbrains/kotlin/compilerRunner/CompilerSystemPropertiesService$Companion
instanceKlass org/jetbrains/kotlin/compilerRunner/CompilerSystemPropertiesService
instanceKlass org/jetbrains/kotlin/gradle/tasks/configuration/AbstractKotlinCompileConfig$3
instanceKlass org/jetbrains/kotlin/gradle/plugin/KotlinCompilationInfo
instanceKlass org/jetbrains/kotlin/gradle/plugin/KotlinCompilationInfoKt
instanceKlass org/jetbrains/kotlin/gradle/tasks/configuration/BaseKotlinCompileConfig$Companion
instanceKlass org/jetbrains/kotlin/gradle/tasks/configuration/TaskConfigAction
instanceKlass org/jetbrains/kotlin/gradle/plugin/KotlinCompilation$DefaultImpls
instanceKlass org/jetbrains/kotlin/gradle/plugin/mpp/InternalKotlinCompilation$DefaultImpls
instanceKlass org/jetbrains/kotlin/gradle/ExternalKotlinTargetApi
instanceKlass org/jetbrains/kotlin/gradle/plugin/mpp/targetHierarchy/SourceSetTreeClassifierKt
instanceKlass org/jetbrains/kotlin/gradle/plugin/mpp/targetHierarchy/SourceSetTreeClassifier
instanceKlass org/jetbrains/kotlin/gradle/plugin/mpp/KotlinJvmAndroidCompilationFactory$WhenMappings
instanceKlass org/jetbrains/kotlin/gradle/plugin/KotlinCompilation$Companion
instanceKlass org/jetbrains/kotlin/gradle/dsl/KotlinJvmCompile
instanceKlass org/jetbrains/kotlin/gradle/tasks/KotlinJvmCompile
instanceKlass org/jetbrains/kotlin/gradle/tasks/KotlinCompilationTask
instanceKlass org/jetbrains/kotlin/gradle/dsl/KotlinCompile
instanceKlass org/jetbrains/kotlin/gradle/tasks/K2MultiplatformCompilationTask
instanceKlass org/jetbrains/kotlin/gradle/plugin/mpp/compilationImpl/factory/KotlinCompilationImplFactoryKt$sam$org_gradle_api_Action$0
instanceKlass kotlin/jvm/internal/Ref$ObjectRef
instanceKlass org/jetbrains/kotlin/gradle/plugin/mpp/compilationImpl/KotlinCompilationK2MultiplatformConfigurator$sam$org_gradle_api_Action$0
instanceKlass org/jetbrains/kotlin/gradle/plugin/mpp/KotlinCompilationsKt$sam$org_gradle_api_Action$0
instanceKlass org/jetbrains/kotlin/gradle/tasks/BaseKotlinCompile
instanceKlass org/jetbrains/kotlin/gradle/internal/UsesClassLoadersCachingBuildService
instanceKlass org/jetbrains/kotlin/gradle/plugin/UsesBuildFinishedListenerService
instanceKlass org/jetbrains/kotlin/compilerRunner/UsesCompilerSystemPropertiesService
instanceKlass org/jetbrains/kotlin/gradle/incremental/UsesIncrementalModuleInfoBuildService
instanceKlass org/jetbrains/kotlin/gradle/report/UsesBuildMetricsService
instanceKlass org/jetbrains/kotlin/gradle/tasks/CompileUsingKotlinDaemonWithNormalization
instanceKlass org/jetbrains/kotlin/gradle/tasks/CompileUsingKotlinDaemon
instanceKlass org/jetbrains/kotlin/gradle/plugin/sources/DefaultKotlinSourceSet$special$$inlined$Iterable$1
instanceKlass org/jetbrains/kotlin/tooling/core/Extras$Entry$Companion
instanceKlass org/jetbrains/kotlin/tooling/core/Extras$Entry
instanceKlass org/jetbrains/kotlin/gradle/plugin/mpp/DefaultKotlinCompilationOutput$allOutputs$1$1
instanceKlass org/jetbrains/kotlin/gradle/plugin/mpp/compilationImpl/factory/DefaultKotlinCompilationOutputFactory$create$1
instanceKlass org/jetbrains/kotlin/gradle/plugin/mpp/DefaultKotlinCompilationOutput
instanceKlass org/jetbrains/kotlin/gradle/plugin/KotlinCompilationOutput
instanceKlass org/jetbrains/kotlin/gradle/plugin/mpp/compilationImpl/KotlinCompilationTaskNamesContainer
instanceKlass org/jetbrains/kotlin/gradle/plugin/mpp/compilationImpl/DefaultKotlinCompilationConfigurationsContainer
instanceKlass org/jetbrains/kotlin/gradle/plugin/mpp/compilationImpl/KotlinCompilationConfigurationsContainer
instanceKlass org/jetbrains/kotlin/gradle/targets/js/dsl/KotlinWasmSubTargetContainerDsl
instanceKlass org/jetbrains/kotlin/gradle/targets/js/dsl/KotlinWasmTargetDsl
instanceKlass kotlin/text/MatchGroup
instanceKlass kotlin/text/MatchNamedGroupCollection
instanceKlass kotlin/text/MatchGroupCollection
instanceKlass kotlin/text/MatcherMatchResult
instanceKlass kotlin/text/MatchResult
instanceKlass kotlin/text/RegexKt
instanceKlass org/jetbrains/kotlin/gradle/utils/ParsedGradleVersion$Companion
instanceKlass org/jetbrains/kotlin/gradle/utils/ParsedGradleVersion
instanceKlass org/jetbrains/kotlin/gradle/utils/ParsedGradleVersionKt
instanceKlass org/jetbrains/kotlin/gradle/plugin/KotlinTargetConfiguratorKt$WhenMappings
instanceKlass org/jetbrains/kotlin/gradle/plugin/ProjectLocalConfigurationsKt
instanceKlass kotlin/jvm/internal/SpreadBuilder
instanceKlass org/jetbrains/kotlin/gradle/plugin/mpp/compilationImpl/factory/ConfigurationNaming$Default
instanceKlass org/jetbrains/kotlin/gradle/plugin/mpp/compilationImpl/factory/ConfigurationNaming
instanceKlass org/jetbrains/kotlin/gradle/plugin/mpp/compilationImpl/factory/KotlinCompilationDependencyConfigurationsFactoriesKt
instanceKlass org/jetbrains/kotlin/gradle/plugin/sources/InternalKotlinSourceSetKt
instanceKlass org/jetbrains/kotlin/gradle/plugin/mpp/compilationImpl/DefaultKotlinCompilationSourceSetsContainer
instanceKlass org/jetbrains/kotlin/gradle/plugin/mpp/compilationImpl/KotlinCompilationSourceSetsContainer
instanceKlass org/jetbrains/kotlin/gradle/plugin/mpp/compilationImpl/KotlinCompilationSourceSetsContainerKt
instanceKlass org/jetbrains/kotlin/gradle/plugin/sources/android/KotlinAndroidSourceSetNaming$DefaultImpls
instanceKlass org/jetbrains/kotlin/gradle/plugin/mpp/compilationImpl/KotlinCompilationImpl$Params
instanceKlass org/jetbrains/kotlin/gradle/plugin/mpp/compilationImpl/KotlinCompilationImpl
instanceKlass org/jetbrains/kotlin/gradle/plugin/mpp/compilationImpl/factory/KotlinCompilationImplFactory$KotlinCompilerOptionsFactory$Options
instanceKlass org/jetbrains/kotlin/gradle/plugin/mpp/compilationImpl/factory/KotlinJvmCompilerOptionsFactory$create$kotlinOptions$1
instanceKlass org/jetbrains/kotlin/gradle/plugin/mpp/compilationImpl/factory/KotlinJvmCompilerOptionsFactory$create$compilerOptions$1
instanceKlass org/jetbrains/kotlin/gradle/plugin/HasCompilerOptions
instanceKlass org/jetbrains/kotlin/gradle/plugin/mpp/KotlinCompilationFactory$DefaultImpls
instanceKlass org/jetbrains/kotlin/gradle/plugin/AndroidProjectHandlerKt
instanceKlass org/jetbrains/kotlin/gradle/plugin/mpp/compilationImpl/factory/CompositePostConfigure
instanceKlass org/jetbrains/kotlin/gradle/plugin/mpp/compilationImpl/KotlinCompilationRegisterInSourceSetsConfigurator
instanceKlass org/jetbrains/kotlin/gradle/plugin/mpp/compilationImpl/factory/KotlinCompilationImplFactory$PostConfigure$Companion
instanceKlass org/jetbrains/kotlin/gradle/plugin/mpp/compilationImpl/factory/KotlinCompilationImplFactory$PostConfigure
instanceKlass org/jetbrains/kotlin/gradle/plugin/mpp/compilationImpl/DefaultKotlinCompilationPostConfigureKt
instanceKlass org/jetbrains/kotlin/gradle/plugin/mpp/compilationImpl/factory/CompositePreConfigure
instanceKlass org/jetbrains/kotlin/gradle/plugin/mpp/compilationImpl/KotlinCompilationK2MultiplatformConfigurator
instanceKlass org/jetbrains/kotlin/gradle/plugin/mpp/compilationImpl/factory/KotlinCompilationImplFactory$PreConfigure$Companion
instanceKlass org/jetbrains/kotlin/gradle/plugin/mpp/compilationImpl/factory/KotlinCompilationImplFactory$PreConfigure
instanceKlass org/jetbrains/kotlin/gradle/plugin/mpp/compilationImpl/DefautlKotlinCompilationPreConfigureKt
instanceKlass org/jetbrains/kotlin/gradle/plugin/mpp/compilationImpl/factory/DefaultProcessResourcesTaskNameFactory
instanceKlass org/jetbrains/kotlin/gradle/plugin/mpp/compilationImpl/factory/KotlinCompilationImplFactory$ProcessResourcesTaskNameFactory
instanceKlass org/jetbrains/kotlin/gradle/plugin/mpp/compilationImpl/factory/DefaultKotlinCompilationTaskNamesContainerFactory
instanceKlass org/jetbrains/kotlin/gradle/plugin/mpp/compilationImpl/factory/KotlinCompilationImplFactory$KotlinCompilationTaskNamesContainerFactory
instanceKlass org/jetbrains/kotlin/gradle/plugin/mpp/compilationImpl/factory/DefaultKotlinCompilationOutputFactory
instanceKlass org/jetbrains/kotlin/gradle/plugin/mpp/compilationImpl/factory/KotlinCompilationImplFactory$KotlinCompilationOutputFactory
instanceKlass org/jetbrains/kotlin/gradle/plugin/mpp/compilationImpl/KotlinCompilationSourceSetInclusion$DefaultAddSourcesToCompileTask
instanceKlass org/jetbrains/kotlin/gradle/plugin/mpp/compilationImpl/KotlinCompilationSourceSetInclusion$AddSourcesToCompileTask
instanceKlass org/jetbrains/kotlin/tooling/core/ExtrasPropertyKt$extrasFactoryProperty$1
instanceKlass org/jetbrains/kotlin/tooling/core/ExtrasFactoryProperty
instanceKlass kotlin/reflect/jvm/internal/impl/descriptors/runtime/structure/ReflectJavaAnnotationOwnerKt
instanceKlass org/jetbrains/kotlin/gradle/plugin/mpp/compilationImpl/KotlinCompilationSourceSetInclusion$Companion
instanceKlass org/jetbrains/kotlin/gradle/plugin/mpp/compilationImpl/KotlinCompilationSourceSetInclusion
instanceKlass org/jetbrains/kotlin/gradle/plugin/mpp/compilationImpl/factory/DefaultKotlinCompilationDependencyConfigurationsFactory
instanceKlass org/jetbrains/kotlin/gradle/plugin/mpp/compilationImpl/factory/KotlinCompilationImplFactory$KotlinCompilationDependencyConfigurationsFactory
instanceKlass org/jetbrains/kotlin/gradle/plugin/mpp/compilationImpl/factory/KotlinCompilationImplFactory
instanceKlass org/jetbrains/kotlin/gradle/plugin/mpp/compilationImpl/factory/AndroidCompilationSourceSetsContainerFactory
instanceKlass org/jetbrains/kotlin/gradle/plugin/mpp/compilationImpl/factory/KotlinCompilationImplFactory$KotlinCompilationSourceSetsContainerFactory
instanceKlass org/jetbrains/kotlin/gradle/plugin/mpp/compilationImpl/KotlinAndroidCompilationAssociator
instanceKlass org/jetbrains/kotlin/gradle/plugin/mpp/compilationImpl/KotlinCompilationAssociator
instanceKlass org/jetbrains/kotlin/gradle/plugin/mpp/compilationImpl/DefaultKotlinCompilationFriendPathsResolver$CompositeFriendArtifactResolver
instanceKlass org/jetbrains/kotlin/gradle/plugin/mpp/compilationImpl/DefaultKotlinCompilationFriendPathsResolver$AdditionalAndroidFriendArtifactResolver
instanceKlass org/jetbrains/kotlin/gradle/plugin/mpp/compilationImpl/DefaultKotlinCompilationFriendPathsResolver$DefaultFriendArtifactResolver
instanceKlass org/jetbrains/kotlin/gradle/plugin/mpp/compilationImpl/DefaultKotlinCompilationFriendPathsResolver$FriendArtifactResolver$Companion
instanceKlass org/jetbrains/kotlin/gradle/plugin/mpp/compilationImpl/DefaultKotlinCompilationFriendPathsResolver$FriendArtifactResolver
instanceKlass org/jetbrains/kotlin/gradle/plugin/mpp/compilationImpl/DefaultKotlinCompilationFriendPathsResolver
instanceKlass org/jetbrains/kotlin/gradle/plugin/mpp/compilationImpl/KotlinCompilationFriendPathsResolver
instanceKlass org/jetbrains/kotlin/gradle/plugin/mpp/compilationImpl/factory/KotlinJvmCompilerOptionsFactory
instanceKlass org/jetbrains/kotlin/gradle/plugin/mpp/compilationImpl/factory/KotlinCompilationImplFactory$KotlinCompilerOptionsFactory
instanceKlass org/jetbrains/kotlin/gradle/plugin/mpp/KotlinJvmAndroidCompilationFactory
instanceKlass org/jetbrains/kotlin/gradle/plugin/mpp/KotlinCompilationFactory
instanceKlass org/gradle/model/Managed
instanceKlass com/android/build/gradle/internal/ide/FilterDataImpl
instanceKlass com/android/build/gradle/internal/scope/GradleAwareFilterData
instanceKlass com/android/build/FilterData
instanceKlass com/android/build/api/variant/FilterConfiguration
instanceKlass com/android/build/api/component/impl/OldVariantApiLegacySupportImpl$getVariantOutputs$1
instanceKlass com/android/build/gradle/internal/api/BaseVariantOutputImpl
instanceKlass com/android/build/gradle/api/ApkVariantOutput
instanceKlass com/android/build/gradle/internal/dsl/VariantOutputFactory
instanceKlass com/android/build/gradle/internal/api/BaseVariantImpl
instanceKlass com/android/build/gradle/internal/ApiObjectFactory
instanceKlass com/android/build/gradle/internal/dependency/RecalculateStackFramesTransform$Companion$registerRecalculateStackFramesTransform$1$2
instanceKlass com/android/build/gradle/internal/dependency/RecalculateStackFramesTransform$Companion$registerRecalculateStackFramesTransform$1$1
instanceKlass com/android/build/gradle/internal/dependency/RecalculateStackFramesTransform$Parameters_Decorated
instanceKlass com/android/build/gradle/internal/dependency/RecalculateStackFramesTransform$Parameters
instanceKlass com/android/build/gradle/internal/dependency/RecalculateStackFramesTransform$Companion$registerRecalculateStackFramesTransform$1
instanceKlass com/android/build/gradle/internal/dependency/AgpVersionCompatibilityRule
instanceKlass com/android/build/gradle/internal/dependency/ModelArtifactCompatibilityRule$Companion$setUp$1
instanceKlass com/android/build/gradle/internal/dependency/ModelArtifactCompatibilityRule$Companion
instanceKlass com/android/build/gradle/internal/dependency/ModelArtifactCompatibilityRule
instanceKlass com/android/build/gradle/internal/dependency/DexingOutputSplitTransformKt$registerTransformWithOutputType$1$WhenMappings
instanceKlass com/android/build/gradle/internal/dependency/DexingOutputSplitTransformKt$registerTransformWithOutputType$1$1
instanceKlass com/android/build/gradle/internal/dependency/DexingOutputSplitTransform$Parameters_Decorated
instanceKlass com/android/build/gradle/internal/dependency/DexingOutputSplitTransform$Parameters
instanceKlass com/android/build/gradle/internal/dependency/DexingOutputSplitTransformKt$registerTransformWithOutputType$1
instanceKlass com/android/build/gradle/internal/dependency/DexingOutputSplitTransform
instanceKlass com/android/build/gradle/internal/dependency/DexingOutputSplitTransformKt
instanceKlass com/android/build/gradle/internal/dependency/EnumerateClassesTransform
instanceKlass com/android/build/gradle/internal/DependencyConfigurator$configureVariantTransforms$3$1
instanceKlass com/android/build/gradle/internal/DependencyConfigurator$configureVariantTransforms$3
instanceKlass com/android/build/gradle/internal/DependencyConfigurator$configureVariantTransforms$2$1
instanceKlass com/android/build/gradle/internal/utils/D8BackportedMethodsGenerator$Parameters_Decorated
instanceKlass com/android/build/gradle/internal/utils/D8BackportedMethodsGenerator$Parameters
instanceKlass com/android/build/gradle/internal/DependencyConfigurator$configureVariantTransforms$2
instanceKlass com/android/build/gradle/internal/utils/D8BackportedMethodsGenerator
instanceKlass com/android/tools/r8/internal/Rj0
instanceKlass com/android/tools/r8/Version
instanceKlass com/android/builder/files/SerializableFileChanges
instanceKlass com/android/build/gradle/internal/dependency/DesugarGraph
instanceKlass com/android/builder/dexing/DependencyGraphUpdater
instanceKlass com/android/build/gradle/internal/dependency/BaseDexingTransform$Parameters_Decorated
instanceKlass com/android/build/gradle/internal/dependency/BaseDexingTransform$Parameters
instanceKlass com/android/build/gradle/internal/dependency/DexingRegistration$registerTransform$1
instanceKlass com/android/build/gradle/internal/dependency/BaseDexingTransform
instanceKlass com/android/build/gradle/internal/dependency/DexingRegistration$ComponentSpecificParameters$Companion
instanceKlass com/android/build/gradle/internal/dependency/DexingRegistration$ComponentSpecificParameters
instanceKlass com/android/build/gradle/internal/dependency/DexingRegistration$ComponentAgnosticParameters
instanceKlass com/android/build/gradle/internal/utils/DesugarLibUtils$getDesugarLibConfigFromTransform$1$1
instanceKlass com/android/build/gradle/internal/utils/DesugarLibUtils$getDesugarLibConfigFromTransform$1
instanceKlass com/android/build/gradle/internal/utils/DesugarLibUtils$registerDesugarLibConfigExtractorTransformIfAbsent$1
instanceKlass com/android/build/gradle/internal/utils/DesugarLibConfigExtractor
instanceKlass com/android/build/gradle/internal/utils/DesugarLibUtils
instanceKlass com/android/build/gradle/internal/dependency/DexingRegistration
instanceKlass com/android/build/gradle/internal/scope/BootClasspathBuilder$computeClasspath$1
instanceKlass com/android/build/gradle/internal/tasks/factory/BootClasspathConfigImpl$sam$org_gradle_api_Transformer$0
instanceKlass com/android/build/gradle/internal/scope/BootClasspathBuilder
instanceKlass com/android/build/gradle/internal/dependency/RecalculateStackFramesTransform$Companion
instanceKlass com/android/build/gradle/internal/dependency/RecalculateStackFramesTransform
instanceKlass com/android/build/gradle/internal/dependency/AsmClassesTransform$Companion
instanceKlass com/android/build/gradle/internal/dependency/AsmClassesTransform
instanceKlass com/android/build/gradle/internal/dependency/CollectClassesTransform
instanceKlass com/android/build/gradle/internal/dependency/CollectResourceSymbolsTransform
instanceKlass com/android/build/gradle/internal/dependency/ClassesDirToClassesTransform
instanceKlass com/android/build/gradle/internal/DependencyConfigurator$configureGeneralTransforms$13
instanceKlass com/android/build/gradle/internal/dependency/ExtractJniTransform
instanceKlass com/android/build/gradle/internal/dependency/IdentityTransform$Parameters_Decorated
instanceKlass com/android/build/gradle/internal/dependency/IdentityTransform$Parameters
instanceKlass com/android/build/gradle/internal/dependency/IdentityTransform
instanceKlass com/android/build/gradle/internal/dependency/LibrarySymbolTableTransform
instanceKlass com/android/build/gradle/internal/dependency/ExtractProGuardRulesTransform$Companion
instanceKlass com/android/build/gradle/internal/dependency/ExtractProGuardRulesTransform
instanceKlass com/android/build/gradle/internal/DependencyConfigurator$configureGeneralTransforms$9$1
instanceKlass com/android/build/gradle/internal/DependencyConfigurator$configureGeneralTransforms$9
instanceKlass org/gradle/internal/execution/model/InputNormalizer$1
instanceKlass com/android/build/gradle/internal/dependency/AarToClassTransform$Companion
instanceKlass com/android/build/gradle/internal/DependencyConfigurator$configureGeneralTransforms$8$1
instanceKlass com/android/build/gradle/internal/dependency/AarToClassTransform$Params_Decorated
instanceKlass com/android/build/gradle/internal/dependency/AarToClassTransform$Params
instanceKlass com/android/build/gradle/internal/DependencyConfigurator$configureGeneralTransforms$8
instanceKlass com/android/build/gradle/internal/dependency/AarToClassTransform
instanceKlass com/android/build/gradle/internal/services/Aapt2Input_Decorated
instanceKlass com/android/build/gradle/internal/dependency/AarResourcesCompilerTransform$Parameters_Decorated
instanceKlass com/android/build/gradle/internal/services/Aapt2Input
instanceKlass com/android/build/gradle/internal/dependency/AarResourcesCompilerTransform$Parameters
instanceKlass com/android/build/gradle/internal/dependency/AarResourcesCompilerTransform
instanceKlass com/android/build/gradle/internal/dependency/AarTransform$Parameters_Decorated
instanceKlass com/android/build/gradle/internal/dependency/AarTransform$Parameters
instanceKlass com/android/build/gradle/internal/DependencyConfigurator$configureGeneralTransforms$6
instanceKlass com/android/build/gradle/internal/dependency/AarTransform
instanceKlass com/android/build/gradle/internal/dependency/PlatformAttrTransform
instanceKlass com/android/build/gradle/internal/DependencyConfigurator$configureGeneralTransforms$5
instanceKlass com/android/build/gradle/internal/dependency/MockableJarTransform$Parameters_Decorated
instanceKlass com/android/build/gradle/internal/dependency/MockableJarTransform$Parameters
instanceKlass com/android/build/gradle/internal/DependencyConfigurator$configureGeneralTransforms$4
instanceKlass com/android/build/gradle/internal/dependency/MockableJarTransform
instanceKlass com/android/build/gradle/internal/utils/HasConfigurableValuesKt
instanceKlass com/android/build/gradle/internal/DependencyConfigurator$registerTransform$1
instanceKlass com/android/build/gradle/internal/dependency/ExtractAarTransform
instanceKlass com/android/build/gradle/internal/DependencyConfigurator$configureGeneralTransforms$3
instanceKlass com/android/build/gradle/internal/publishing/AarOrJarTypeToConsume
instanceKlass com/android/build/gradle/internal/publishing/ProcessedArtifactUtils
instanceKlass com/android/build/gradle/internal/DependencyConfigurator$Companion
instanceKlass com/android/build/gradle/internal/DependencyConfigurator
instanceKlass com/android/build/gradle/internal/cxx/configure/Ninja
instanceKlass com/android/build/gradle/internal/cxx/configure/ExperimentalPropertyExtensionsKt
instanceKlass com/android/build/gradle/internal/cxx/gradle/generator/NativeProjectPath
instanceKlass com/android/build/gradle/internal/cxx/gradle/generator/CxxConfigurationModelKt
instanceKlass com/android/build/gradle/internal/cxx/logging/IssueReporterLoggingEnvironmentKt
instanceKlass com/android/build/gradle/internal/cxx/logging/ThreadLoggingEnvironment$Companion$LoggerStack
instanceKlass com/android/build/gradle/internal/cxx/logging/ThreadLoggingEnvironment$Companion$BottomLoggingEnvironment
instanceKlass com/android/build/gradle/internal/cxx/logging/ThreadLoggingEnvironment$Companion$loggerStack$1
instanceKlass com/android/build/gradle/internal/cxx/logging/ThreadLoggingEnvironment$Companion
instanceKlass com/android/build/gradle/internal/cxx/logging/ThreadLoggingEnvironment
instanceKlass com/android/build/gradle/internal/cxx/logging/LoggingEnvironment
instanceKlass com/android/build/gradle/internal/cxx/configure/CxxCreateGradleTasksKt
instanceKlass com/android/build/gradle/internal/SdkComponentsBuildService$sdkDirectoryProvider$1
instanceKlass org/gradle/internal/classpath/declarations/KotlinFileExtensionsInterceptorsDeclaration
instanceKlass com/android/build/gradle/internal/PropertiesValueSource$Params$Inject
instanceKlass com/android/build/gradle/internal/PropertiesValueSource$Params_Decorated
instanceKlass com/android/build/gradle/internal/PropertiesValueSource$Params
instanceKlass com/android/build/gradle/internal/cxx/configure/GradleLocalPropertiesKt$gradleLocalProperties$propertiesContent$1
instanceKlass com/android/build/gradle/internal/PropertiesValueSource
instanceKlass com/android/build/gradle/internal/cxx/configure/GradleLocalPropertiesKt
instanceKlass com/android/build/gradle/internal/NdkHandlerInput
instanceKlass com/android/build/gradle/internal/ndk/NdkHandler
instanceKlass com/android/build/gradle/internal/SdkHandler
instanceKlass com/android/build/gradle/internal/SdkComponentsBuildService$VersionedSdkLoader
instanceKlass com/android/build/gradle/internal/cxx/configure/NdkLocator
instanceKlass com/android/build/gradle/internal/SdkLibDataFactory$Environment
instanceKlass com/android/build/gradle/internal/SdkLocationSourceSet
instanceKlass com/android/build/gradle/internal/SdkComponentsBuildService$Parameters$Inject
instanceKlass com/android/build/gradle/internal/attribution/CheckJetifierBuildService$Parameters_Decorated
instanceKlass com/android/build/gradle/internal/attribution/CheckJetifierBuildService$Parameters
instanceKlass com/android/build/gradle/internal/attribution/CheckJetifierBuildService
instanceKlass com/android/build/gradle/internal/VariantTaskManager$createReportTasks$2
instanceKlass com/android/build/gradle/internal/VariantTaskManager$createReportTasks$signingReportComponents$2
instanceKlass com/android/build/gradle/internal/VariantTaskManager$createReportTasks$signingReportComponents$1
instanceKlass com/android/build/gradle/internal/VariantTaskManager$createReportTasks$1
instanceKlass com/android/build/gradle/internal/UnitTestTaskManager$createRunUnitTestTask$1
instanceKlass org/gradle/testing/jacoco/plugins/JacocoPluginExtension
instanceKlass com/android/build/gradle/internal/AndroidTestTaskManager$createConnectedTestForVariant$1
instanceKlass com/android/ide/common/workers/ExecutorServiceAdapter
instanceKlass com/android/ide/common/workers/WorkerExecutorFacade
instanceKlass com/android/build/gradle/internal/tasks/AndroidTestTask
instanceKlass com/android/build/gradle/internal/AndroidTestTaskManager$createConnectedTestForVariant$connectedCheckSerials$1
instanceKlass org/gradle/api/internal/provider/DefaultMapProperty$PlusCollector
instanceKlass org/gradle/api/internal/provider/MapCollectors$EntriesFromMapProvider
instanceKlass com/android/build/gradle/internal/services/TaskCreationServicesImpl$sam$java_util_concurrent_Callable$0
instanceKlass com/android/build/gradle/internal/core/dsl/impl/InstrumentedTestDslInfoImpl$getInstrumentationRunner$1
instanceKlass com/android/build/gradle/internal/test/AbstractTestDataImpl
instanceKlass com/android/build/gradle/internal/testing/TestData
instanceKlass com/android/build/gradle/internal/AndroidTestTaskManager$createTasks$1
instanceKlass com/android/build/gradle/internal/tasks/featuresplit/FeatureSplitUtils
instanceKlass com/android/build/gradle/internal/core/dsl/DynamicFeatureVariantDslInfo
instanceKlass com/android/build/gradle/internal/dependency/SubtractingArtifactCollection$SubtractingArtifactResult$initFileCollection$1
instanceKlass com/android/build/gradle/internal/dependency/SubtractingArtifactCollection$SubtractingArtifactResult
instanceKlass com/android/build/gradle/internal/dependency/SubtractingArtifactCollection
instanceKlass com/android/build/gradle/internal/AndroidTestTaskManager$createVariantPreBuildTask$1
instanceKlass org/gradle/internal/Actions$FilteredAction
instanceKlass com/android/build/gradle/internal/tasks/PerModuleReportDependenciesTask$CreationAction$Companion
instanceKlass com/android/build/gradle/internal/tasks/ApplicationTaskManager$createDynamicBundleTask$2
instanceKlass com/android/build/gradle/internal/tasks/ApplicationTaskManager$createDynamicBundleTask$1
instanceKlass com/android/build/gradle/internal/tasks/AnchorTaskNames
instanceKlass com/android/build/gradle/internal/tasks/BundleToStandaloneApkTask$CreationAction$handleProvider$2
instanceKlass com/android/build/gradle/internal/tasks/FinalizeBundleTask$CreationAction$handleProvider$bundleNameProvider$1
instanceKlass com/android/build/gradle/internal/tasks/AppMetadataTaskKt
instanceKlass com/android/build/gradle/internal/tasks/ApplicationTaskManager$createBundleTask$2
instanceKlass com/android/build/gradle/internal/tasks/ApplicationTaskManager$createBundleTask$1
instanceKlass com/android/build/gradle/internal/TaskManager$createPackagingTask$3
instanceKlass com/android/build/gradle/internal/TaskManager$createPackagingTask$2
instanceKlass com/android/build/gradle/tasks/PackageApplication$Companion
instanceKlass com/android/build/gradle/tasks/PackageAndroidArtifact$Companion
instanceKlass com/android/build/gradle/internal/TaskManager$createPackagingTask$1
instanceKlass com/android/build/gradle/tasks/PackageAndroidArtifact$CreationAction$Companion
instanceKlass com/android/build/gradle/internal/TaskManager$createPackagingTask$configureResourcesAndAssetsDependencies$1
instanceKlass com/android/build/api/variant/impl/SigningConfigImpl$storeType$1
instanceKlass com/android/build/api/variant/impl/SigningConfigImpl$keyPassword$1
instanceKlass com/android/build/api/variant/impl/SigningConfigImpl$keyAlias$1
instanceKlass com/android/build/api/variant/impl/SigningConfigImpl$storePassword$1
instanceKlass com/android/build/api/variant/impl/SigningConfigImpl$storeFile$1
instanceKlass com/android/build/api/variant/impl/SigningConfigImpl$enableV1Signing$1
instanceKlass com/android/build/api/variant/impl/SigningConfigImpl$enableV2Signing$1
instanceKlass com/android/build/api/variant/impl/SigningConfigImpl$enableV3Signing$1
instanceKlass com/android/build/api/variant/impl/SigningConfigImpl$enableV4Signing$1
instanceKlass com/android/build/api/artifact/impl/OperationRequestsImplKt$toAppend$2
instanceKlass com/android/build/api/artifact/impl/OperationRequestsImplKt$toAppend$1
instanceKlass com/android/build/api/artifact/impl/MultiplePropertyAdapter
instanceKlass com/android/build/gradle/internal/tasks/DexMergingTask$CreationAction$WhenMappings
instanceKlass com/android/build/api/artifact/Artifact$Appendable
instanceKlass com/android/build/gradle/internal/tasks/factory/features/DexingTaskCreationActionImpl
instanceKlass com/android/build/gradle/internal/tasks/factory/features/DexingTaskCreationAction
instanceKlass com/android/build/gradle/internal/tasks/ClassesClasspathUtils
instanceKlass com/android/build/api/variant/impl/ResourcesApkPackagingImpl$excludes$1
instanceKlass com/android/build/api/variant/JniLibsApkPackaging
instanceKlass com/android/build/api/variant/impl/DexPackagingOptionsImpl
instanceKlass com/android/build/api/variant/DexPackagingOptions
instanceKlass com/android/build/api/variant/impl/ResourcesPackagingImpl$merges$1
instanceKlass com/android/build/api/variant/impl/ResourcesPackagingImpl$pickFirsts$1
instanceKlass com/android/build/api/variant/impl/ResourcesPackagingImpl$excludes$1
instanceKlass com/android/build/api/variant/impl/ResourcesPackagingImpl
instanceKlass com/android/build/api/variant/ResourcesPackaging
instanceKlass com/android/build/api/variant/impl/JniLibsPackagingImpl$keepDebugSymbols$1
instanceKlass com/android/build/api/variant/impl/JniLibsPackagingImpl$pickFirsts$1
instanceKlass com/android/build/api/variant/impl/JniLibsPackagingImpl$excludes$1
instanceKlass com/android/build/api/variant/impl/JniLibsPackagingImpl
instanceKlass com/android/build/api/variant/JniLibsPackaging
instanceKlass com/android/build/api/variant/impl/PackagingImpl
instanceKlass com/android/build/gradle/internal/tasks/MergeGeneratedProguardFilesCreationAction$Companion
instanceKlass com/android/build/gradle/internal/component/KmpComponentCreationConfig
instanceKlass com/android/build/gradle/internal/TaskManager$WhenMappings
instanceKlass com/android/build/api/artifact/impl/OperationRequestsImplKt$toCreate$2
instanceKlass com/android/build/api/artifact/impl/OperationRequestsImplKt$toCreate$1
instanceKlass com/android/build/api/artifact/impl/OperationRequestsImplKt
instanceKlass com/android/build/api/artifact/impl/OutOperationRequestImpl
instanceKlass com/android/build/api/artifact/OutOperationRequest
instanceKlass com/android/build/gradle/tasks/MergeResources$CreationAction$Companion
instanceKlass com/android/build/gradle/internal/tasks/factory/TaskFactoryUtils$dependsOn$7
instanceKlass com/android/build/api/component/impl/features/ResValuesCreationConfigImpl
instanceKlass com/android/build/gradle/internal/tasks/factory/features/ResValuesTaskCreationActionImpl
instanceKlass com/android/build/gradle/internal/tasks/factory/features/ResValuesTaskCreationAction
instanceKlass org/gradle/api/internal/file/DefaultFilePropertyFactory$ToFileTransformer
instanceKlass com/android/build/api/artifact/impl/ArtifactTransformationRequestImpl
instanceKlass com/android/build/api/artifact/ArtifactTransformationRequest
instanceKlass com/android/build/api/artifact/impl/InAndOutDirectoryOperationRequestImpl$Companion$initializeInput$1
instanceKlass com/android/build/api/artifact/impl/InAndOutDirectoryOperationRequestImpl$Companion
instanceKlass com/android/build/api/artifact/impl/InAndOutDirectoryOperationRequestImpl
instanceKlass com/android/build/api/artifact/InAndOutDirectoryOperationRequest
instanceKlass com/android/build/api/artifact/impl/TaskBasedOperationImpl
instanceKlass com/android/build/api/artifact/impl/ArtifactOperationRequest
instanceKlass com/android/build/api/artifact/TaskBasedOperation
instanceKlass com/android/build/api/artifact/Artifact$ContainsMany
instanceKlass org/gradle/api/internal/resources/FileCollectionBackedTextResource
instanceKlass com/android/build/api/component/impl/OldVariantApiLegacySupportImpl$JavaCompileOptionsForOldVariantAPI$_annotationProcessorOptions$1
instanceKlass com/android/build/api/component/impl/OldVariantApiLegacySupportImpl$JavaCompileOptionsForOldVariantAPI
instanceKlass com/android/build/gradle/internal/core/dsl/impl/SigningConfigResolver$Companion
instanceKlass com/android/build/gradle/internal/core/dsl/impl/SigningConfigResolver
instanceKlass com/android/build/api/component/impl/OldVariantApiLegacySupportImpl
instanceKlass com/android/build/gradle/internal/dependency/ProvidedClasspathSubtractor$getFileCollection$1
instanceKlass com/android/build/gradle/internal/dependency/ProvidedClasspathSubtractor
instanceKlass com/android/build/gradle/internal/dependency/ProvidedClasspath
instanceKlass com/android/build/api/component/impl/features/OptimizationCreationConfigImpl
instanceKlass com/android/build/gradle/internal/dependency/VariantDependencies$Companion$getComponentFilter$2
instanceKlass com/android/build/gradle/internal/dependency/VariantDependencies$computeLocalFileDependencies$2
instanceKlass com/android/build/gradle/internal/dependency/VariantDependencies$computeLocalFileDependencies$dependencies$1
instanceKlass com/android/build/api/component/impl/ComponentImpl$computeLocalPackagedJars$1
instanceKlass com/android/build/gradle/internal/dependency/AndroidAttributes
instanceKlass com/android/build/gradle/internal/publishing/AndroidArtifactsUtilKt
instanceKlass com/android/build/gradle/internal/publishing/AndroidArtifacts
instanceKlass com/android/build/gradle/internal/dependency/VariantDependencies$computeArtifactCollection$1
instanceKlass com/android/build/gradle/internal/dependency/VariantDependencies$Companion$getComponentFilter$1
instanceKlass com/android/build/gradle/internal/dependency/VariantDependencies$computeArtifactCollection$attributesAction$1
instanceKlass com/android/build/gradle/internal/dependency/VariantDependencies$WhenMappings
instanceKlass com/android/build/gradle/internal/dependency/VariantDependencies$Companion$WhenMappings
instanceKlass org/gradle/api/attributes/VerificationType
instanceKlass com/android/build/gradle/internal/instrumentation/AsmClassVisitorsFactoryRegistry
instanceKlass com/android/build/gradle/internal/component/LibraryCreationConfig
instanceKlass com/android/build/gradle/internal/dsl/InstrumentationImpl
instanceKlass com/android/build/api/component/impl/features/InstrumentationCreationConfigImpl
instanceKlass com/android/build/api/component/impl/features/AndroidResourcesCreationConfigImpl
instanceKlass com/android/build/gradle/internal/tasks/factory/features/AndroidResourcesTaskCreationActionImpl
instanceKlass com/android/build/gradle/internal/TaskManager$createCompileAnchorTask$1
instanceKlass com/android/build/gradle/internal/TaskManager$createAnchorTasks$1
instanceKlass com/android/build/gradle/internal/tasks/AppPreBuildTask$Companion
instanceKlass com/android/build/gradle/internal/TaskManager$createAssembleTask$2
instanceKlass com/android/build/gradle/internal/TaskManager$createAssembleTask$1
instanceKlass com/android/builder/dexing/DexingTypeKt
instanceKlass com/android/build/gradle/internal/component/DynamicFeatureCreationConfig
instanceKlass com/android/build/api/variant/impl/VariantApiExtensionsKt
instanceKlass com/android/build/api/component/impl/features/DexingImpl
instanceKlass com/android/build/gradle/internal/AndroidTestTaskManager$createTopLevelTasks$4
instanceKlass com/android/build/gradle/internal/AndroidTestTaskManager$createTopLevelTasks$3
instanceKlass com/android/build/gradle/internal/AndroidTestTaskManager$createTopLevelTasks$2
instanceKlass com/android/build/gradle/internal/AndroidTestTaskManager$createTopLevelTasks$1
instanceKlass com/android/build/gradle/internal/AndroidTestTaskManager$createMockableJarTask$2
instanceKlass com/android/build/gradle/internal/AndroidTestTaskManager$createMockableJarTask$1
instanceKlass com/android/build/gradle/internal/UnitTestTaskManager$createTopLevelTasks$2
instanceKlass com/android/build/gradle/internal/UnitTestTaskManager$createTopLevelTasks$1
instanceKlass com/android/build/gradle/internal/VariantTaskManager$createTasks$1
instanceKlass com/android/tools/build/jetifier/processor/com/android/tools/build/jetifier/processor/transform/java/JavaTransformer
instanceKlass com/android/tools/build/jetifier/processor/transform/proguard/ProGuardClassFilterParser$Companion
instanceKlass com/android/tools/build/jetifier/processor/transform/proguard/ProGuardClassFilterParser
instanceKlass com/android/tools/build/jetifier/processor/transform/proguard/patterns/PatternHelper
instanceKlass com/android/tools/build/jetifier/processor/transform/proguard/ProGuardClassSpecParser$Companion
instanceKlass com/android/tools/build/jetifier/processor/transform/proguard/ProGuardClassSpecParser
instanceKlass com/android/tools/build/jetifier/processor/transform/proguard/patterns/GroupsReplacer
instanceKlass com/android/tools/build/jetifier/processor/transform/proguard/patterns/ReplacersRunner
instanceKlass com/android/tools/build/jetifier/processor/transform/proguard/ProGuardTypesMapper$Companion
instanceKlass com/android/tools/build/jetifier/processor/transform/proguard/ProGuardTypesMapper
instanceKlass com/android/tools/build/jetifier/processor/transform/proguard/ProGuardTransformer
instanceKlass com/android/tools/build/jetifier/processor/transform/resource/XmlResourcesTransformer$Companion
instanceKlass com/android/tools/build/jetifier/processor/transform/resource/XmlResourcesTransformer
instanceKlass com/android/tools/build/jetifier/processor/transform/bytecode/ByteCodeTransformer
instanceKlass com/android/tools/build/jetifier/processor/transform/Transformer
instanceKlass com/android/tools/build/jetifier/core/TypeRewriter$Companion
instanceKlass com/android/tools/build/jetifier/core/TypeRewriter
instanceKlass com/android/tools/build/jetifier/processor/transform/TransformationContext
instanceKlass com/android/tools/build/jetifier/core/pom/DependencyVersions$Companion
instanceKlass com/android/tools/build/jetifier/core/pom/DependencyVersions
instanceKlass com/android/tools/build/jetifier/processor/TimestampsPolicy$Companion
instanceKlass com/android/tools/build/jetifier/processor/TimestampsPolicy
instanceKlass com/android/tools/build/jetifier/core/config/Config$Companion
instanceKlass com/android/tools/build/jetifier/core/config/Config
instanceKlass com/android/tools/build/jetifier/core/proguard/ProGuardTypesMap$Companion
instanceKlass com/android/tools/build/jetifier/core/proguard/ProGuardTypesMap
instanceKlass com/android/tools/build/jetifier/core/proguard/ProGuardType$Companion
instanceKlass com/android/tools/build/jetifier/core/proguard/ProGuardType
instanceKlass com/google/gson/internal/LinkedTreeMap$LinkedTreeMapIterator
instanceKlass com/android/tools/build/jetifier/core/type/TypesMap$Companion
instanceKlass com/android/tools/build/jetifier/core/type/TypesMap
instanceKlass com/android/tools/build/jetifier/core/type/JavaType$Companion
instanceKlass com/android/tools/build/jetifier/core/type/JavaType
instanceKlass com/android/tools/build/jetifier/core/pom/DependencyVersionsMap$Companion
instanceKlass com/android/tools/build/jetifier/core/pom/DependencyVersionsMap
instanceKlass com/android/tools/build/jetifier/core/pom/PomRewriteRule$Companion
instanceKlass com/android/tools/build/jetifier/core/pom/PomRewriteRule
instanceKlass com/android/tools/build/jetifier/core/PackageMap$Companion
instanceKlass com/android/tools/build/jetifier/core/PackageMap
instanceKlass com/android/tools/build/jetifier/core/PackageMap$PackageRule
instanceKlass com/android/tools/build/jetifier/core/rule/RewriteRulesMap$Companion
instanceKlass com/android/tools/build/jetifier/core/rule/RewriteRulesMap
instanceKlass com/android/tools/build/jetifier/core/rule/RewriteRule$Companion
instanceKlass com/android/tools/build/jetifier/core/rule/RewriteRule
instanceKlass com/google/gson/internal/LinkedTreeMap$Node
instanceKlass com/google/gson/internal/LinkedTreeMap$1
instanceKlass com/google/gson/internal/UnsafeAllocator
instanceKlass com/google/gson/internal/ConstructorConstructor$16
instanceKlass com/google/gson/internal/ConstructorConstructor$18
instanceKlass com/android/tools/build/jetifier/core/pom/PomDependency
instanceKlass com/android/tools/build/jetifier/core/pom/PomRewriteRule$JsonData
instanceKlass com/android/tools/build/jetifier/core/PackageMap$PackageRule$JsonData
instanceKlass com/android/tools/build/jetifier/core/rule/RewriteRule$JsonData
instanceKlass com/google/gson/internal/ConstructorConstructor$13
instanceKlass com/google/gson/internal/Primitives
instanceKlass com/google/gson/internal/$Gson$Types$ParameterizedTypeImpl
instanceKlass com/google/gson/annotations/SerializedName
instanceKlass com/google/gson/internal/ConstructorConstructor$19
instanceKlass com/android/tools/build/jetifier/core/proguard/ProGuardTypesMap$JsonData
instanceKlass com/android/tools/build/jetifier/core/type/TypesMap$JsonData
instanceKlass com/google/gson/internal/reflect/ReflectionHelper$RecordHelper
instanceKlass com/google/gson/internal/reflect/ReflectionHelper
instanceKlass com/google/gson/internal/ReflectionAccessFilterHelper
instanceKlass com/google/gson/annotations/JsonAdapter
instanceKlass com/android/tools/build/jetifier/core/config/Config$JsonData
instanceKlass kotlin/io/TextStreamsKt
instanceKlass com/android/tools/build/jetifier/core/utils/StdOutLogConsumer
instanceKlass com/android/tools/build/jetifier/core/utils/LogConsumer
instanceKlass com/android/tools/build/jetifier/core/utils/Log
instanceKlass com/android/tools/build/jetifier/core/config/ConfigParser
instanceKlass com/android/tools/build/jetifier/processor/Processor$Companion
instanceKlass com/android/tools/build/jetifier/processor/Processor
instanceKlass com/android/tools/build/jetifier/processor/archive/ArchiveItemVisitor
instanceKlass com/android/build/gradle/internal/dependency/AndroidXDependencySubstitution
instanceKlass com/android/build/gradle/internal/VariantTaskManager$Companion
instanceKlass com/android/build/gradle/internal/tasks/factory/features/AndroidResourcesTaskCreationAction
instanceKlass android/databinding/tool/writer/JavaFileWriter
instanceKlass android/databinding/tool/DataBindingBuilder
instanceKlass com/android/build/gradle/internal/tasks/factory/TaskManagerConfigImpl
instanceKlass com/android/build/api/variant/impl/LayeredSourceDirectoriesImpl$addSource$1$1
instanceKlass com/android/build/api/variant/impl/SourceDirectoriesImpl$addGeneratedSourceDirectory$1
instanceKlass com/android/build/api/variant/impl/SourceDirectoriesImpl$addGeneratedSourceDirectory$mappedValue$1
instanceKlass com/android/build/api/variant/impl/SourcesImpl$SourceProviderFactory
instanceKlass com/android/build/gradle/internal/ide/CustomSourceDirectoryImpl
instanceKlass com/android/build/api/variant/impl/SourcesImpl$manifestOverlayFiles$1
instanceKlass com/android/build/api/variant/impl/SourcesImpl$manifestFile$1
instanceKlass com/android/build/api/variant/impl/SourcesImpl$artProfile$1
instanceKlass com/android/build/api/variant/impl/TaskProviderBasedDirectoryEntryImpl$asFiles$1
instanceKlass com/android/build/api/variant/impl/LayeredSourceDirectoriesImpl$addSources$1$1$1
instanceKlass com/android/build/api/variant/impl/TaskProviderBasedDirectoryEntryImpl
instanceKlass com/android/build/api/variant/impl/LayeredSourceDirectoriesImpl$all$1
instanceKlass com/android/build/api/variant/impl/DirectoryEntries
instanceKlass com/android/build/api/variant/SourceDirectories$Layered
instanceKlass com/android/build/api/variant/impl/FileBasedFileEntry$asFile$1
instanceKlass com/android/build/api/variant/impl/ManifestFilesImpl$addSource$1
instanceKlass com/android/build/api/variant/impl/FileBasedFileEntry
instanceKlass com/android/build/api/variant/impl/FileEntry
instanceKlass com/android/build/api/variant/impl/ManifestFilesImpl$all$1
instanceKlass com/android/build/api/variant/impl/ManifestFilesImpl
instanceKlass com/android/build/api/variant/ManifestFiles
instanceKlass org/gradle/api/internal/provider/AbstractCollectionProperty$PlusCollector
instanceKlass org/gradle/api/internal/provider/Collectors$ElementsFromCollectionProvider
instanceKlass com/android/build/api/variant/impl/FileBasedDirectoryEntryImpl$asFiles$1
instanceKlass com/android/build/api/variant/impl/FlatSourceDirectoriesImpl$addSource$1
instanceKlass com/android/build/api/variant/impl/FileBasedDirectoryEntryImpl
instanceKlass com/android/build/api/variant/impl/DirectoryEntry
instanceKlass com/android/build/api/variant/impl/SourceDirectoriesImpl
instanceKlass com/android/build/api/variant/SourceDirectories$Flat
instanceKlass com/android/build/api/variant/SourceDirectories
instanceKlass com/android/build/api/component/impl/DefaultSourcesProviderImpl
instanceKlass com/android/build/api/component/impl/DefaultSourcesProvider
instanceKlass com/android/build/gradle/internal/VariantManager$createVariantsFromCombination$2$variantExtensionConfig$1
instanceKlass com/android/build/api/variant/VariantExtensionConfig
instanceKlass com/android/build/api/variant/impl/AndroidResourcesImplKt
instanceKlass com/android/build/gradle/internal/core/dsl/impl/features/AndroidResourcesDslInfoImpl
instanceKlass com/android/build/gradle/internal/core/dsl/features/AndroidResourcesDslInfo
instanceKlass com/android/build/gradle/internal/scope/UnitTestBuildFeatureValuesImpl
instanceKlass com/android/build/gradle/internal/core/dsl/impl/features/UnitTestOptionsDslInfoImpl
instanceKlass com/android/build/gradle/internal/core/dsl/features/UnitTestOptionsDslInfo
instanceKlass com/android/build/gradle/internal/core/dsl/HostTestComponentDslInfo
instanceKlass com/android/build/gradle/internal/core/dsl/impl/InstrumentedTestDslInfoImpl$testLabel$1
instanceKlass com/android/build/gradle/internal/core/dsl/impl/InstrumentedTestDslInfoImpl$functionalTest$2
instanceKlass com/android/build/gradle/internal/core/dsl/impl/InstrumentedTestDslInfoImpl$handleProfiling$2
instanceKlass com/android/build/gradle/internal/core/dsl/impl/InstrumentedTestDslInfoImpl
instanceKlass com/android/build/gradle/internal/core/dsl/impl/DslInfoCommonKt$getTestComponentNamespace$2$1
instanceKlass com/android/build/gradle/internal/dependency/ConstraintHandler$checkConfigurationAlignments$1
instanceKlass com/android/build/gradle/internal/dependency/ConstraintHandler
instanceKlass org/gradle/api/internal/artifacts/dependencies/ProjectDependencyInternal
instanceKlass com/android/build/gradle/internal/core/dsl/impl/DslInfoCommonKt$initTestApplicationId$2
instanceKlass com/android/build/gradle/internal/core/dsl/impl/DslInfoCommonKt
instanceKlass com/android/build/gradle/internal/core/dsl/AndroidTestComponentDslInfo
instanceKlass com/android/build/gradle/internal/core/dsl/InstrumentedTestComponentDslInfo
instanceKlass com/android/build/gradle/internal/core/dsl/TestComponentDslInfo
instanceKlass com/android/build/gradle/internal/variant/ComponentInfo
instanceKlass com/android/build/api/variant/impl/VariantOutputList$Companion
instanceKlass com/android/build/api/variant/impl/ApplicationVariantImpl$addVariantOutput$1
instanceKlass com/android/build/gradle/internal/core/dsl/NestedComponentDslInfo
instanceKlass com/android/build/api/variant/impl/VariantOutputConfigurationImplKt$WhenMappings
instanceKlass com/android/build/api/variant/impl/VariantOutputConfigurationImplKt
instanceKlass com/android/build/gradle/internal/core/dsl/impl/ApplicationVariantDslInfoImpl$versionName$2$2
instanceKlass com/android/build/gradle/internal/core/dsl/impl/ApplicationVariantDslInfoImpl$versionCode$2$2
instanceKlass com/android/build/api/variant/impl/VariantOutputImpl
instanceKlass com/android/build/api/variant/VariantOutput
instanceKlass com/android/build/api/variant/impl/VariantOutputConfigurationImpl
instanceKlass com/android/build/gradle/internal/core/MergedExternalNativeCmakeOptions
instanceKlass com/android/build/gradle/internal/core/MergedExternalNativeNdkBuildOptions
instanceKlass com/android/build/gradle/internal/core/MergedExternalNativeBuildOptions
instanceKlass com/android/build/gradle/internal/core/MergedNdkConfig
instanceKlass com/android/build/gradle/internal/core/dsl/impl/features/NativeBuildDslInfoImpl
instanceKlass com/android/build/gradle/internal/core/dsl/features/NativeBuildDslInfo
instanceKlass com/android/build/api/component/impl/features/NativeBuildCreationConfigImpl
instanceKlass com/android/build/gradle/internal/variant/BaseVariantData$WhenMappings
instanceKlass com/android/build/api/variant/impl/MetadataRecord
instanceKlass com/android/build/api/variant/impl/CodeTransparencyImpl
instanceKlass com/android/build/api/variant/CodeTransparency
instanceKlass com/android/build/api/component/impl/AnnotationProcessorImpl$finalListOfClassNames$1
instanceKlass com/android/build/api/component/impl/AnnotationProcessorImpl
instanceKlass com/android/build/api/variant/AnnotationProcessor
instanceKlass com/android/build/api/component/impl/JavaCompilationImpl
instanceKlass com/android/build/gradle/internal/core/dsl/impl/VariantDslInfoImpl$namespace$1$1
instanceKlass com/android/build/api/variant/ResValue
instanceKlass com/android/build/gradle/internal/core/ProductFlavor
instanceKlass com/android/build/api/variant/BuildConfigField
instanceKlass com/android/build/api/variant/JavaCompilation
instanceKlass com/android/build/gradle/internal/component/features/ResValuesCreationConfig
instanceKlass com/android/build/api/component/impl/ModelV1LegacySupportImpl
instanceKlass com/android/build/gradle/internal/component/legacy/ModelV1LegacySupport
instanceKlass com/android/build/gradle/internal/component/features/AndroidResourcesCreationConfig
instanceKlass com/android/build/gradle/internal/component/features/InstrumentationCreationConfig
instanceKlass com/android/build/api/variant/Instrumentation
instanceKlass com/android/build/api/component/impl/LifecycleTasksImpl
instanceKlass com/android/build/api/variant/LifecycleTasks
instanceKlass com/android/build/api/variant/impl/SourcesImpl
instanceKlass com/android/build/api/variant/InternalSources
instanceKlass com/android/build/api/variant/Sources
instanceKlass com/android/build/gradle/internal/component/legacy/OldVariantApiLegacySupport
instanceKlass com/android/build/gradle/internal/component/features/PrivacySandboxCreationConfig
instanceKlass com/android/build/gradle/internal/component/HostTestCreationConfig
instanceKlass com/android/build/api/component/UnitTest
instanceKlass com/android/build/gradle/internal/component/features/ShadersCreationConfig
instanceKlass com/android/build/gradle/internal/component/features/OptimizationCreationConfig
instanceKlass com/android/build/gradle/internal/component/features/BuildConfigCreationConfig
instanceKlass com/android/build/gradle/internal/component/features/NativeBuildCreationConfig
instanceKlass com/android/build/api/variant/ResValue$Key
instanceKlass com/android/build/gradle/internal/component/features/ManifestPlaceholdersCreationConfig
instanceKlass com/android/build/gradle/internal/component/features/RenderscriptCreationConfig
instanceKlass com/android/build/api/variant/ExternalNativeBuild
instanceKlass com/android/build/api/variant/UnitTest
instanceKlass com/android/build/gradle/internal/component/AndroidTestCreationConfig
instanceKlass com/android/build/gradle/internal/component/InstrumentedTestCreationConfig
instanceKlass com/android/build/gradle/internal/component/TestComponentCreationConfig
instanceKlass com/android/build/gradle/internal/component/TestCreationConfig
instanceKlass com/android/build/api/variant/AndroidTest
instanceKlass com/android/build/api/variant/TestComponent
instanceKlass com/android/build/api/variant/GeneratesTestApk
instanceKlass com/android/build/api/variant/VariantOutputConfiguration
instanceKlass com/android/build/api/variant/impl/SigningConfigImpl
instanceKlass com/android/build/api/variant/SigningConfig
instanceKlass com/android/build/api/variant/impl/BundleConfigImpl
instanceKlass com/android/build/api/variant/BundleConfig
instanceKlass com/android/build/api/variant/impl/VariantOutputList
instanceKlass com/android/build/api/variant/ApkPackaging
instanceKlass com/android/build/api/variant/Packaging
instanceKlass com/android/build/api/variant/DependenciesInfo
instanceKlass com/android/build/api/variant/impl/AndroidResourcesImpl
instanceKlass com/android/build/api/variant/AndroidResources
instanceKlass com/android/build/api/variant/Renderscript
instanceKlass com/android/build/gradle/internal/component/features/DexingCreationConfig
instanceKlass com/android/build/api/variant/Dexing
instanceKlass com/android/build/gradle/internal/component/TestFixturesCreationConfig
instanceKlass com/android/build/gradle/internal/component/AarCreationConfig
instanceKlass com/android/build/gradle/internal/component/NestedComponentCreationConfig
instanceKlass com/android/build/api/variant/TestFixtures
instanceKlass com/android/build/api/variant/GeneratesAar
instanceKlass com/android/build/gradle/internal/services/VariantBuilderServicesImpl$ValueImpl
instanceKlass com/android/build/gradle/internal/services/VariantBuilderServices$Value
instanceKlass com/android/build/api/variant/impl/DependenciesInfoBuilderImpl
instanceKlass com/android/build/api/component/impl/ComponentImpl
instanceKlass com/android/build/api/variant/impl/HasHostTests
instanceKlass com/android/build/api/variant/impl/HasTestFixtures
instanceKlass com/android/build/api/variant/impl/HasDeviceTests
instanceKlass org/gradle/api/internal/resources/StringBackedTextResource
instanceKlass com/android/build/gradle/internal/variant/BaseVariantData$Companion
instanceKlass com/android/build/gradle/internal/variant/BaseVariantData
instanceKlass com/android/build/gradle/internal/variant/TestedVariantData
instanceKlass com/android/build/gradle/internal/scope/MutableTaskContainer
instanceKlass com/android/build/gradle/internal/scope/TaskContainer
instanceKlass com/android/build/gradle/internal/variant/VariantPathHelper$Companion
instanceKlass com/android/build/gradle/internal/variant/VariantPathHelper
instanceKlass com/android/build/gradle/internal/dependency/VariantDependencies$Companion
instanceKlass com/android/build/gradle/internal/dependency/VariantDependencies
instanceKlass com/android/build/gradle/internal/dependency/ResolutionResultProvider
instanceKlass com/android/build/gradle/internal/dsl/ModulePropertyKey
instanceKlass com/android/build/gradle/internal/publishing/PublishedConfigSpec
instanceKlass com/android/build/gradle/internal/attributes/VariantAttr$Impl
instanceKlass com/android/build/gradle/internal/attributes/VariantAttr$Companion
instanceKlass com/android/build/gradle/internal/attributes/VariantAttr
instanceKlass com/android/build/api/attributes/BuildTypeAttr$Impl
instanceKlass org/apache/commons/lang/WordUtils
instanceKlass com/android/build/api/attributes/BuildTypeAttr$Companion
instanceKlass com/android/build/api/attributes/BuildTypeAttr
instanceKlass com/android/build/api/attributes/AgpVersionAttr$Impl
instanceKlass com/android/build/api/attributes/AgpVersionAttr$Companion
instanceKlass com/android/build/api/attributes/AgpVersionAttr
instanceKlass org/gradle/api/attributes/java/TargetJvmEnvironment$Impl
instanceKlass com/android/build/gradle/internal/VariantManager$getFlavorSelection$2
instanceKlass com/android/build/gradle/internal/VariantManager$getFlavorSelection$1
instanceKlass com/android/build/gradle/internal/dependency/VariantDependenciesBuilder
instanceKlass com/android/build/gradle/internal/core/VariantSources
instanceKlass com/android/build/api/variant/impl/AndroidTestBuilderImpl
instanceKlass com/android/build/gradle/internal/core/dsl/impl/features/DexingDslInfoImpl
instanceKlass com/android/build/gradle/internal/core/dsl/features/DexingDslInfo
instanceKlass com/android/build/gradle/internal/profile/ProfilingMode$Companion
instanceKlass com/android/build/gradle/internal/core/dsl/impl/features/OptimizationDslInfoImpl$postProcessingOptions$2$1
instanceKlass com/android/build/gradle/internal/core/PostProcessingOptions
instanceKlass com/android/build/gradle/internal/core/MergedOptimization
instanceKlass com/android/build/gradle/internal/core/dsl/impl/features/OptimizationDslInfoImpl
instanceKlass com/android/build/gradle/internal/core/dsl/features/OptimizationDslInfo
instanceKlass com/android/build/gradle/internal/core/dsl/impl/features/RenderscriptDslInfoImpl
instanceKlass com/android/build/gradle/internal/core/dsl/features/RenderscriptDslInfo
instanceKlass com/google/common/collect/Lists$ReverseList$1
instanceKlass kotlin/jvm/internal/TypeIntrinsics
instanceKlass com/android/build/gradle/internal/core/dsl/impl/VariantDslInfoImpl$initApplicationId$2
instanceKlass com/android/build/gradle/internal/core/MergedFlavor$Companion
instanceKlass com/android/build/gradle/internal/core/InternalBaseVariant$MergedFlavor
instanceKlass com/android/build/api/variant/impl/MutableAndroidVersion
instanceKlass com/android/build/api/variant/AndroidVersion
instanceKlass com/android/build/api/variant/AndroidTestBuilder
instanceKlass com/android/build/api/variant/DependenciesInfoBuilder
instanceKlass com/android/build/api/component/impl/ComponentBuilderImpl
instanceKlass com/android/build/api/variant/impl/InternalVariantBuilder
instanceKlass com/android/build/gradle/internal/core/dsl/impl/features/PrivacySandboxDslInfoImpl
instanceKlass com/android/build/gradle/internal/core/dsl/features/PrivacySandboxDslInfo
instanceKlass com/android/build/gradle/internal/core/MergedJavaCompileOptions
instanceKlass com/android/build/gradle/internal/core/MergedOptions
instanceKlass com/android/build/gradle/internal/core/dsl/impl/ComponentDslInfoImpl
instanceKlass com/android/build/gradle/internal/publishing/VariantPublishingInfo
instanceKlass com/android/build/gradle/internal/utils/PublishingUtils
instanceKlass com/android/build/gradle/internal/core/dsl/impl/DslInfoUtilsKt
instanceKlass com/android/build/api/component/impl/ComponentIdentityImpl
instanceKlass com/android/build/gradle/internal/manifest/LazyManifestParser$manifestData$2
instanceKlass com/android/build/gradle/internal/manifest/ManifestValueSource$Params_Decorated
instanceKlass com/android/build/gradle/internal/manifest/ManifestValueSource$Params
instanceKlass com/android/build/gradle/internal/manifest/LazyManifestParser$manifestData$1
instanceKlass com/android/build/gradle/internal/manifest/ManifestValueSource
instanceKlass com/android/build/gradle/internal/manifest/LazyManifestParser
instanceKlass com/android/build/gradle/internal/manifest/ManifestDataProvider
instanceKlass com/android/build/gradle/internal/VariantManager$getLazyManifestParser$1
instanceKlass com/android/build/gradle/internal/core/dsl/impl/DslInfoBuilder$Companion
instanceKlass com/android/build/gradle/internal/core/dsl/impl/DslInfoBuilder
instanceKlass com/android/build/api/variant/impl/GlobalVariantBuilderConfigImpl
instanceKlass com/android/build/api/variant/impl/GlobalVariantBuilderConfig
instanceKlass com/android/build/gradle/internal/variant/DimensionCombinationImpl
instanceKlass com/android/build/gradle/internal/variant/DimensionCombinator$Companion
instanceKlass com/android/build/gradle/internal/variant/DimensionCombinator
instanceKlass com/android/build/gradle/internal/plugins/BasePlugin$createAndroidTasks$3$1
instanceKlass com/android/build/api/dsl/LibraryBuildFeatures
instanceKlass com/android/build/gradle/internal/scope/BuildFeatureValuesImpl
instanceKlass com/android/build/gradle/internal/profile/AnalyticsUtil
instanceKlass org/gradle/api/internal/file/collections/ReproducibleDirectoryWalker
instanceKlass org/gradle/internal/nativeintegration/services/FileSystems
instanceKlass org/gradle/api/internal/file/collections/DefaultDirectoryWalker
instanceKlass org/gradle/api/file/FileTreeElement
instanceKlass org/gradle/api/internal/file/collections/DirectoryWalker
instanceKlass com/android/build/gradle/internal/utils/KgpUtils$syncAgpAndKgpSources$1
instanceKlass com/android/build/gradle/internal/utils/KgpUtils
instanceKlass com/android/build/gradle/internal/plugins/DslContainerProvider$lock$6
instanceKlass com/android/build/gradle/internal/plugins/DslContainerProvider$lock$5
instanceKlass com/android/build/gradle/internal/plugins/DslContainerProvider$lock$4
instanceKlass com/android/build/gradle/internal/plugins/DslContainerProvider$lock$3
instanceKlass com/android/build/gradle/internal/plugins/DslContainerProvider$lock$2
instanceKlass com/android/build/gradle/internal/plugins/DslContainerProvider$lock$1
instanceKlass com/android/build/gradle/internal/plugins/BasePlugin$createAndroidTasks$1
instanceKlass org/gradle/api/plugins/JavaPlugin
instanceKlass com/android/build/gradle/tasks/JavaCompileUtils
instanceKlass com/android/build/gradle/internal/plugins/BasePlugin$createTasks$2$1
instanceKlass org/gradle/kotlin/dsl/KaptConfigurationAccessorsKt
instanceKlass org/gradle/kotlin/dsl/AndroidTestImplementationConfigurationAccessorsKt
instanceKlass org/gradle/kotlin/dsl/TestImplementationConfigurationAccessorsKt
instanceKlass org/gradle/kotlin/dsl/ImplementationConfigurationAccessorsKt
instanceKlass org/gradle/api/internal/catalog/AbstractExternalDependencyFactory$1
instanceKlass org/gradle/api/internal/catalog/DependencyValueSource$Params_Decorated
instanceKlass org/gradle/api/internal/catalog/DependencyValueSource$Params
instanceKlass org/gradle/api/internal/catalog/DependencyValueSource
instanceKlass org/gradle/kotlin/dsl/accessors/runtime/RuntimeKt
instanceKlass org/gradle/kotlin/dsl/DependencyHandlerScope$Companion
instanceKlass org/gradle/kotlin/dsl/support/delegates/DependencyHandlerDelegate
instanceKlass org/gradle/kotlin/dsl/ProjectExtensionsKt
instanceKlass org/jetbrains/kotlin/gradle/dsl/KotlinJvmOptions$DefaultImpls
instanceKlass org/gradle/kotlin/dsl/Accessors6ijptz36i787i38pli2t3331aKt
instanceKlass Build_gradle$1$4
instanceKlass com/android/build/gradle/internal/dsl/CommonExtensionImpl$sam$org_gradle_api_Action$0
instanceKlass com/android/builder/core/DefaultApiVersion
instanceKlass org/gradle/kotlin/dsl/Accessors377twfxlhpj2n65rquy9ybeqsKt
instanceKlass Build_gradle$1
instanceKlass org/gradle/kotlin/dsl/support/ProjectScriptHost
instanceKlass org/gradle/kotlin/dsl/support/DefaultKotlinScriptKt
instanceKlass org/gradle/process/internal/health/memory/JvmMemoryStatusSnapshot
instanceKlass org/gradle/workers/internal/WorkerDaemonClient
instanceKlass org/gradle/workers/internal/WorkerDaemonExpiration$SimpleMemoryExpirationSelector
instanceKlass org/gradle/process/internal/health/memory/OsMemoryStatusAspect$Unavailable
instanceKlass org/gradle/kotlin/dsl/accessors/GenerateProjectAccessors$identify$1
instanceKlass org/gradle/kotlin/dsl/accessors/GenerateProjectAccessors$visitIdentityInputs$2
instanceKlass org/gradle/kotlin/dsl/accessors/GenerateProjectAccessors$visitIdentityInputs$1
instanceKlass org/gradle/kotlin/dsl/accessors/GenerateProjectAccessors$Companion
instanceKlass org/gradle/kotlin/dsl/accessors/GenerateProjectAccessors
instanceKlass org/gradle/model/internal/type/GenericArrayTypeWrapper
instanceKlass org/gradle/kotlin/dsl/accessors/KotlinTypeStringsKt
instanceKlass org/gradle/kotlin/dsl/accessors/SchemaType$Companion
instanceKlass org/gradle/kotlin/dsl/accessors/SchemaType
instanceKlass org/gradle/kotlin/dsl/accessors/ConfigurationEntry
instanceKlass org/gradle/kotlin/dsl/accessors/ProjectSchema
instanceKlass org/gradle/kotlin/dsl/provider/plugins/TargetTypedSchema
instanceKlass com/android/build/gradle/internal/tasks/BuildAnalyzer
instanceKlass org/gradle/api/internal/tasks/DefaultTaskCollection$1$2$1
instanceKlass com/google/common/collect/Iterators$ConcatenatedIterator
instanceKlass org/gradle/api/internal/tasks/DefaultTaskCollection$1$2
instanceKlass org/gradle/api/internal/tasks/DefaultTaskCollection$1$1
instanceKlass org/gradle/api/internal/tasks/DefaultTaskCollection$1
instanceKlass org/gradle/kotlin/dsl/provider/plugins/DefaultProjectSchemaProviderKt$targetSchemaFor$collectSchemaOf$2$plugin$1
instanceKlass org/gradle/kotlin/dsl/provider/plugins/DefaultProjectSchemaProviderKt$accessibleConventionsSchema$1
instanceKlass org/gradle/kotlin/dsl/provider/plugins/DefaultProjectSchemaProviderKt$targetSchemaFor$collectSchemaOf$plugins$1
instanceKlass org/gradle/api/internal/DefaultNamedDomainObjectCollection$1$1$1
instanceKlass org/gradle/kotlin/dsl/provider/plugins/ProjectSchemaNamedDomainObjectSchema
instanceKlass org/gradle/api/internal/DefaultNamedDomainObjectCollection$1$1
instanceKlass org/gradle/api/internal/DefaultNamedDomainObjectCollection$1
instanceKlass org/gradle/kotlin/dsl/accessors/ProjectSchemaEntry
instanceKlass kotlin/reflect/jvm/internal/impl/load/kotlin/KotlinClassFinderKt
instanceKlass kotlin/reflect/jvm/internal/impl/load/java/structure/JavaTypeParameter
instanceKlass kotlin/reflect/jvm/internal/impl/load/java/JavaDescriptorVisibilities
instanceKlass kotlin/reflect/jvm/internal/impl/load/java/UtilsKt
instanceKlass kotlin/reflect/jvm/internal/impl/descriptors/runtime/structure/Java16SealedRecordLoader$Cache
instanceKlass kotlin/reflect/jvm/internal/impl/descriptors/runtime/structure/Java16SealedRecordLoader
instanceKlass kotlin/reflect/jvm/internal/impl/load/java/lazy/LazyJavaTypeParameterResolver
instanceKlass kotlin/reflect/jvm/internal/impl/load/java/lazy/descriptors/LazyJavaClassDescriptor$Companion
instanceKlass kotlin/reflect/jvm/internal/impl/load/java/descriptors/JavaClassDescriptor
instanceKlass kotlin/reflect/jvm/internal/impl/load/java/structure/JavaClass
instanceKlass kotlin/reflect/jvm/internal/impl/load/java/structure/JavaTypeParameterListOwner
instanceKlass kotlin/reflect/jvm/internal/impl/load/java/structure/JavaClassifier
instanceKlass kotlin/reflect/jvm/internal/impl/load/java/structure/JavaNamedElement
instanceKlass kotlin/reflect/jvm/internal/impl/descriptors/runtime/structure/ReflectJavaModifierListOwner
instanceKlass kotlin/reflect/jvm/internal/impl/load/java/structure/JavaModifierListOwner
instanceKlass kotlin/reflect/jvm/internal/impl/descriptors/runtime/structure/ReflectJavaAnnotationOwner
instanceKlass kotlin/ResultKt
instanceKlass kotlin/coroutines/EmptyCoroutineContext
instanceKlass kotlin/coroutines/CoroutineContext
instanceKlass kotlin/coroutines/jvm/internal/DebugProbesKt
instanceKlass kotlin/coroutines/intrinsics/IntrinsicsKt__IntrinsicsJvmKt
instanceKlass kotlin/sequences/SequenceScope
instanceKlass kotlin/sequences/SequencesKt__SequenceBuilderKt$sequence$$inlined$Sequence$1
instanceKlass org/gradle/kotlin/dsl/provider/plugins/DefaultProjectSchemaProviderKt
instanceKlass com/android/build/api/extension/impl/OperationsRegistrar$Operation
instanceKlass com/android/build/api/extension/impl/AndroidComponentsExtensionImpl$onVariants$1
instanceKlass com/android/build/api/variant/AndroidComponentsExtension$DefaultImpls
instanceKlass org/jetbrains/kotlin/gradle/model/builder/KaptModelBuilder$Companion
instanceKlass org/jetbrains/kotlin/gradle/model/builder/KaptModelBuilder
instanceKlass org/jetbrains/kotlin/gradle/plugin/KaptExtension
instanceKlass org/jetbrains/kotlin/gradle/dsl/KaptExtensionConfig
instanceKlass org/jetbrains/kotlin/gradle/plugin/SubpluginArtifact
instanceKlass kotlin/collections/ArrayDeque$Companion
instanceKlass org/jetbrains/kotlin/gradle/plugin/KotlinPluginLifecycle$Stage$Companion
instanceKlass org/jetbrains/kotlin/gradle/plugin/KotlinPluginLifecycleImpl
instanceKlass org/jetbrains/kotlin/gradle/plugin/KotlinPluginLifecycle
instanceKlass org/jetbrains/kotlin/gradle/plugin/KotlinPluginLifecycleKt
instanceKlass org/jetbrains/kotlin/gradle/targets/js/npm/PeerNpmDependencyExtension
instanceKlass org/jetbrains/kotlin/gradle/targets/js/npm/DevNpmDependencyExtension
instanceKlass org/jetbrains/kotlin/gradle/targets/js/npm/NpmDependency
instanceKlass org/jetbrains/kotlin/gradle/targets/js/npm/NpmDependencyExtension
instanceKlass org/jetbrains/kotlin/gradle/targets/js/npm/NpmDirectoryDependencyWithExternalsExtension
instanceKlass org/jetbrains/kotlin/gradle/targets/js/npm/NpmDirectoryDependencyExtension
instanceKlass org/jetbrains/kotlin/gradle/targets/js/npm/NpmDependencyWithExternalsExtension
instanceKlass org/jetbrains/kotlin/gradle/targets/js/npm/BaseNpmDependencyExtension
instanceKlass org/jetbrains/kotlin/gradle/targets/js/npm/NpmDependencyExtensionKt$WhenMappings
instanceKlass org/jetbrains/kotlin/gradle/targets/js/npm/NpmDependencyExtensionKt
instanceKlass org/jetbrains/kotlin/gradle/model/builder/KotlinModelBuilder$Companion
instanceKlass org/jetbrains/kotlin/gradle/model/builder/KotlinModelBuilder
instanceKlass org/jetbrains/kotlin/gradle/internal/KotlinDependenciesManagementKt$sam$org_gradle_api_Action$0
instanceKlass org/jetbrains/kotlin/gradle/internal/KotlinDomApiDependencyManagementKt$sam$org_gradle_api_Action$0
instanceKlass org/jetbrains/kotlin/gradle/targets/js/dsl/KotlinJsSubTargetContainerDsl
instanceKlass org/jetbrains/kotlin/gradle/targets/js/dsl/KotlinJsTargetDsl
instanceKlass org/jetbrains/kotlin/gradle/plugin/KotlinTargetWithTests
instanceKlass org/jetbrains/kotlin/gradle/internal/KotlinDomApiDependencyManagementKt
instanceKlass org/jetbrains/kotlin/gradle/internal/KotlinTestDependencyManagementKt$sam$org_gradle_api_Action$0
instanceKlass org/jetbrains/kotlin/gradle/internal/KotlinTestDependencyManagementKt
instanceKlass org/jetbrains/kotlin/gradle/internal/StdlibDependencyManagementKt$sam$org_gradle_api_Action$0
instanceKlass org/jetbrains/kotlin/gradle/targets/js/npm/SemVer$Companion
instanceKlass org/jetbrains/kotlin/gradle/targets/js/npm/SemVer
instanceKlass org/jetbrains/kotlin/gradle/internal/StdlibDependencyManagementKt
instanceKlass org/jetbrains/kotlin/gradle/utils/ProviderApiUtilsKt$sam$i$org_gradle_api_Transformer$0
instanceKlass org/jetbrains/kotlin/gradle/internal/KotlinDependenciesManagementKt
instanceKlass org/jetbrains/kotlin/gradle/plugin/mpp/KotlinMultiplatformPluginKt
instanceKlass org/jetbrains/kotlin/gradle/plugin/AndroidProjectHandlerKt$sam$org_gradle_api_Action$0
instanceKlass org/jetbrains/kotlin/gradle/plugin/AndroidProjectHandlerKt$sam$org_gradle_api_specs_Spec$0
instanceKlass org/jetbrains/kotlin/gradle/testing/internal/KotlinTestsRegistryKt
instanceKlass org/jetbrains/kotlin/gradle/tasks/TasksProviderKt$sam$org_gradle_api_Action$0
instanceKlass org/jetbrains/kotlin/gradle/tasks/TasksProviderKt
instanceKlass org/jetbrains/kotlin/gradle/tooling/BuildKotlinToolingMetadataTaskKt
instanceKlass org/jetbrains/kotlin/gradle/tooling/IncludeKotlinToolingMetadataInApkKt$sam$org_gradle_api_Action$0
instanceKlass org/jetbrains/kotlin/gradle/tooling/IncludeKotlinToolingMetadataInApkKt
instanceKlass org/jetbrains/kotlin/gradle/plugin/KotlinMultiplatformPluginKt$sam$org_gradle_api_Action$0
instanceKlass org/jetbrains/kotlin/gradle/plugin/KotlinMultiplatformPluginKt
instanceKlass org/gradle/api/internal/plugins/DefaultPluginContainer$1
instanceKlass kotlin/sequences/FilteringSequence$iterator$1
instanceKlass kotlin/sequences/FilteringSequence
instanceKlass org/jetbrains/kotlin/gradle/utils/ForEachAndroidVariantKt$sam$org_gradle_api_Action$0
instanceKlass org/jetbrains/kotlin/gradle/utils/ForEachAndroidVariantKt
instanceKlass org/jetbrains/kotlin/gradle/plugin/sources/android/configurator/SingleTargetSourceDirConfigurator$configure$1
instanceKlass org/jetbrains/kotlin/gradle/plugin/sources/android/configurator/Agp7AddKotlinSourcesToAndroidSourceSetConfigurator$configure$1
instanceKlass org/jetbrains/kotlin/gradle/plugin/internal/CompatibilityConventionRegistrarG81
instanceKlass org/jetbrains/kotlin/gradle/plugin/internal/CompatibilityConventionRegistrarKt
instanceKlass org/jetbrains/kotlin/gradle/utils/WhenKaptEnabledKt$sam$org_gradle_api_Action$0
instanceKlass org/jetbrains/kotlin/gradle/utils/WhenKaptEnabledKt
instanceKlass org/jetbrains/kotlin/gradle/plugin/sources/android/configurator/KotlinAndroidSourceSetConfigurator$DefaultImpls
instanceKlass org/jetbrains/kotlin/gradle/plugin/sources/android/KotlinAndroidSourceSetInfo
instanceKlass org/jetbrains/kotlin/gradle/plugin/sources/android/KotlinAndroidSourceSetInfoKt
instanceKlass org/jetbrains/kotlin/gradle/plugin/sources/DefaultKotlinSourceSetFactory$sam$org_gradle_api_Action$0
instanceKlass org/jetbrains/kotlin/util/capitalizeDecapitalize/CapitalizeDecapitalizeKt
instanceKlass org/jetbrains/kotlin/gradle/plugin/HasKotlinDependencies$DefaultImpls
instanceKlass org/jetbrains/kotlin/gradle/plugin/KotlinSourceSet$DefaultImpls
instanceKlass org/jetbrains/kotlin/gradle/plugin/sources/InternalKotlinSourceSet$DefaultImpls
instanceKlass org/jetbrains/kotlin/gradle/plugin/sources/DefaultLanguageSettingsBuilder
instanceKlass org/gradle/api/internal/file/DefaultSourceDirectorySet$SourceDirectories
instanceKlass org/gradle/model/internal/core/UnmanagedStruct
instanceKlass org/gradle/api/internal/file/collections/DirectoryFileTree
instanceKlass org/gradle/api/internal/file/collections/LocalFileTree
instanceKlass org/gradle/api/internal/file/collections/RandomAccessFileCollection
instanceKlass org/gradle/api/internal/file/collections/PatternFilterableFileTree
instanceKlass org/jetbrains/kotlin/gradle/plugin/sources/ConsistencyCheck
instanceKlass org/jetbrains/kotlin/config/LanguageVersion$Companion
instanceKlass org/jetbrains/kotlin/config/LanguageOrApiVersion
instanceKlass org/jetbrains/kotlin/utils/DescriptionAware
instanceKlass org/jetbrains/kotlin/gradle/plugin/sources/FragmentConsistencyChecks
instanceKlass org/jetbrains/kotlin/gradle/plugin/sources/FragmentConsistencyChecker
instanceKlass org/jetbrains/kotlin/gradle/plugin/sources/DefaultKotlinSourceSetKt
instanceKlass org/jetbrains/kotlin/gradle/plugin/sources/DefaultKotlinSourceSet$MetadataDependencyTransformation
instanceKlass org/jetbrains/kotlin/gradle/plugin/KotlinSourceSet$Companion
instanceKlass org/jetbrains/kotlin/gradle/utils/MutableObservableSetImpl
instanceKlass org/jetbrains/kotlin/gradle/utils/MutableObservableSet
instanceKlass org/jetbrains/kotlin/gradle/utils/ObservableSet
instanceKlass org/jetbrains/kotlin/gradle/plugin/LanguageSettingsBuilder
instanceKlass org/jetbrains/kotlin/project/model/LanguageSettings
instanceKlass org/jetbrains/kotlin/gradle/plugin/sources/AbstractKotlinSourceSet
instanceKlass org/jetbrains/kotlin/gradle/plugin/sources/InternalKotlinSourceSet
instanceKlass org/jetbrains/kotlin/gradle/utils/ObjectCollectionExtKt$sam$org_gradle_api_Action$0
instanceKlass org/jetbrains/kotlin/gradle/utils/ObjectCollectionExtKt
instanceKlass org/jetbrains/kotlin/gradle/utils/StringUtilsKt
instanceKlass org/jetbrains/kotlin/gradle/plugin/sources/android/AndroidVariantTypeKt
instanceKlass org/jetbrains/kotlin/gradle/plugin/sources/android/AndroidBaseSourceSetName$Companion
instanceKlass org/jetbrains/kotlin/gradle/plugin/sources/android/AndroidBaseSourceSetName
instanceKlass org/jetbrains/kotlin/gradle/plugin/sources/android/KotlinAndroidSourceSets$sam$org_gradle_api_Action$0
instanceKlass org/jetbrains/kotlin/gradle/plugin/internal/DefaultConfigurationTimePropertiesAccessor
instanceKlass org/jetbrains/kotlin/gradle/plugin/internal/ConfigurationTimePropertiesAccessorKt
instanceKlass org/jetbrains/kotlin/gradle/utils/RunProjectConfigurationHealthCheckKt
instanceKlass org/jetbrains/kotlin/gradle/plugin/sources/android/KotlinAndroidSourceSetFactory$Companion
instanceKlass org/jetbrains/kotlin/gradle/plugin/sources/android/KotlinAndroidSourceSetFactory
instanceKlass org/jetbrains/kotlin/gradle/plugin/sources/android/checker/DiagnosticReporterImpl
instanceKlass org/jetbrains/kotlin/gradle/plugin/sources/android/checker/KotlinAndroidSourceSetLayoutChecker$DiagnosticReporter$Companion
instanceKlass org/jetbrains/kotlin/gradle/plugin/sources/android/checker/KotlinAndroidSourceSetLayoutChecker$DiagnosticReporter
instanceKlass org/jetbrains/kotlin/gradle/utils/AndroidExtensionUitlsKt
instanceKlass org/jetbrains/kotlin/gradle/plugin/sources/android/checker/MultiplatformLayoutV2MultiplatformLayoutV1StyleSourceDirUsageChecker
instanceKlass org/jetbrains/kotlin/gradle/plugin/sources/android/checker/MultiplatformLayoutV2AndroidStyleSourceDirUsageChecker
instanceKlass org/jetbrains/kotlin/gradle/plugin/sources/android/checker/MultiplatformLayoutV2AgpRequirementChecker
instanceKlass org/jetbrains/kotlin/gradle/plugin/sources/android/configurator/MultiplatformLayoutV2DefaultManifestLocationConfigurator
instanceKlass org/jetbrains/kotlin/gradle/plugin/sources/android/configurator/MultiplatformLayoutV2SourceDirConfigurator
instanceKlass org/jetbrains/kotlin/gradle/plugin/sources/android/configurator/MultiplatformLayoutV2DependsOnConfigurator
instanceKlass org/jetbrains/kotlin/gradle/plugin/sources/android/MultiplatformLayoutV2KotlinAndroidSourceSetNaming
instanceKlass org/jetbrains/kotlin/gradle/plugin/sources/android/checker/MultiplatformLayoutV1PromoteV2Checker
instanceKlass org/jetbrains/kotlin/gradle/plugin/sources/android/configurator/MultiplatformLayoutV1SourceDirConfigurator
instanceKlass org/jetbrains/kotlin/gradle/plugin/sources/android/configurator/MultiplatformLayoutV1DependsOnConfigurator
instanceKlass org/jetbrains/kotlin/gradle/plugin/sources/android/configurator/MultiplatformAndroidResourceDirConfigurator
instanceKlass org/jetbrains/kotlin/gradle/plugin/sources/android/MultiplatformLayoutV1KotlinAndroidSourceSetNaming
instanceKlass org/jetbrains/kotlin/gradle/plugin/sources/android/checker/CompositeKotlinAndroidSourceSetLayoutChecker
instanceKlass org/jetbrains/kotlin/gradle/plugin/sources/android/checker/KotlinAndroidSourceSetLayoutCheckerKt
instanceKlass org/jetbrains/kotlin/gradle/plugin/sources/android/checker/KotlinAndroidSourceSetLayoutChecker
instanceKlass org/jetbrains/kotlin/gradle/plugin/sources/android/configurator/CompositeKotlinAndroidSourceSetConfigurator
instanceKlass org/jetbrains/kotlin/gradle/plugin/sources/android/configurator/SingleTargetSourceDirConfigurator
instanceKlass org/jetbrains/kotlin/gradle/plugin/sources/android/configurator/KotlinAndroidSourceSetConfigurationWithCondition
instanceKlass org/jetbrains/kotlin/gradle/plugin/sources/android/configurator/KotlinAndroidSourceSetConfiguratorKt
instanceKlass org/jetbrains/kotlin/gradle/plugin/sources/android/configurator/Agp7AddKotlinSourcesToAndroidSourceSetConfigurator
instanceKlass org/jetbrains/kotlin/gradle/plugin/sources/android/configurator/GradleConventionAddKotlinSourcesToAndroidSourceSetConfigurator
instanceKlass org/jetbrains/kotlin/gradle/plugin/sources/android/configurator/AndroidKaptSourceSetConfigurator
instanceKlass org/jetbrains/kotlin/gradle/plugin/sources/android/configurator/KotlinAndroidSourceSetInfoConfigurator
instanceKlass org/jetbrains/kotlin/gradle/plugin/sources/android/configurator/KotlinAndroidSourceSetConfigurator
instanceKlass org/jetbrains/kotlin/gradle/plugin/sources/android/SingleTargetKotlinAndroidSourceSetNaming
instanceKlass org/jetbrains/kotlin/gradle/plugin/sources/android/KotlinAndroidSourceSetNaming
instanceKlass org/jetbrains/kotlin/gradle/plugin/sources/android/KotlinAndroidSourceSetLayout
instanceKlass org/jetbrains/kotlin/gradle/plugin/sources/android/KotlinAndroidSourceSetLayoutKt
instanceKlass org/jetbrains/kotlin/gradle/dsl/KotlinTargetContainerWithNativeShortcuts
instanceKlass org/jetbrains/kotlin/gradle/dsl/KotlinTargetContainerWithWasmPresetFunctions
instanceKlass org/jetbrains/kotlin/gradle/dsl/KotlinTargetContainerWithJsPresetFunctions
instanceKlass org/jetbrains/kotlin/gradle/plugin/KotlinJsCompilerTypeHolder
instanceKlass org/jetbrains/kotlin/gradle/dsl/KotlinTargetContainerWithPresetFunctions
instanceKlass org/jetbrains/kotlin/gradle/plugin/KotlinTargetsContainerWithPresets
instanceKlass org/jetbrains/kotlin/gradle/plugin/KotlinTargetsContainer
instanceKlass org/jetbrains/kotlin/gradle/plugin/sources/android/KotlinAndroidSourceSetLayoutExtensionKt
instanceKlass org/jetbrains/kotlin/gradle/plugin/sources/android/KotlinAndroidSourceSets
instanceKlass org/jetbrains/kotlin/gradle/tasks/KotlinTasksProvider
instanceKlass org/jetbrains/kotlin/gradle/plugin/KotlinAndroidPlugin$apply$1$1$kotlinOptions$1
instanceKlass org/jetbrains/kotlin/gradle/dsl/KotlinJvmOptions
instanceKlass org/jetbrains/kotlin/gradle/dsl/KotlinCommonOptions
instanceKlass org/jetbrains/kotlin/gradle/dsl/KotlinCommonToolOptions
instanceKlass org/jetbrains/kotlin/gradle/plugin/KotlinJvmPluginKt$sam$org_gradle_api_Action$0
instanceKlass org/jetbrains/kotlin/gradle/tasks/DefaultKotlinJavaToolchain$sam$org_gradle_api_Transformer$0
instanceKlass org/jetbrains/kotlin/gradle/tasks/DefaultKotlinJavaToolchain$sam$org_gradle_api_Action$0
instanceKlass org/jetbrains/kotlin/gradle/tasks/DefaultKotlinJavaToolchain$Companion
instanceKlass org/jetbrains/kotlin/gradle/tasks/DefaultKotlinJavaToolchain
instanceKlass org/jetbrains/kotlin/gradle/tasks/KotlinJavaToolchain
instanceKlass org/jetbrains/kotlin/gradle/plugin/internal/DefaultBasePluginConfiguration
instanceKlass org/jetbrains/kotlin/gradle/plugin/mpp/pm20/util/UtilsKt
instanceKlass org/jetbrains/kotlin/gradle/plugin/mpp/KotlinCompilationsKt
instanceKlass org/jetbrains/kotlin/gradle/plugin/KotlinJvmPlugin$Companion
instanceKlass org/jetbrains/kotlin/gradle/plugin/AbstractKotlinPlugin$Companion
instanceKlass org/jetbrains/kotlin/gradle/plugin/AbstractKotlinPlugin
instanceKlass org/jetbrains/kotlin/gradle/plugin/KotlinTargetHierarchy$SourceSetTree$Companion
instanceKlass org/jetbrains/kotlin/gradle/plugin/KotlinTargetHierarchy$SourceSetTree
instanceKlass org/jetbrains/kotlin/gradle/plugin/mpp/KotlinAndroidTargetVariantDslImpl
instanceKlass org/jetbrains/kotlin/gradle/plugin/mpp/DecoratedKotlinCompilation
instanceKlass org/jetbrains/kotlin/gradle/plugin/mpp/InternalKotlinCompilation
instanceKlass org/jetbrains/kotlin/gradle/plugin/KotlinCompilationToRunnableFiles
instanceKlass org/jetbrains/kotlin/tooling/core/MutableExtrasImpl$Companion
instanceKlass org/jetbrains/kotlin/tooling/core/AbstractExtras
instanceKlass org/jetbrains/kotlin/tooling/core/ExtrasUtilsKt
instanceKlass org/jetbrains/kotlin/gradle/InternalKotlinGradlePluginApi
instanceKlass org/jetbrains/kotlin/gradle/plugin/mpp/HierarchyAttributeContainer
instanceKlass org/jetbrains/kotlin/tooling/core/MutableExtras
instanceKlass org/jetbrains/kotlin/tooling/core/Extras
instanceKlass org/gradle/api/publish/maven/MavenPublication
instanceKlass org/gradle/api/publish/Publication
instanceKlass org/jetbrains/kotlin/gradle/plugin/mpp/KotlinVariant
instanceKlass org/gradle/api/internal/component/SoftwareComponentInternal
instanceKlass org/jetbrains/kotlin/gradle/plugin/mpp/KotlinTargetComponentWithPublication
instanceKlass org/jetbrains/kotlin/gradle/plugin/KotlinTargetComponent
instanceKlass org/jetbrains/kotlin/gradle/plugin/mpp/DefaultKotlinUsageContext
instanceKlass org/jetbrains/kotlin/gradle/plugin/mpp/KotlinUsageContext
instanceKlass org/gradle/api/internal/component/UsageContext
instanceKlass org/gradle/api/component/SoftwareComponentVariant
instanceKlass org/jetbrains/kotlin/gradle/plugin/KotlinTargetPreset
instanceKlass org/jetbrains/kotlin/gradle/plugin/KotlinCompilation
instanceKlass org/jetbrains/kotlin/gradle/plugin/AndroidProjectHandler
instanceKlass org/jetbrains/kotlin/gradle/plugin/mpp/KotlinAndroidTargetVariantDsl
instanceKlass org/jetbrains/kotlin/gradle/plugin/KotlinAndroidPlugin$sam$org_gradle_api_Action$0
instanceKlass org/jetbrains/kotlin/gradle/utils/AndroidPluginIdsKt
instanceKlass kotlin/jvm/internal/Ref$BooleanRef
instanceKlass org/jetbrains/kotlin/gradle/targets/native/internal/CInteropLibraryElementsCompatibilityRule
instanceKlass org/jetbrains/kotlin/gradle/targets/native/internal/CInteropConfigurationsKt$sam$org_gradle_api_Action$0
instanceKlass org/jetbrains/kotlin/gradle/targets/native/internal/CInteropKlibLibraryElements
instanceKlass org/jetbrains/kotlin/gradle/plugin/ProjectLocalConfigurations$ProjectLocalDisambiguation
instanceKlass org/jetbrains/kotlin/gradle/plugin/ProjectLocalConfigurations$ProjectLocalCompatibility
instanceKlass org/jetbrains/kotlin/gradle/plugin/ProjectLocalConfigurationsKt$sam$org_gradle_api_Action$0
instanceKlass org/jetbrains/kotlin/gradle/plugin/ProjectLocalConfigurations
instanceKlass org/jetbrains/kotlin/gradle/targets/js/KotlinJsCompilerAttribute$Companion
instanceKlass org/jetbrains/kotlin/gradle/plugin/mpp/KotlinUsages$KotlinMetadataDisambiguation
instanceKlass org/jetbrains/kotlin/gradle/plugin/mpp/KotlinUsages$KotlinMetadataCompatibility
instanceKlass org/jetbrains/kotlin/gradle/plugin/mpp/KotlinUsages$KotlinCinteropDisambiguation
instanceKlass org/jetbrains/kotlin/gradle/plugin/mpp/KotlinUsages$KotlinCinteropCompatibility
instanceKlass org/jetbrains/kotlin/gradle/plugin/mpp/KotlinUsages$KotlinUsagesDisambiguation
instanceKlass org/jetbrains/kotlin/gradle/plugin/mpp/KotlinUsages$KotlinJavaRuntimeJarsCompatibility
instanceKlass org/jetbrains/kotlin/gradle/plugin/mpp/KotlinUsages$sam$org_gradle_api_Action$0
instanceKlass org/jetbrains/kotlin/gradle/plugin/mpp/KotlinUsages
instanceKlass org/jetbrains/kotlin/gradle/plugin/KotlinPlatformType$DisambiguationRule
instanceKlass org/jetbrains/kotlin/gradle/plugin/KotlinPlatformType$CompatibilityRule
instanceKlass org/jetbrains/kotlin/gradle/plugin/KotlinPlatformType$Companion
instanceKlass org/jetbrains/kotlin/gradle/utils/CompletableFuture
instanceKlass org/jetbrains/kotlin/tooling/core/ExtrasPropertyKt$extrasLazyProperty$1
instanceKlass org/jetbrains/kotlin/tooling/core/ExtrasLazyProperty
instanceKlass org/jetbrains/kotlin/tooling/core/ExtrasProperty
instanceKlass org/jetbrains/kotlin/tooling/core/ExtrasPropertyKt
instanceKlass org/jetbrains/kotlin/tooling/core/TypeUtils$WhenMappings
instanceKlass kotlin/reflect/jvm/internal/KTypeImpl$arguments$2$WhenMappings
instanceKlass org/jetbrains/kotlin/tooling/core/TypeUtils
instanceKlass kotlin/reflect/jvm/internal/impl/resolve/calls/inference/CapturedTypeConstructorKt
instanceKlass kotlin/reflect/jvm/internal/impl/resolve/scopes/SubstitutingScope
instanceKlass kotlin/reflect/jvm/internal/impl/types/TypeSubstitutor
instanceKlass kotlin/reflect/jvm/internal/impl/descriptors/impl/ModuleAwareClassDescriptorKt
instanceKlass kotlin/reflect/jvm/internal/impl/types/TypeConstructorSubstitution$Companion
instanceKlass kotlin/reflect/jvm/internal/impl/types/TypeSubstitution$Companion
instanceKlass kotlin/reflect/jvm/internal/impl/types/TypeSubstitution
instanceKlass kotlin/reflect/jvm/internal/impl/types/TypeProjectionBase
instanceKlass kotlin/reflect/full/KClassifiers$WhenMappings
instanceKlass kotlin/reflect/jvm/internal/impl/serialization/deserialization/descriptors/DeserializedAnnotations
instanceKlass kotlin/reflect/jvm/internal/impl/descriptors/impl/AbstractTypeParameterDescriptor$2
instanceKlass kotlin/reflect/jvm/internal/impl/descriptors/impl/AbstractTypeParameterDescriptor$1
instanceKlass kotlin/reflect/jvm/internal/impl/metadata/jvm/deserialization/JvmNameResolverBase$WhenMappings
instanceKlass kotlin/reflect/jvm/internal/impl/metadata/ProtoBuf$VersionRequirement$VersionKind$1
instanceKlass kotlin/reflect/jvm/internal/impl/metadata/ProtoBuf$VersionRequirement$Level$1
instanceKlass kotlin/reflect/jvm/internal/impl/metadata/ProtoBuf$VersionRequirementOrBuilder
instanceKlass kotlin/reflect/jvm/internal/impl/metadata/jvm/deserialization/JvmNameResolverKt
instanceKlass kotlin/reflect/jvm/internal/impl/metadata/jvm/JvmProtoBuf$StringTableTypes$Record$Operation$1
instanceKlass kotlin/reflect/jvm/internal/impl/metadata/jvm/JvmProtoBuf$StringTableTypes$RecordOrBuilder
instanceKlass kotlin/reflect/jvm/internal/impl/metadata/jvm/JvmProtoBuf$StringTableTypesOrBuilder
instanceKlass kotlin/collections/IndexedValue
instanceKlass kotlin/collections/IndexingIterator
instanceKlass kotlin/collections/IndexingIterable
instanceKlass kotlin/reflect/jvm/internal/impl/metadata/jvm/deserialization/JvmNameResolverBase$Companion
instanceKlass kotlin/reflect/jvm/internal/impl/metadata/jvm/deserialization/JvmNameResolverBase
instanceKlass kotlin/reflect/jvm/internal/impl/metadata/jvm/deserialization/UtfEncodingKt
instanceKlass kotlin/reflect/jvm/internal/impl/metadata/jvm/deserialization/BitEncoding
instanceKlass kotlin/reflect/jvm/internal/impl/load/kotlin/KotlinClassFinder$Result
instanceKlass kotlin/reflect/jvm/internal/impl/load/kotlin/header/KotlinClassHeader
instanceKlass kotlin/reflect/jvm/internal/impl/load/kotlin/header/ReadKotlinClassHeaderAnnotationVisitor$CollectStringArrayAnnotationVisitor
instanceKlass kotlin/reflect/jvm/internal/impl/descriptors/runtime/components/ReflectKotlinClassKt
instanceKlass kotlin/reflect/jvm/internal/impl/load/kotlin/KotlinJvmBinaryClass$AnnotationArrayArgumentVisitor
instanceKlass kotlin/reflect/jvm/internal/impl/load/kotlin/header/ReadKotlinClassHeaderAnnotationVisitor$KotlinMetadataArgumentVisitor
instanceKlass java/lang/Override
instanceKlass kotlin/reflect/jvm/internal/impl/resolve/jvm/JvmClassName
instanceKlass kotlin/reflect/jvm/internal/impl/load/java/JvmAnnotationNames
instanceKlass kotlin/reflect/jvm/internal/impl/descriptors/runtime/components/ReflectAnnotationSource
instanceKlass kotlin/reflect/jvm/internal/impl/descriptors/runtime/components/ReflectClassStructure
instanceKlass kotlin/reflect/jvm/internal/impl/load/kotlin/KotlinJvmBinaryClass$AnnotationArgumentVisitor
instanceKlass kotlin/reflect/jvm/internal/impl/load/kotlin/header/ReadKotlinClassHeaderAnnotationVisitor
instanceKlass kotlin/reflect/jvm/internal/impl/load/kotlin/KotlinJvmBinaryClass$AnnotationVisitor
instanceKlass kotlin/reflect/jvm/internal/impl/descriptors/runtime/components/ReflectKotlinClass$Factory
instanceKlass kotlin/reflect/jvm/internal/impl/descriptors/runtime/components/ReflectKotlinClass
instanceKlass kotlin/reflect/jvm/internal/impl/load/kotlin/KotlinJvmBinaryClass
instanceKlass kotlin/reflect/jvm/internal/impl/types/IntersectionTypeConstructor
instanceKlass kotlin/reflect/jvm/internal/impl/types/model/IntersectionTypeConstructorMarker
instanceKlass kotlin/reflect/jvm/internal/impl/types/checker/NewTypeVariableConstructor
instanceKlass kotlin/reflect/jvm/internal/impl/descriptors/TypeParameterDescriptor
instanceKlass kotlin/reflect/jvm/internal/impl/types/model/TypeParameterMarker
instanceKlass kotlin/reflect/jvm/internal/impl/types/model/DefinitelyNotNullTypeMarker
instanceKlass kotlin/reflect/jvm/internal/impl/types/CustomTypeParameter
instanceKlass kotlin/reflect/jvm/internal/impl/types/SpecialTypesKt
instanceKlass kotlin/reflect/jvm/internal/impl/types/FlexibleTypesKt
instanceKlass kotlin/reflect/jvm/internal/impl/descriptors/runtime/components/RuntimeSourceElementFactory$RuntimeSourceElement
instanceKlass kotlin/reflect/jvm/internal/impl/load/java/sources/JavaSourceElement
instanceKlass kotlin/reflect/jvm/internal/impl/load/kotlin/KotlinJvmBinarySourceElement
instanceKlass kotlin/reflect/jvm/internal/impl/serialization/deserialization/descriptors/DeserializedContainerSource
instanceKlass kotlin/reflect/jvm/internal/UtilKt
instanceKlass kotlin/reflect/jvm/internal/impl/types/model/FlexibleTypeMarker
instanceKlass kotlin/reflect/jvm/internal/impl/types/KotlinTypeKt
instanceKlass kotlin/reflect/jvm/internal/KTypeImpl
instanceKlass kotlin/jvm/internal/KTypeBase
instanceKlass kotlin/reflect/jvm/internal/impl/descriptors/TypeParameterUtilsKt
instanceKlass java/util/ArrayList$SubList$1
instanceKlass kotlin/reflect/jvm/internal/impl/serialization/deserialization/ProtoContainer
instanceKlass kotlin/reflect/jvm/internal/impl/descriptors/ScopesHolderForClass$Companion
instanceKlass kotlin/reflect/jvm/internal/impl/descriptors/ScopesHolderForClass
instanceKlass kotlin/reflect/jvm/internal/impl/metadata/deserialization/VersionSpecificBehaviorKt
instanceKlass kotlin/reflect/jvm/internal/impl/serialization/deserialization/ProtoEnumFlagsUtilsKt$WhenMappings
instanceKlass kotlin/reflect/jvm/internal/impl/serialization/deserialization/ProtoEnumFlagsUtilsKt
instanceKlass kotlin/reflect/jvm/internal/impl/serialization/deserialization/ProtoEnumFlags$WhenMappings
instanceKlass kotlin/reflect/jvm/internal/impl/metadata/ProtoBuf$MemberKind$1
instanceKlass kotlin/reflect/jvm/internal/impl/metadata/ProtoBuf$Class$Kind$1
instanceKlass kotlin/reflect/jvm/internal/impl/metadata/ProtoBuf$Modality$1
instanceKlass kotlin/reflect/jvm/internal/impl/metadata/ProtoBuf$Visibility$1
instanceKlass kotlin/reflect/jvm/internal/impl/metadata/deserialization/Flags$FlagField
instanceKlass kotlin/reflect/jvm/internal/impl/metadata/deserialization/Flags
instanceKlass kotlin/reflect/jvm/internal/impl/serialization/deserialization/ProtoEnumFlags
instanceKlass kotlin/reflect/jvm/internal/impl/descriptors/DeserializedDescriptor
instanceKlass kotlin/reflect/jvm/internal/impl/serialization/deserialization/ClassData
instanceKlass kotlin/reflect/jvm/internal/impl/serialization/deserialization/ClassDeserializer$ClassKey
instanceKlass kotlin/reflect/jvm/internal/impl/util/collectionUtils/ScopeUtilsKt
instanceKlass kotlin/reflect/jvm/internal/impl/load/java/JavaClassFinder$Request
instanceKlass kotlin/reflect/jvm/internal/impl/load/java/lazy/descriptors/LazyJavaPackageScope$KotlinClassLookupResult
instanceKlass kotlin/reflect/jvm/internal/impl/descriptors/runtime/components/ReflectJavaClassFinderKt
instanceKlass kotlin/reflect/jvm/internal/impl/descriptors/runtime/components/ReflectKotlinClassFinderKt
instanceKlass kotlin/reflect/jvm/internal/impl/load/java/lazy/descriptors/LazyJavaPackageScope$FindClassRequest
instanceKlass kotlin/reflect/jvm/internal/impl/incremental/UtilsKt
instanceKlass kotlin/reflect/jvm/internal/impl/resolve/scopes/ChainedMemberScope$Companion
instanceKlass kotlin/reflect/jvm/internal/impl/resolve/scopes/ChainedMemberScope
instanceKlass kotlin/reflect/jvm/internal/impl/protobuf/SmallSortedMap$EntryIterator
instanceKlass kotlin/reflect/jvm/internal/impl/protobuf/GeneratedMessageLite$ExtendableMessage$ExtensionWriter
instanceKlass kotlin/reflect/jvm/internal/impl/serialization/deserialization/descriptors/DeserializedMemberScope$OptimizedImplementation
instanceKlass kotlin/reflect/jvm/internal/impl/serialization/deserialization/descriptors/DeserializedMemberScope$Implementation
instanceKlass kotlin/reflect/jvm/internal/impl/serialization/deserialization/MemberDeserializer
instanceKlass kotlin/reflect/jvm/internal/impl/serialization/deserialization/TypeDeserializer
instanceKlass kotlin/reflect/jvm/internal/impl/serialization/deserialization/DeserializationContext
instanceKlass kotlin/reflect/jvm/internal/impl/metadata/deserialization/VersionRequirementTable$Companion
instanceKlass kotlin/reflect/jvm/internal/impl/metadata/deserialization/VersionRequirementTable
instanceKlass kotlin/reflect/jvm/internal/impl/metadata/deserialization/TypeTable
instanceKlass kotlin/Triple
instanceKlass kotlin/reflect/jvm/internal/impl/metadata/deserialization/NameResolverImpl$WhenMappings
instanceKlass kotlin/reflect/jvm/internal/impl/protobuf/Utf8
instanceKlass kotlin/reflect/jvm/internal/impl/serialization/deserialization/NameResolverUtilKt
instanceKlass kotlin/reflect/jvm/internal/impl/serialization/deserialization/ProtoBasedClassDataFinder
instanceKlass kotlin/reflect/jvm/internal/impl/metadata/deserialization/NameResolverImpl
instanceKlass kotlin/reflect/jvm/internal/impl/metadata/deserialization/NameResolver
instanceKlass kotlin/reflect/jvm/internal/impl/metadata/ProtoBuf$Type$Argument$Projection$1
instanceKlass kotlin/reflect/jvm/internal/impl/metadata/ProtoBuf$Type$ArgumentOrBuilder
instanceKlass kotlin/reflect/jvm/internal/impl/metadata/ProtoBuf$Annotation$ArgumentOrBuilder
instanceKlass kotlin/reflect/jvm/internal/impl/protobuf/SmallSortedMap$Entry
instanceKlass kotlin/reflect/jvm/internal/impl/protobuf/FieldSet$1
instanceKlass kotlin/reflect/jvm/internal/impl/protobuf/AbstractMessageLite$Builder
instanceKlass kotlin/reflect/jvm/internal/impl/protobuf/GeneratedMessageLite$1
instanceKlass kotlin/reflect/jvm/internal/impl/metadata/ProtoBuf$QualifiedNameTable$QualifiedName$Kind$1
instanceKlass kotlin/reflect/jvm/internal/impl/metadata/ProtoBuf$QualifiedNameTable$QualifiedNameOrBuilder
instanceKlass kotlin/reflect/jvm/internal/impl/protobuf/WireFormat
instanceKlass kotlin/reflect/jvm/internal/impl/protobuf/CodedOutputStream
instanceKlass kotlin/reflect/jvm/internal/impl/protobuf/CodedInputStream
instanceKlass kotlin/reflect/jvm/internal/impl/metadata/ProtoBuf$QualifiedNameTableOrBuilder
instanceKlass kotlin/reflect/jvm/internal/impl/protobuf/LazyStringList
instanceKlass kotlin/reflect/jvm/internal/impl/protobuf/ProtocolStringList
instanceKlass kotlin/reflect/jvm/internal/impl/metadata/ProtoBuf$StringTableOrBuilder
instanceKlass kotlin/reflect/jvm/internal/impl/metadata/ProtoBuf$PackageFragmentOrBuilder
instanceKlass kotlin/collections/IntIterator
instanceKlass kotlin/reflect/jvm/internal/impl/metadata/builtins/BuiltInsBinaryVersion$Companion
instanceKlass kotlin/reflect/jvm/internal/impl/metadata/builtins/ReadPackageFragmentKt
instanceKlass kotlin/reflect/jvm/internal/impl/serialization/deserialization/builtins/BuiltInsPackageFragmentImpl$Companion
instanceKlass kotlin/reflect/jvm/internal/impl/builtins/BuiltInsPackageFragment
instanceKlass kotlin/reflect/jvm/internal/impl/load/java/lazy/LazyJavaAnnotations
instanceKlass kotlin/reflect/jvm/internal/impl/load/java/lazy/LazyJavaAnnotationsKt
instanceKlass kotlin/reflect/jvm/internal/impl/load/java/lazy/descriptors/JvmPackageScope
instanceKlass kotlin/reflect/jvm/internal/impl/utils/DeserializationHelpersKt
instanceKlass kotlin/reflect/jvm/internal/impl/load/java/lazy/ContextKt
instanceKlass kotlin/reflect/jvm/internal/impl/storage/LockBasedStorageManager$KeyWithComputation
instanceKlass kotlin/reflect/jvm/internal/impl/descriptors/runtime/structure/ReflectJavaElement
instanceKlass kotlin/reflect/jvm/internal/impl/load/java/structure/JavaPackage
instanceKlass kotlin/reflect/jvm/internal/impl/load/java/structure/JavaAnnotationOwner
instanceKlass kotlin/reflect/jvm/internal/impl/load/java/structure/JavaElement
instanceKlass kotlin/reflect/jvm/internal/impl/load/java/JavaClassFinder$$Util
instanceKlass kotlin/reflect/jvm/internal/impl/descriptors/PackageFragmentProviderKt
instanceKlass kotlin/reflect/jvm/internal/impl/resolve/scopes/AbstractScopeAdapter
instanceKlass kotlin/reflect/jvm/internal/impl/resolve/ResolutionAnchorProviderKt
instanceKlass kotlin/reflect/jvm/internal/impl/descriptors/FindClassInModuleKt
instanceKlass kotlin/reflect/jvm/internal/impl/descriptors/runtime/components/PackagePartScopeCache
instanceKlass kotlin/reflect/jvm/internal/impl/load/kotlin/DeserializationComponentsForJava$Companion$ModuleData
instanceKlass kotlin/reflect/jvm/internal/impl/descriptors/impl/CompositePackageFragmentProvider
instanceKlass kotlin/reflect/jvm/internal/impl/descriptors/impl/ModuleDependenciesImpl
instanceKlass kotlin/reflect/jvm/internal/impl/descriptors/impl/ModuleDependencies
instanceKlass kotlin/reflect/jvm/internal/impl/builtins/jvm/JvmBuiltInClassDescriptorFactory$Companion
instanceKlass kotlin/reflect/jvm/internal/impl/builtins/jvm/JvmBuiltInClassDescriptorFactory
instanceKlass kotlin/reflect/jvm/internal/impl/builtins/functions/BuiltInFictitiousFunctionClassFactory
instanceKlass kotlin/reflect/jvm/internal/impl/descriptors/deserialization/ClassDescriptorFactory
instanceKlass kotlin/reflect/jvm/internal/impl/serialization/deserialization/FlexibleTypeDeserializer$ThrowException
instanceKlass kotlin/reflect/jvm/internal/impl/serialization/deserialization/ErrorReporter$1
instanceKlass kotlin/reflect/jvm/internal/impl/metadata/ProtoBuf$EnumEntryOrBuilder
instanceKlass kotlin/reflect/jvm/internal/impl/metadata/ProtoBuf$Annotation$Argument$Value$Type$1
instanceKlass kotlin/reflect/jvm/internal/impl/metadata/ProtoBuf$Annotation$Argument$ValueOrBuilder
instanceKlass kotlin/reflect/jvm/internal/impl/metadata/builtins/BuiltInsProtoBuf
instanceKlass kotlin/reflect/jvm/internal/impl/serialization/SerializerExtensionProtocol
instanceKlass kotlin/reflect/jvm/internal/impl/serialization/deserialization/AnnotationAndConstantLoaderImpl
instanceKlass kotlin/reflect/jvm/internal/impl/serialization/deserialization/DeserializedClassDataFinder
instanceKlass kotlin/reflect/jvm/internal/impl/builtins/jvm/JvmBuiltInsPackageFragmentProvider$Companion
instanceKlass kotlin/reflect/jvm/internal/impl/serialization/deserialization/AbstractDeserializedPackageFragmentProvider
instanceKlass kotlin/reflect/jvm/internal/impl/resolve/jvm/JavaDescriptorResolver
instanceKlass kotlin/reflect/jvm/internal/impl/serialization/deserialization/ClassDeserializer$Companion
instanceKlass kotlin/reflect/jvm/internal/impl/serialization/deserialization/ClassDeserializer
instanceKlass kotlin/reflect/jvm/internal/impl/descriptors/deserialization/PlatformDependentTypeTransformer$None
instanceKlass kotlin/reflect/jvm/internal/impl/descriptors/deserialization/PlatformDependentTypeTransformer
instanceKlass kotlin/reflect/jvm/internal/impl/serialization/deserialization/JvmEnumEntriesDeserializationSupport
instanceKlass kotlin/reflect/jvm/internal/impl/serialization/deserialization/EnumEntriesDeserializationSupport
instanceKlass kotlin/reflect/jvm/internal/impl/protobuf/ExtensionRegistryLite$ObjectIntPair
instanceKlass kotlin/reflect/jvm/internal/impl/metadata/ProtoBuf$PackageOrBuilder
instanceKlass kotlin/reflect/jvm/internal/impl/metadata/ProtoBuf$VersionRequirementTableOrBuilder
instanceKlass kotlin/reflect/jvm/internal/impl/metadata/ProtoBuf$ClassOrBuilder
instanceKlass kotlin/reflect/jvm/internal/impl/metadata/ProtoBuf$TypeParameter$Variance$1
instanceKlass kotlin/reflect/jvm/internal/impl/protobuf/Internal$EnumLiteMap
instanceKlass kotlin/reflect/jvm/internal/impl/metadata/ProtoBuf$TypeParameterOrBuilder
instanceKlass kotlin/reflect/jvm/internal/impl/metadata/ProtoBuf$AnnotationOrBuilder
instanceKlass kotlin/reflect/jvm/internal/impl/metadata/jvm/JvmProtoBuf$JvmFieldSignatureOrBuilder
instanceKlass kotlin/reflect/jvm/internal/impl/metadata/jvm/JvmProtoBuf$JvmPropertySignatureOrBuilder
instanceKlass kotlin/reflect/jvm/internal/impl/metadata/ProtoBuf$ValueParameterOrBuilder
instanceKlass kotlin/reflect/jvm/internal/impl/metadata/ProtoBuf$PropertyOrBuilder
instanceKlass kotlin/reflect/jvm/internal/impl/metadata/ProtoBuf$ContractOrBuilder
instanceKlass kotlin/reflect/jvm/internal/impl/metadata/ProtoBuf$TypeTableOrBuilder
instanceKlass kotlin/reflect/jvm/internal/impl/metadata/ProtoBuf$TypeOrBuilder
instanceKlass kotlin/reflect/jvm/internal/impl/metadata/ProtoBuf$FunctionOrBuilder
instanceKlass kotlin/reflect/jvm/internal/impl/protobuf/Internal$EnumLite
instanceKlass kotlin/reflect/jvm/internal/impl/protobuf/GeneratedMessageLite$ExtensionDescriptor
instanceKlass kotlin/reflect/jvm/internal/impl/protobuf/GeneratedMessageLite$GeneratedExtension
instanceKlass kotlin/reflect/jvm/internal/impl/metadata/jvm/JvmProtoBuf$JvmMethodSignatureOrBuilder
instanceKlass kotlin/reflect/jvm/internal/impl/protobuf/ByteString$ByteIterator
instanceKlass kotlin/reflect/jvm/internal/impl/protobuf/ByteString
instanceKlass kotlin/reflect/jvm/internal/impl/protobuf/SmallSortedMap$EmptySet$2
instanceKlass kotlin/reflect/jvm/internal/impl/protobuf/SmallSortedMap$EmptySet$1
instanceKlass kotlin/reflect/jvm/internal/impl/protobuf/SmallSortedMap$EmptySet
instanceKlass kotlin/reflect/jvm/internal/impl/protobuf/LazyFieldLite
instanceKlass kotlin/reflect/jvm/internal/impl/protobuf/FieldSet
instanceKlass kotlin/reflect/jvm/internal/impl/protobuf/AbstractParser
instanceKlass kotlin/reflect/jvm/internal/impl/protobuf/MessageLite$Builder
instanceKlass kotlin/reflect/jvm/internal/impl/protobuf/Parser
instanceKlass kotlin/reflect/jvm/internal/impl/protobuf/FieldSet$FieldDescriptorLite
instanceKlass kotlin/reflect/jvm/internal/impl/protobuf/AbstractMessageLite
instanceKlass kotlin/reflect/jvm/internal/impl/metadata/ProtoBuf$ConstructorOrBuilder
instanceKlass kotlin/reflect/jvm/internal/impl/protobuf/GeneratedMessageLite$ExtendableMessageOrBuilder
instanceKlass kotlin/reflect/jvm/internal/impl/protobuf/MessageLite
instanceKlass kotlin/reflect/jvm/internal/impl/protobuf/MessageLiteOrBuilder
instanceKlass kotlin/reflect/jvm/internal/impl/metadata/jvm/JvmProtoBuf
instanceKlass kotlin/reflect/jvm/internal/impl/protobuf/ExtensionRegistryLite
instanceKlass kotlin/reflect/jvm/internal/impl/metadata/jvm/deserialization/JvmProtoBufUtil
instanceKlass kotlin/reflect/jvm/internal/impl/utils/WrappedValues$ThrowableWrapper
instanceKlass kotlin/reflect/jvm/internal/impl/types/KotlinTypeFactory
instanceKlass kotlin/reflect/jvm/internal/impl/util/ArrayMap
instanceKlass kotlin/reflect/jvm/internal/impl/util/TypeRegistry
instanceKlass kotlin/reflect/jvm/internal/impl/util/AbstractArrayMapOwner
instanceKlass kotlin/reflect/jvm/internal/impl/descriptors/FieldDescriptor
instanceKlass kotlin/reflect/jvm/internal/impl/descriptors/PropertySetterDescriptor
instanceKlass kotlin/reflect/jvm/internal/impl/descriptors/PropertyGetterDescriptor
instanceKlass kotlin/reflect/jvm/internal/impl/types/error/ErrorPropertyDescriptor
instanceKlass kotlin/reflect/jvm/internal/impl/descriptors/PropertyDescriptor
instanceKlass kotlin/reflect/jvm/internal/impl/descriptors/VariableDescriptorWithAccessors
instanceKlass kotlin/reflect/jvm/internal/impl/descriptors/VariableDescriptor
instanceKlass kotlin/jvm/internal/StringCompanionObject
instanceKlass kotlin/reflect/jvm/internal/impl/types/error/ErrorTypeConstructor
instanceKlass kotlin/reflect/jvm/internal/impl/types/error/ErrorScope
instanceKlass kotlin/reflect/jvm/internal/impl/util/ModuleVisibilityHelper$EMPTY
instanceKlass kotlin/reflect/jvm/internal/impl/descriptors/DescriptorVisibilities$12
instanceKlass kotlin/reflect/jvm/internal/impl/descriptors/DescriptorVisibilities$11
instanceKlass kotlin/reflect/jvm/internal/impl/descriptors/DescriptorVisibilities$10
instanceKlass kotlin/reflect/jvm/internal/impl/util/ModuleVisibilityHelper
instanceKlass kotlin/reflect/jvm/internal/impl/descriptors/DescriptorVisibility
instanceKlass kotlin/reflect/jvm/internal/impl/descriptors/Visibility
instanceKlass kotlin/reflect/jvm/internal/impl/descriptors/DescriptorVisibilities
instanceKlass kotlin/reflect/jvm/internal/impl/resolve/scopes/receivers/ReceiverValue
instanceKlass kotlin/reflect/jvm/internal/impl/descriptors/FunctionDescriptor$CopyBuilder
instanceKlass kotlin/reflect/jvm/internal/impl/descriptors/ClassConstructorDescriptor
instanceKlass kotlin/reflect/jvm/internal/impl/descriptors/ConstructorDescriptor
instanceKlass kotlin/reflect/jvm/internal/impl/types/error/ErrorModuleDescriptor
instanceKlass kotlin/reflect/jvm/internal/impl/types/error/ErrorUtils
instanceKlass kotlin/reflect/jvm/internal/impl/types/TypeProjection
instanceKlass kotlin/reflect/jvm/internal/impl/types/model/TypeArgumentMarker
instanceKlass kotlin/reflect/jvm/internal/impl/types/TypeUtils
instanceKlass kotlin/reflect/jvm/internal/impl/descriptors/impl/AbstractClassDescriptor$1$1
instanceKlass kotlin/reflect/jvm/internal/impl/types/checker/KotlinTypeRefinerKt
instanceKlass kotlin/reflect/jvm/internal/impl/resolve/descriptorUtil/DescriptorUtilsKt
instanceKlass kotlin/reflect/jvm/internal/impl/resolve/DescriptorUtils
instanceKlass kotlin/reflect/jvm/internal/impl/resolve/scopes/MemberScopeImpl
instanceKlass kotlin/reflect/jvm/internal/impl/types/ClassifierBasedTypeConstructor
instanceKlass kotlin/reflect/jvm/internal/impl/descriptors/ReceiverParameterDescriptor
instanceKlass kotlin/reflect/jvm/internal/impl/descriptors/ParameterDescriptor
instanceKlass kotlin/reflect/jvm/internal/impl/descriptors/ValueDescriptor
instanceKlass kotlin/reflect/jvm/internal/impl/descriptors/impl/AbstractClassDescriptor$3
instanceKlass kotlin/reflect/jvm/internal/impl/descriptors/impl/AbstractClassDescriptor$2
instanceKlass kotlin/reflect/jvm/internal/impl/descriptors/impl/AbstractClassDescriptor$1
instanceKlass kotlin/reflect/jvm/internal/impl/descriptors/Modality$Companion
instanceKlass kotlin/reflect/jvm/internal/impl/descriptors/impl/ModuleAwareClassDescriptor$Companion
instanceKlass kotlin/reflect/jvm/internal/impl/types/TypeConstructor
instanceKlass kotlin/reflect/jvm/internal/impl/types/model/TypeConstructorMarker
instanceKlass kotlin/reflect/jvm/internal/impl/resolve/scopes/MemberScope
instanceKlass kotlin/reflect/jvm/internal/impl/resolve/scopes/ResolutionScope
instanceKlass kotlin/reflect/jvm/internal/impl/descriptors/impl/ModuleAwareClassDescriptor
instanceKlass kotlin/reflect/jvm/internal/impl/descriptors/ClassDescriptor
instanceKlass kotlin/reflect/jvm/internal/impl/descriptors/ClassifierDescriptorWithTypeParameters
instanceKlass kotlin/reflect/jvm/internal/impl/descriptors/PackageViewDescriptor
instanceKlass kotlin/reflect/jvm/internal/impl/renderer/KeywordStringsGenerated
instanceKlass kotlin/reflect/jvm/internal/impl/renderer/RenderingUtilsKt
instanceKlass kotlin/reflect/jvm/internal/impl/descriptors/ModuleDescriptor$DefaultImpls
instanceKlass kotlin/reflect/jvm/internal/impl/renderer/DescriptorRendererImpl$RenderDeclarationDescriptorVisitor
instanceKlass kotlin/reflect/jvm/internal/impl/descriptors/DeclarationDescriptorVisitor
instanceKlass kotlin/reflect/jvm/internal/impl/renderer/ClassifierNamePolicy$FULLY_QUALIFIED
instanceKlass kotlin/reflect/jvm/internal/impl/renderer/ClassifierNamePolicy$SHORT
instanceKlass kotlin/reflect/jvm/internal/impl/renderer/ExcludedTypeAnnotations
instanceKlass kotlin/reflect/jvm/internal/impl/renderer/DescriptorRenderer$ValueParametersHandler$DEFAULT
instanceKlass kotlin/reflect/jvm/internal/impl/renderer/DescriptorRenderer$ValueParametersHandler
instanceKlass kotlin/reflect/jvm/internal/impl/renderer/DescriptorRendererModifier$Companion
instanceKlass kotlin/properties/ObservableProperty
instanceKlass kotlin/properties/ReadWriteProperty
instanceKlass kotlin/properties/ReadOnlyProperty
instanceKlass kotlin/properties/Delegates
instanceKlass kotlin/reflect/jvm/internal/impl/renderer/ClassifierNamePolicy$SOURCE_CODE_QUALIFIED
instanceKlass kotlin/reflect/jvm/internal/impl/renderer/ClassifierNamePolicy
instanceKlass kotlin/reflect/jvm/internal/impl/renderer/DescriptorRendererOptionsImpl
instanceKlass kotlin/reflect/jvm/internal/impl/renderer/DescriptorRendererOptions
instanceKlass kotlin/reflect/jvm/internal/impl/renderer/DescriptorRenderer$Companion
instanceKlass kotlin/reflect/jvm/internal/impl/renderer/DescriptorRenderer
instanceKlass kotlin/reflect/jvm/internal/impl/descriptors/SourceElement$1
instanceKlass kotlin/reflect/jvm/internal/impl/descriptors/SourceElement
instanceKlass kotlin/reflect/jvm/internal/impl/descriptors/PackageFragmentDescriptor
instanceKlass kotlin/reflect/jvm/internal/impl/descriptors/ClassOrPackageFragmentDescriptor
instanceKlass kotlin/reflect/jvm/internal/impl/builtins/jvm/JavaToKotlinClassMapper
instanceKlass kotlin/reflect/jvm/internal/impl/utils/DFS$Neighbors
instanceKlass kotlin/reflect/jvm/internal/impl/builtins/jvm/JvmBuiltInsCustomizer
instanceKlass kotlin/reflect/jvm/internal/impl/storage/StorageKt
instanceKlass kotlin/reflect/jvm/internal/impl/load/kotlin/JavaFlexibleTypeDeserializer
instanceKlass kotlin/reflect/jvm/internal/impl/serialization/deserialization/FlexibleTypeDeserializer
instanceKlass kotlin/reflect/jvm/internal/impl/serialization/deserialization/LocalClassifierTypeSettings$Default
instanceKlass kotlin/reflect/jvm/internal/impl/serialization/deserialization/LocalClassifierTypeSettings
instanceKlass kotlin/reflect/jvm/internal/impl/serialization/deserialization/DeserializationComponents
instanceKlass kotlin/reflect/jvm/internal/impl/types/DefaultTypeAttributeTranslator
instanceKlass kotlin/reflect/jvm/internal/impl/types/TypeAttributeTranslator
instanceKlass kotlin/reflect/jvm/internal/impl/types/extensions/TypeAttributeTranslators
instanceKlass kotlin/reflect/jvm/internal/impl/serialization/deserialization/ContractDeserializer$Companion$DEFAULT$1
instanceKlass kotlin/reflect/jvm/internal/impl/serialization/deserialization/ContractDeserializer$Companion
instanceKlass kotlin/reflect/jvm/internal/impl/serialization/deserialization/ContractDeserializer
instanceKlass kotlin/reflect/jvm/internal/impl/serialization/deserialization/DeserializationConfiguration$Default
instanceKlass kotlin/reflect/jvm/internal/impl/serialization/deserialization/DeserializationConfiguration
instanceKlass kotlin/reflect/jvm/internal/impl/resolve/constants/ConstantValue
instanceKlass kotlin/reflect/jvm/internal/impl/serialization/deserialization/AnnotationDeserializer
instanceKlass kotlin/reflect/jvm/internal/impl/load/kotlin/AbstractBinaryClassAnnotationLoader
instanceKlass kotlin/reflect/jvm/internal/impl/serialization/deserialization/AnnotationAndConstantLoader
instanceKlass kotlin/reflect/jvm/internal/impl/serialization/deserialization/AnnotationLoader
instanceKlass kotlin/reflect/jvm/internal/impl/load/kotlin/BinaryClassAnnotationAndConstantLoaderImplKt
instanceKlass kotlin/reflect/jvm/internal/impl/load/kotlin/JavaClassDataFinder
instanceKlass kotlin/reflect/jvm/internal/impl/serialization/deserialization/ClassDataFinder
instanceKlass kotlin/reflect/jvm/internal/impl/types/TypeParameterErasureOptions
instanceKlass kotlin/reflect/jvm/internal/impl/types/TypeParameterUpperBoundEraser$Companion
instanceKlass kotlin/reflect/jvm/internal/impl/types/TypeParameterUpperBoundEraser
instanceKlass kotlin/reflect/jvm/internal/impl/types/ErasureProjectionComputer
instanceKlass kotlin/reflect/jvm/internal/impl/load/java/lazy/types/JavaTypeResolver
instanceKlass kotlin/InitializedLazyImpl
instanceKlass kotlin/reflect/jvm/internal/impl/load/java/lazy/TypeParameterResolver$EMPTY
instanceKlass kotlin/reflect/jvm/internal/impl/load/java/lazy/TypeParameterResolver
instanceKlass kotlin/reflect/jvm/internal/impl/load/java/lazy/LazyJavaResolverContext
instanceKlass kotlin/reflect/jvm/internal/impl/load/java/lazy/LazyJavaPackageFragmentProvider
instanceKlass kotlin/reflect/jvm/internal/impl/descriptors/PackageFragmentProviderOptimized
instanceKlass kotlin/reflect/jvm/internal/impl/descriptors/PackageFragmentProvider
instanceKlass kotlin/reflect/jvm/internal/impl/resolve/jvm/CompositeSyntheticJavaPartsProvider
instanceKlass kotlin/reflect/jvm/internal/impl/resolve/jvm/SyntheticJavaPartsProvider$Companion
